Rank,TeamId,TeamName,LastSubmissionDate,Score,SubmissionCount,TeamMemberUserNames
1,16718819,Majkel1337,"2026-09-13 23:03:27",3188.2,2,majkel1337
2,16730612,"Unknown Mother-Goose","2026-09-16 02:07:02",3169.5,2,linkinpony
3,16640510,SpaTaro,"2026-09-16 20:14:02",3128.8,2,tarosqrd2
4,16732403,ymg_aq,"2026-09-17 13:21:29",3077.2,2,ymgpalaqs
5,16621799,"Artem The Farmer 🍅","2026-09-17 22:19:28",3057.7,2,veshkinartem
6,16664246,"Sida Zuo","2026-09-15 22:42:16",3054.1,2,sidazuo
7,16732748,DSM,"2026-09-18 08:57:42",3053.7,2,"denden12,masspeaks,shimishige"
8,16675778,"Orbital Terraformer","2026-09-15 22:56:40",3050.2,2,tubotubo
9,16685950,"Planned Economy","2026-09-17 00:10:44",3032.8,2,alturutin
10,16817528,QQ,"2026-09-18 10:36:37",3031.0,2,william950615
11,16760569,"Otter Vibe","2026-09-18 11:02:38",3029.6,2,gyuminsong
12,16673205,"Arda Ceylan","2026-09-17 12:36:20",3026.8,2,ardacey
13,16671741,Excluding,"2026-09-18 05:56:05",3004.1,2,excluding
14,16758882,mtmr_s1,"2026-09-18 03:13:45",3001.8,2,mtmrs1
15,16739633,kwa,"2026-09-17 19:42:18",2992.2,2,ikaroskaggle
16,16748733,"Driz Lo","2026-09-18 10:05:37",2979.6,2,drizlo
17,16685556,binghua,"2026-09-17 15:39:53",2975.8,2,binghua123
18,16882725,Ebi,"2026-09-15 10:01:29",2969.9,2,ebinan92
19,16706222,"Xiangyu Liu","2026-09-15 09:31:18",2966.6,2,xiangyuliu007
20,16714457,"Crop Dustas","2026-09-14 17:07:02",2949.2,2,"peikopon,rishigottumukkala"
21,16805699,"feel the agi","2026-09-13 14:05:13",2944.7,2,nulldata
22,16730524,"THIRD FARM CLUB","2026-09-18 09:25:49",2943.6,2,"bowwowforeach,mooegi,shunrcn,simann"
23,16629685,mikelou1,"2026-09-18 02:00:56",2941.6,2,mikelou1
24,16637255,"leave you","2026-09-18 05:07:35",2941.5,2,superallen001
25,16863959,"Một hai ba bốn 5 sáu bảy tám 9","2026-09-18 08:53:11",2939.5,2,thangnm1
26,16767215,keiz,"2026-09-18 00:00:43",2939.3,2,keizkeiz
27,16760701,"Yannik Schiffner","2026-09-17 20:38:46",2938.9,2,yannikschiffner
28,16629972,"forever young","2026-09-18 06:00:19",2938.0,2,keisukeyokota0428
29,16693904,DeeperNet,"2026-09-16 12:52:21",2935.3,2,"deepernet,kkkggg,xblade"
30,16644724,"Kaggriculture Agent","2026-09-18 08:14:28",2934.1,2,"jiweiliu,tonylica,yiheng"
31,16641710,yjshyfy,"2026-09-17 15:48:21",2928.4,2,yjshyfy
32,16622330,"hiroshi murakami","2026-09-17 20:29:25",2919.4,2,zabojeb
33,16865335,"Hire me! 🤗 [Viktor Cikojevic]","2026-09-16 13:41:48",2919.2,2,viktorcikojevic
34,16632021,istinetz,"2026-09-17 08:13:29",2917.7,2,istinetz
35,16658349,lingxiaojun,"2026-09-14 06:10:06",2917.2,2,lingxiaojun
36,16640048,"extra eclaire","2026-09-18 02:55:40",2912.8,2,"aeniminu,extraeclaire"
37,16706321,lumen,"2026-09-15 06:00:37",2911.6,2,lumenyuto
38,16623559,DECEM,"2026-09-18 04:36:19",2910.5,2,zy1343930734
39,16690867,HowardLeeTW,"2026-09-13 08:07:14",2910.5,2,howardleetw
40,16857676,"Justin Yang","2026-09-18 06:02:06",2908.7,2,zake7749
41,16727266,Agricola,"2026-09-17 14:16:46",2906.0,2,ebisuya
42,16630825,"Black Mamba Farm","2026-09-18 03:40:05",2905.9,2,"asherjyd,frankyhz,qizhiran,yukundu231100"
43,16756591,"Hamed Vakili","2026-09-17 22:43:26",2904.0,2,"hamedvakilit0,maryam7713"
44,16670032,Kenjo1209,"2026-09-17 20:18:46",2899.8,2,kenjo1209
45,16668783,Zyy7390,"2026-09-18 04:29:25",2898.0,2,"tigerrrrrr,zyy7390"
46,16793600,mogura2.0,"2026-09-17 12:50:52",2897.5,2,mogura20
47,16675240,Leifson1337,"2026-09-18 04:55:48",2896.8,2,leifson1337
48,16723379,local,"2026-09-18 05:49:30",2896.4,2,matteo123383iend
49,16883168,jojo,"2026-09-18 02:16:40",2895.2,2,jojojablon
50,16640467,Catalyst,"2026-09-18 09:07:27",2894.0,2,vibekaggler
51,16697767,"Teddy Tennant","2026-09-17 23:00:14",2886.7,2,thtennant
52,16633341,Hak,"2026-09-17 23:39:34",2886.6,2,hakdevelopment
53,16622349,"Mengfei Li","2026-09-18 06:58:56",2885.5,2,meli19
54,16803103,hugghngkai,"2026-09-17 17:34:22",2885.3,2,hugghngkai
55,16725899,Zhenghongshuang,"2026-09-16 04:55:58",2884.4,2,zhenghongshuang
56,16684093,"fog flower","2026-09-17 00:09:47",2882.3,2,fogflower
57,16884121,Radiant,"2026-09-18 02:10:57",2880.5,2,"dnpkkk,xxxxxx6x"
58,16891703,"Rasmus Hulthe","2026-09-18 04:02:30",2879.7,2,zazmuz
59,16891396,易思言ysy,"2026-09-17 15:02:45",2877.0,2,ysykevin
60,16632224,Roxy,"2026-09-17 11:01:25",2874.7,2,yamakawanin
61,16744979,"Ahmed Alhassan","2026-09-13 21:51:58",2873.5,2,ahmed55
62,16622198,"THUNDER THUNDER","2026-09-12 18:58:41",2873.2,2,thunderthunder
63,16633100,"Emile Andrieu","2026-09-17 17:36:41",2873.0,2,emileandrieu
64,16851133,"Bryan Pauze","2026-09-17 23:16:02",2872.1,2,bryanpauze
65,16889224,"Ishan Karnick","2026-09-17 21:02:07",2871.7,2,ishankarnick
66,16699082,Sakthei,"2026-09-18 10:20:54",2870.5,2,sakthei
67,16740419,IamDiganta.7,"2026-09-17 23:54:22",2870.0,2,iamdiganta7
68,16773244,"Yudai Ueno","2026-09-18 07:29:02",2866.8,2,yudaiueno
69,16884858,HojunLee,"2026-09-17 20:14:31",2864.2,2,hojuna
70,16867799,"Chris Deotte","2026-09-18 10:01:20",2863.6,2,cdeotte
71,16671515,ziheng,"2026-09-18 05:37:46",2860.6,2,zihengedie
72,16653303,open5,"2026-09-18 03:32:19",2859.3,2,"chen2yoimiya,huaidezhang,hyt1nn,wahuwahuwahu,zrurfa"
73,16676904,researchstudio.site,"2026-09-16 16:00:08",2859.0,2,fistyee
74,16911021,spark328,"2026-09-18 05:19:59",2858.0,2,spark328
75,16810595,dauriel,"2026-09-18 08:21:42",2857.6,2,dauriel
76,16727404,Yichi,"2026-09-18 07:40:25",2857.2,2,yichi02
77,16735539,"Joe Muller","2026-09-18 10:45:47",2857.2,2,joemuller
78,16910633,Shawn404,"2026-09-17 23:17:15",2852.3,2,shawn404
79,16623463,porply,"2026-09-18 03:52:27",2849.8,2,porply
80,16656496,"Vaibhav Gupta","2026-09-18 02:29:31",2849.5,2,vaihero
81,16732521,redblackbst,"2026-09-18 10:34:36",2848.3,2,redblackbst
82,16644229,"Amy Yuan","2026-09-18 00:03:36",2848.2,2,cozytato
83,16760241,"Collin Christensen","2026-09-18 06:58:49",2847.2,2,cchristens
84,16732496,kanno,"2026-09-18 01:17:04",2847.2,2,kannomasaki
85,16652175,"Lucas Boesen","2026-09-17 21:50:48",2845.0,2,lucasboesen
86,16762319,"Shiji Zheng","2026-09-18 06:19:52",2845.0,2,zhengshiji
87,16665331,winstonton,"2026-09-18 09:31:02",2844.7,2,winstonton
88,16888950,"Qize He","2026-09-18 03:03:54",2843.9,2,watcher996
89,16915651,"agi here, asi soon","2026-09-17 22:45:28",2843.5,2,c0ldzy
90,16891058,Navier-stokes,"2026-09-18 10:48:05",2842.2,2,"nguyenkhanhvu,nhtlongcs"
91,16661646,"Sergey Shcherbakov","2026-09-17 22:56:22",2842.0,2,sergey140146659
92,16912988,"Roy Zhu","2026-09-18 09:19:05",2842.0,2,roy0zhu0
93,16709435,"Artyom Lyan","2026-09-18 07:58:02",2841.5,2,arli2016
94,16762248,KongKongDe,"2026-09-18 02:49:54",2839.5,2,kongkongde
95,16756510,tongmian1314,"2026-09-18 08:57:13",2836.8,2,tongmian1314
96,16637987,Xander,"2026-09-18 00:13:52",2836.1,2,"badboiriri,canqiang,xiuyang88"
97,16764394,haseryooooo,"2026-09-18 06:47:32",2835.9,2,haseryooooo
98,16668370,"Matthew Labrador","2026-09-17 14:07:15",2835.3,2,m4tyuuu
99,16909118,loxigicck,"2026-09-18 07:36:17",2835.3,2,loxigicck
100,16778946,yuki0731,"2026-09-18 01:51:44",2835.0,2,yuki0731
101,16688896,"JianYuan Deng","2026-09-17 19:18:52",2834.8,2,jianyuandeng
102,16862183,Smackaveli,"2026-09-18 03:06:52",2832.9,2,spoutop
103,16795062,"Satoshi Nguyen","2026-09-18 02:54:35",2832.4,2,satoshinguyenai
104,16734551,"junseok lee","2026-09-18 00:27:09",2831.8,2,jaslee2
105,16736874,mhiro2,"2026-09-18 03:46:40",2831.7,2,mhiro2
106,16860784,xxxx0314,"2026-09-18 00:36:12",2830.9,2,"kirklandsan,xxxx0314,yunfeiyang223"
107,16730761,ElephtAI,"2026-09-18 02:14:15",2830.5,2,yuchengj
108,16762735,"Zenith Ye","2026-09-18 07:48:58",2828.3,2,zenithye
109,16806346,"Mike chen666","2026-09-18 00:45:40",2826.9,2,"mikechen666,tiffanyjade"
110,16689844,IchikaHoshino,"2026-09-18 05:47:45",2826.4,2,htunkhi
111,16863383,HanFish,"2026-09-18 08:22:37",2825.9,2,hananfish
112,16629033,"Igor V","2026-09-17 21:44:33",2825.5,2,rostigor
113,16687901,Khalid,"2026-09-18 08:21:12",2825.3,2,khalid000000
114,16747273,红烧肉,"2026-09-18 09:24:59",2824.6,2,ra1nac1d
115,16751828,hatry,"2026-09-18 05:21:58",2824.1,2,toseihatori
116,16796682,LK30,"2026-09-16 22:10:34",2823.4,2,louisklasing
117,16667604,L7n,"2026-09-17 08:29:55",2821.8,2,znwe342
118,16914744,哈基米南北路多,"2026-09-18 09:30:53",2821.4,2,"freakrk,liushunyao,perrinslutman,sayu1u"
119,16810171,kta_jpn,"2026-09-18 09:59:43",2821.0,2,ktajpn
120,16831965,"Ray Roberts","2026-09-17 01:28:26",2820.4,2,rayroberts
121,16913591,fly,"2026-09-18 07:06:04",2819.6,2,"linjingmax,rong414,w1ll1am10,yuhanleo"
122,16739925,nofreewill42,"2026-09-18 08:51:20",2819.6,2,nofreewill
123,16781445,"𝕯𝖊𝖔𝖉𝖎𝖒𝖘 & 𝕮𝖔","2026-09-16 12:45:18",2819.4,2,odimdavidchukwuemeka
124,16661743,"Sergey Kutepov","2026-09-18 00:10:02",2819.2,2,natsyst
125,16762208,CrazyML,"2026-09-18 06:06:54",2818.4,2,"janhvikhattri,sorcererbi,vedanshipathak"
126,16732051,Jeryos,"2026-09-18 08:56:48",2817.2,2,joulskaf
127,16867213,한밭대학교컴퓨터공학과정우민,"2026-09-17 14:20:51",2816.9,2,woominyo
128,16839530,"que la cuenten como quieran","2026-09-17 09:30:29",2815.8,2,germanjurado1
129,16676885,"Riva Kajangu","2026-09-17 17:33:37",2811.6,2,rivakajangu
130,16762302,OxFFFs,"2026-09-18 08:40:35",2811.6,2,oxfffs
131,16671163,"Suyash Verma","2026-09-17 23:30:24",2811.5,2,suyashdiamond1
132,16687159,Max64738CB,"2026-09-17 17:50:42",2811.3,2,max64738cb
133,16811948,"xiao xiongwei","2026-09-18 09:15:53",2811.1,2,"huyang111,xiaoxiongwei"
134,16656452,Ng,"2026-09-18 04:09:25",2810.1,2,nguyenchicuong
135,16623459,"Peng Wang","2026-09-18 02:19:20",2808.2,2,pengwang91
136,16736427,KouFu,"2026-09-18 02:48:07",2808.0,2,kouheif
137,16653044,"Claudex - An","2026-09-18 09:35:31",2807.0,2,"binhdth,buphmquc,hainguyenthien,pntan17"
138,16861362,我小栗帽要娶藤正进行曲！！！💍,"2026-09-18 01:18:24",2805.8,2,"praveensahukari,rubiakaslana"
139,16825002,RAVEN,"2026-09-18 02:34:47",2804.3,2,silverlxt
140,16756891,T.Uehira,"2026-09-18 03:50:57",2801.6,2,tuehira
141,16904732,Weifenhuan,"2026-09-18 05:22:51",2801.0,2,schwa6
142,16677337,"xi luo","2026-09-18 05:34:49",2800.5,2,xiluo00
143,16907326,"julien gaza","2026-09-18 07:47:49",2797.2,2,juliengaza
144,16672709,"RS Turley","2026-09-18 02:53:51",2797.2,2,rturley
145,16795448,ultimatum_game,"2026-09-16 12:21:31",2796.1,2,"ultimatumgame,walrushero"
146,16624484,"Tomoki Hirose","2026-09-18 04:36:54",2796.1,2,tomokihirose
147,16816196,"Bianco Chiu","2026-09-18 02:08:39",2795.5,2,biancochiu
148,16674949,"Lev Neganov","2026-09-18 08:43:36",2795.0,2,levoel
149,16759037,Yuyannnn,"2026-09-18 06:10:04",2794.4,2,yuyannnn
150,16651332,"Le Viet","2026-09-17 09:29:34",2794.2,2,sleepyssr
151,16763505,"Sai Reddy Pothireddy","2026-09-18 04:30:08",2794.1,2,saireddypothireddy
152,16741639,kirito83,"2026-09-18 03:54:10",2794.1,2,lishsh83
153,16659870,"Tien N.","2026-09-18 04:59:20",2792.0,2,tientrum
154,16676336,lemon13418,"2026-09-17 23:51:46",2790.5,2,lemon13418
155,16892682,"Yasuhiro Manai","2026-09-18 03:05:11",2789.7,2,yasu01
156,16743528,shfyyds12138,"2026-09-18 09:03:28",2788.7,2,junwenzhu1314
157,16666442,"SHALWIN SANJU","2026-09-18 07:23:01",2786.0,2,shalwinsanju
158,16866579,"Fighting Gold","2026-09-18 02:12:12",2785.7,2,sawada
159,16727998,hidsaito,"2026-09-18 05:58:37",2784.8,2,hidsaito
160,16784608,shawenher,"2026-09-17 15:18:06",2784.0,2,shawenher
161,16755911,"Paarth Patel","2026-09-18 06:38:20",2783.7,2,martis10
162,16899084,"Asan Ashirov","2026-09-18 01:29:20",2783.4,2,asanashirov
163,16892313,zszdl0530,"2026-09-18 03:58:11",2782.2,2,zszdl0530
164,16692956,VanKoha,"2026-09-17 22:14:34",2781.3,2,kohasama
165,16637546,Forrest,"2026-09-18 02:21:46",2781.2,2,yinxiaogang
166,16666805,Kaggs,"2026-09-18 07:58:25",2780.4,2,ayush21042004
167,16769836,weense,"2026-09-18 02:29:10",2780.0,2,weense
168,16639155,"Arturo Gutiérrez Aguilar","2026-09-18 02:39:11",2778.5,2,jarturo
169,16850509,LS,"2026-09-18 10:43:31",2778.3,2,shannanl
170,16700634,"Alperen Söylen","2026-09-18 11:02:17",2777.4,2,alperensylen
171,16732578,nao.kwmr,"2026-09-18 08:16:13",2776.6,2,naokwmr
172,16665829,Shadowfishes,"2026-09-17 22:56:57",2775.9,2,"boandme,ronitagarwal1,shauryasahdev2"
173,16894950,csly666,"2026-09-17 17:30:10",2775.8,2,csly666
174,16802322,HongchenDai,"2026-09-18 06:26:41",2775.8,2,hongchendai
175,16716263,"Ugnė Miklovaitė","2026-09-17 07:04:58",2775.6,2,ugnmiklovait
176,16639871,"Aura Farming","2026-09-17 06:29:07",2775.5,2,gauthieravite
177,16789990,SA,"2026-09-18 00:50:59",2775.2,2,soheiarisaka
178,16633790,curiosity,"2026-09-18 07:38:44",2774.4,2,chmffwn1
179,16637031,"and more","2026-09-18 02:05:55",2774.1,2,kym2022
180,16630729,"american gothic","2026-09-17 13:38:29",2774.1,2,grennwolf
181,16701768,darasty,"2026-09-18 00:01:36",2773.5,2,darasty
182,16808111,"Oliver #2","2026-09-18 05:18:10",2773.2,2,wangzn0410
183,16865424,lost,"2026-09-18 09:20:03",2772.7,2,fluorescencexe
184,16806328,"Takamichi Toda","2026-09-18 08:35:59",2772.4,2,takamichitoda
185,16730065,Blu3s,"2026-09-17 21:57:52",2772.0,2,"atteincueo,ausrine"
186,16642036,enddl22,"2026-09-18 04:03:45",2771.7,2,enddl22
187,16750416,QQ农场,"2026-09-18 07:52:25",2771.4,2,gvione
188,16761693,nhatvo,"2026-09-18 02:25:01",2770.0,2,nhatvo
189,16701051,"Komi ShouKo","2026-09-18 02:32:51",2769.8,2,asdwswdxd
190,16665237,"Ad Space Available","2026-09-17 06:33:47",2769.7,2,"rainchen0411,richardsilence,tongyuexiao"
191,16892357,easygame,"2026-09-18 03:06:40",2769.1,2,"kangqinyao,xinjunc"
192,16898271,TheEvilpiggie,"2026-09-17 00:52:51",2769.0,2,theevilpiggie
193,16751603,xxxzzz123312123321,"2026-09-18 02:31:01",2768.7,2,xxxzzz123312123321
194,16766128,"Oleksandr Parfionov","2026-09-18 07:55:37",2768.4,2,parfyon
195,16859963,林溪,"2026-09-18 06:02:14",2767.3,2,linxii012
196,16811307,elmo,"2026-09-14 15:55:03",2767.3,2,mktakizawa
197,16765884,洛希边际,"2026-09-18 02:59:19",2767.0,2,bxz2003
198,16634704,"Maham Haroon","2026-09-18 00:47:59",2766.9,2,mahamhc
199,16897519,SShota-box,"2026-09-18 05:12:20",2766.2,2,sshotabox
200,16653385,"Vasilii Buzmakov","2026-09-17 21:04:10",2766.2,2,vasiliibuzmakov
201,16632783,chocolat,"2026-09-18 06:14:08",2765.5,2,chocolatnya999
202,16918063,"Dante Lok","2026-09-18 04:31:24",2765.0,2,dantelok
203,16665809,"Saravanan Jaichandaran","2026-09-17 01:35:57",2765.0,2,saranchandar
204,16681369,GanadorPlusUltra,"2026-09-18 00:51:59",2764.7,2,ganadorplusultra
205,16778707,momohuhu_kkkkkarrot,"2026-09-18 00:40:45",2763.8,2,kjy666
206,16777767,"Miyanogawa Yuya","2026-09-18 01:38:53",2763.2,2,veritalogos
207,16682753,"Cam-Luan Truong","2026-09-18 03:44:43",2763.1,2,luantruong
208,16768104,"Ivan Aleksandrov","2026-09-18 11:03:56",2763.0,2,ivanblch
209,16811799,"Yuanchen Huang","2026-09-17 21:00:04",2762.9,2,geokocha
210,16811868,luyinn,"2026-09-18 05:29:39",2762.4,2,luyinn
211,16658946,theredbluepill,"2026-09-18 04:47:57",2760.8,2,poonszesen
212,16687649,track,"2026-09-17 22:09:59",2760.5,2,"ahmedberatozer,omerlleez"
213,16626191,"kevin park","2026-09-18 03:49:30",2760.1,2,k3v1npark
214,16889691,"Yango Mango","2026-09-18 00:45:28",2759.1,2,yangbai2026
215,16682494,Phi,"2026-09-17 03:41:32",2758.9,2,ajinomoto132
216,16778012,俺是耕田哩,"2026-09-18 05:09:10",2758.3,2,tianzhenggao
217,16739018,"Zhou Songyu","2026-09-18 05:52:48",2758.2,2,zhousongyu
218,16625060,"Subin An","2026-09-17 23:42:20",2757.8,2,subinium
219,16632097,PavelLiashkov,"2026-09-18 00:51:04",2757.1,2,bigbag1983
220,16841663,"Ryosei Hara","2026-09-18 02:12:42",2755.7,2,ryhara
221,16849814,"Mr. Architect","2026-09-17 15:47:46",2755.3,2,vietnguyen130593
222,16750779,"Mao Nishino (mao1756)","2026-09-17 21:14:28",2755.1,2,maonishinomao1756
223,16633944,Toru59er,"2026-09-18 04:29:47",2754.8,2,toru59er
224,16877834,playboicarti,"2026-09-17 21:53:53",2754.5,2,playb0icarti
225,16740815,Remielle,"2026-09-18 02:50:06",2753.4,2,remielle
226,16774701,@Suzumaru_1666,"2026-09-18 09:03:46",2752.5,2,suzumaru1666
227,16716566,"Junliang Ye","2026-09-18 08:39:41",2752.4,2,junliangye
228,16651244,"Knight of Favonius","2026-09-18 08:35:43",2751.6,2,ladyfaye
229,16741965,Ryuichi,"2026-09-16 08:50:49",2751.4,2,ryuichigt
230,16664487,houlidai-jiekiulai,"2026-09-18 06:05:04",2751.1,2,houlidaijiekiulai
231,16845367,kyy666,"2026-09-18 10:49:41",2750.9,2,"kyy666,robertmcwang"
232,16853805,yefenfei,"2026-09-18 06:08:46",2750.3,2,yefenfei
233,16654783,quantara.cv,"2026-09-17 06:05:54",2750.2,2,goth55
234,16751358,Cristiano,"2026-09-18 03:24:20",2750.0,2,zhuangbility
235,16905685,小娃娃之力,"2026-09-18 03:54:00",2749.5,2,xiewenwei29
236,16733789,fylgde,"2026-09-17 19:38:02",2749.4,2,fylgde
237,16806219,"Yiwei Pu","2026-09-18 04:11:50",2749.0,2,"lvyihan1210,raven20010261,yiweipu"
238,16898090,"Zbigniew Kirchner","2026-09-18 06:19:41",2748.9,2,zbigniewkirchner
239,16746010,"Khoi Tuan Nguyen","2026-09-18 04:35:44",2748.0,2,khoingt
240,16740405,by,"2026-09-18 07:59:45",2747.8,2,ibyyue
241,16876180,kk.sky.9k,"2026-09-18 04:10:23",2747.5,2,kksky9k
242,16693557,"Ifeoluwa Adewumi","2026-09-18 05:06:32",2747.4,2,ifeadewumi
243,16647324,GG-bond,"2026-09-18 01:59:06",2747.0,2,wyhwyh123
244,16731966,ねねね,"2026-09-18 02:07:08",2747.0,2,napier1550
245,16657877,zigiella,"2026-09-18 10:23:48",2746.9,2,zigiella
246,16848063,"Yuan Weijun","2026-09-18 01:13:47",2746.7,2,yuanweijun
247,16730223,Ojaswy,"2026-09-18 08:02:07",2746.1,2,ojaswy
248,16709809,RiyaSoni20,"2026-09-17 19:44:20",2746.0,2,"riyasoni20,rudraamin06"
249,16688732,tully_boss,"2026-09-16 00:18:19",2745.9,2,"gnux1408,tanakaai24"
250,16887437,EthanL67,"2026-09-18 06:56:54",2745.8,2,ethanl67
251,16743427,Under遊具,"2026-09-18 06:00:32",2745.5,2,andayougui
252,16833141,yomogii,"2026-09-18 10:59:01",2745.3,2,yomogii
253,16772808,lucataco,"2026-09-18 07:12:54",2745.3,2,lucataco
254,16627796,tizawa3,"2026-09-18 10:59:52",2745.3,2,tizawa
255,16865317,"sunil kumar","2026-09-18 03:59:55",2744.8,2,sunil123kumar
256,16765135,neuro168,"2026-09-18 05:53:52",2744.8,2,lordmc
257,16746275,LittleScottyy,"2026-09-18 06:14:33",2744.6,2,fongwaiyong
258,16672251,"Kavinkumar M","2026-09-18 04:40:02",2744.2,2,kavinkumarrkm
259,16742684,Inzilbêth,"2026-09-18 05:27:25",2743.8,2,inzilbth
260,16852141,"Zhou Hengyu","2026-09-18 03:22:33",2743.4,2,zhouhengyuu
261,16682885,风沙星辰,"2026-09-18 03:45:31",2743.3,2,"duoliya,linyeping,sereinovov,wangying2026"
262,16725856,"Abhi Datta","2026-09-18 04:04:08",2743.0,2,abhidatta87
263,16743836,"Auto Fermers","2026-09-17 09:40:43",2742.1,2,"artemboltaev,dmitriigluzdov"
264,16809332,"ansheng jhang","2026-09-18 05:27:49",2741.0,2,anshengjhang
265,16726915,"인공저능연구소( Artificial Idiocy Lab )","2026-09-18 10:13:13",2740.7,2,megayak
266,16640388,SANNNNN,"2026-09-18 08:08:31",2740.6,2,zuhairsan
267,16658457,"Uchiha Eren","2026-09-18 09:35:02",2740.2,2,lucsanjay
268,16706395,"Kunal Desale","2026-09-18 04:08:03",2740.0,2,kunaldesale2408
269,16781166,Ant,"2026-09-17 22:46:24",2739.9,2,anthonytrevino
270,16738492,"Follow Me Gradient","2026-09-18 07:27:16",2739.6,2,farukece
271,16794753,"Yan #2","2026-09-18 07:17:45",2738.7,2,diskya
272,16631460,Kosuke.T,"2026-09-17 19:50:27",2737.8,2,kosuke1992
273,16624919,"Juste Me (●'◡'●)","2026-09-18 05:27:30",2737.4,2,degnonguidi
274,16896998,YehHua001,"2026-09-18 05:33:02",2735.8,2,yehhua001
275,16660215,"YoungDSML [dsml.kz]","2026-09-18 06:54:08",2735.7,2,"mazgas,nurikw3"
276,16732530,可抽奖的冰棒,"2026-09-17 23:27:24",2735.6,2,daniel1547
277,16709126,"Jamie Nojek","2026-09-18 05:31:17",2735.2,2,jamienojek
278,16730946,"Bohann Wang","2026-09-18 03:49:44",2734.9,2,bohannnwang
279,16732445,"Николай Леухин","2026-09-17 21:13:37",2734.7,2,kolyaflexcu
280,16712560,"Max vrstpan1","2026-09-18 05:59:05",2734.6,2,wdjy123456
281,16638551,WinRAR,"2026-09-18 07:53:11",2734.1,2,ryosketchbook2007
282,16707467,kay.liechtenstein,"2026-09-18 00:02:27",2734.0,2,kayliechtenstein
283,16666434,"JOSHNA ACSHA S 21CS","2026-09-18 07:22:57",2733.8,2,joshnaacshas21cs
284,16758381,"Yang Kuang Ou","2026-09-18 00:52:05",2733.5,2,yangkuangou
285,16903852,maoxin123,"2026-09-18 02:39:01",2733.3,2,maoxin123
286,16728071,AI是我的豆包,"2026-09-18 02:30:22",2732.8,2,"blht2026,wocenmma"
287,16763761,mkai1981,"2026-09-18 09:23:49",2732.5,2,mkai1981
288,16711752,"Atakan Aldemir","2026-09-18 10:37:29",2731.4,2,atakanaldemir
289,16839580,"Søren Ravn Andersen","2026-09-16 13:57:31",2731.2,2,sorenravn
290,16655129,"Morylov Yehor","2026-09-18 07:23:17",2731.1,2,morylov
291,16769990,delai50,"2026-09-18 07:12:00",2731.1,2,delai50
292,16633173,"Saulo Quiñones Góngora","2026-09-18 03:26:08",2731.1,2,sauloquionesgngora
293,16811224,yuya,"2026-09-18 04:57:30",2730.5,2,yuomori
294,16865168,"Maksym Bilychenko","2026-09-17 19:19:10",2730.2,2,mbilichenko
295,16657941,"Nick Styles","2026-09-18 05:52:00",2730.0,2,styles
296,16691038,"animal crossing","2026-09-17 23:46:28",2729.7,2,hoonchoonc
297,16748382,shiiin9,"2026-09-18 06:26:41",2729.6,2,shiiin9
298,16818060,bnfan,"2026-09-18 04:40:12",2729.4,2,simonfan7
299,16802867,matcha110,"2026-09-18 08:32:42",2729.4,2,matcha110
300,16663271,"Malyshev Danil","2026-09-18 07:36:37",2729.1,2,malyshevdanil
301,16892288,"Omar Althobaiti","2026-09-17 05:45:42",2728.2,2,omarahmedalthbite
302,16727110,yemaoye,"2026-09-18 07:57:52",2727.5,2,yemaoye
303,16655478,Bruce,"2026-09-18 09:36:59",2727.2,2,bruceqdu
304,16630804,"Emre Cirak","2026-09-18 08:18:27",2727.1,2,"biohack44,merkiraz"
305,16635108,"cabbage corp","2026-09-18 05:05:45",2727.0,2,"kagglercs,phoenix0501"
306,16862666,"Roman Katasonov","2026-09-17 13:32:55",2727.0,2,romankatasonov
307,16733851,tangaii,"2026-09-18 08:42:32",2726.2,2,tangai1
308,16697229,"Masashi Nishimoto","2026-09-17 21:34:35",2725.7,2,masashinishimoto
309,16637597,venks,"2026-09-18 01:03:38",2725.0,2,vterli
310,16851474,"HY ISHI","2026-09-18 05:38:31",2724.8,2,hyugaishioka
311,16860293,kobq,"2026-09-17 17:26:49",2724.2,2,kooobq
312,16851399,"Ali Eren Konak","2026-09-17 19:10:54",2723.4,2,alierenkonak
313,16623990,senkin13,"2026-09-17 07:12:15",2723.3,2,senkin13
314,16846856,BladeRunner,"2026-09-18 09:17:31",2723.1,2,bladerunner2022
315,16838914,kikikukikii,"2026-09-18 04:33:53",2723.1,2,kikikukikii
316,16634716,Eusebius,"2026-09-18 06:53:47",2723.1,2,protuberanzen2000
317,16698136,"David Estevez","2026-09-17 22:34:55",2722.4,2,destbreso
318,16743639,Hanserong,"2026-09-18 06:20:56",2719.6,2,"ronghedragon,rufus666"
319,16885261,sdy623,"2026-09-17 10:17:37",2719.3,2,jaxa623
320,16759402,Capitaalgain,"2026-09-18 07:49:07",2718.5,2,capitaalgain
321,16680172,TTANE,"2026-09-18 08:03:42",2716.0,2,otmaneelmahdaouy
322,16687294,"Madiyar Khamzanov","2026-09-17 16:10:03",2715.9,2,mkhamzanov
323,16896774,EPHEMORIA,"2026-09-18 05:29:54",2714.0,2,ephemoria
324,16667880,DOPEなNOUFU耕すHOPE👨‍🌾,"2026-09-18 07:14:12",2714.0,2,"shin9915,syamoji141chan"
325,16664640,kaggricodex,"2026-09-16 07:04:07",2713.8,2,underestimated
326,16870342,"CHEN Xiang","2026-09-18 05:55:03",2713.7,2,intoxicatinglips
327,16790432,"Field General","2026-09-18 10:21:28",2713.4,2,kevinarvai
328,16892791,trinitynusca31,"2026-09-18 00:51:53",2713.2,2,trinitynusca31
329,16742139,ALLAI,"2026-09-17 00:52:49",2712.6,2,glorysing
330,16654710,"Ray Brothers","2026-09-18 08:19:55",2711.1,2,"madhurjyaray,vibekodr"
331,16753567,wangkxu,"2026-09-17 14:43:10",2710.4,2,davics
332,16887476,"Memory Engineer","2026-09-18 04:11:47",2710.3,2,salazarslytherin
333,16885561,goodpjw2008,"2026-09-18 08:26:11",2710.2,2,goodpjw2008
334,16864113,YYC3,"2026-09-18 05:51:25",2710.2,2,icongovo
335,16884417,"malcolm tan","2026-09-17 10:26:29",2710.2,2,malcolmtan
336,16883863,qhapaq49,"2026-09-18 08:26:07",2710.1,2,qhapaq49
337,16654158,Hack2Publish,"2026-09-18 05:36:58",2709.6,2,"esfersami50,foysalemonshanto,hosen42,rokaiyasomapti"
338,16777134,Tom&Jerry,"2026-09-17 09:49:08",2709.0,2,tomjerry101
339,16633226,test_money,"2026-09-18 00:08:43",2708.9,2,michaelsemenoff
340,16889296,"Takauchi Suguru","2026-09-18 06:35:01",2708.6,2,gurusut
341,16805952,hatakazu93,"2026-09-18 01:01:59",2708.6,2,hatakazu93
342,16670524,"Nat Bel ML Fun","2026-09-18 07:40:48",2707.7,2,natbel4ml
343,16707144,Kirderf,"2026-09-17 19:08:37",2707.7,2,kirderf
344,16759632,"Rifqi Haikal","2026-09-17 22:30:28",2707.3,2,rifqihaikal
345,16879127,lihaoruolhr,"2026-09-17 14:03:14",2706.5,2,lihaoruolhr
346,16918941,"E-Max AI","2026-09-18 07:59:08",2706.5,2,royalacecat
347,16743033,Nagahama,"2026-09-18 08:09:02",2705.8,2,kazukinagahama
348,16806141,rode1234,"2026-09-18 01:01:52",2705.4,2,rode1234
349,16722705,我的AI是豆包,"2026-09-17 18:02:48",2705.0,2,"carrotliang,haoxuanjng,kaoqiangzhang,rainhuang0220"
350,16851343,"Ritwika Kancharla","2026-09-17 20:09:20",2704.9,2,ritwikakancharla
351,16624893,"GURU Prasaatha S","2026-09-18 04:47:52",2704.7,2,guruprasaathas111
352,16858087,"Mohd Aasim Ansari","2026-09-18 10:24:32",2704.0,2,aasim2003
353,16656011,"Jiashun Tan","2026-09-18 01:51:18",2703.9,2,jiashuntan
354,16775803,Robson,"2026-09-17 03:11:36",2703.9,2,robsonsan
355,16653982,"Arul Prasad S P","2026-09-18 07:22:52",2703.4,2,arulprasadsp
356,16765668,shun_johnny,"2026-09-17 12:56:53",2702.2,2,shunjohnny
357,16708315,beeyan,"2026-09-17 22:55:17",2701.9,2,beeyan0821
358,16659295,snaykey,"2026-09-18 08:49:41",2701.5,2,snaykey
359,16792410,"Taewoong Kim","2026-09-18 04:55:59",2701.3,2,aleaiest
360,16847222,charmq,"2026-09-18 07:30:26",2701.2,2,charmq
361,16655610,GPTatoes,"2026-09-18 05:03:42",2698.9,2,"angran,kaixuanosmas"
362,16652710,Pilea55,"2026-09-18 02:42:18",2698.6,2,ryutogrrr
363,16786517,"Kagdew Valley_HeNU","2026-09-18 02:57:42",2698.5,2,"hongtongyi,hoshiiabc,lizhe125,ypeng1234"
364,16796370,MioValentine,"2026-09-18 07:15:00",2698.1,2,yuyizhu
365,16671412,Xman,"2026-09-18 08:37:02",2697.9,2,xuanzhang001
366,16727171,yfy,"2026-09-18 04:48:51",2697.3,2,qwidndbdjss
367,16761593,Azathoth,"2026-09-18 08:09:34",2695.5,2,stsaasts
368,16661665,"Leonardo Viola10","2026-09-18 09:07:04",2693.5,2,leonardoviola10
369,16843315,Talvenn,"2026-09-18 07:19:09",2693.2,2,talvenn
370,16888794,NonCaffeine,"2026-09-17 01:32:40",2693.0,2,noncaffeine
371,16732126,iwashi,"2026-09-17 16:04:14",2692.7,2,iwashi
372,16748511,HarshPandey-yt-auto,"2026-09-18 03:40:50",2692.1,2,harshpandeyytauto
373,16751140,onick_man,"2026-09-17 22:23:34",2691.8,2,ftakahas
374,16903770,UYHHHHYu,"2026-09-18 10:38:54",2691.3,2,yhhhhyu
375,16632558,RUI,"2026-09-18 10:36:43",2690.3,2,zaiwubian
376,16655277,GUAM,"2026-09-18 00:04:12",2690.3,2,"analyticaobscura,jeongminlee92,kmmmvs,wnmgrn"
377,16786102,"Anay Garodia","2026-09-18 05:42:49",2689.9,2,anaygarodia
378,16790091,ChengxuGu,"2026-09-16 16:09:53",2689.6,2,chengxugu
379,16710140,Lynxx,"2026-09-18 06:48:21",2689.2,2,lynnsakurai
380,16671361,"Hangyu Yu","2026-09-18 04:16:44",2688.3,2,"cqupthangyuyu,wxgisspider"
381,16866933,tech-Mira,"2026-09-17 08:47:10",2687.3,2,itsukiito
382,16863551,"Fady Mohammed","2026-09-17 20:13:40",2687.3,2,fadymagdy
383,16860907,kuengo,"2026-09-18 05:36:51",2686.4,2,"kuengo,ruoguxu"
384,16742369,"Ömer Faruk Yüce","2026-09-18 08:08:06",2686.2,2,merfarukyce
385,16823981,"mou mou","2026-09-18 01:08:06",2686.0,2,moumou6322
386,16656432,"CornHub Premium","2026-09-18 02:16:16",2686.0,2,nihilisticneuralnet
387,16679393,"Anvith Pothula","2026-09-17 21:26:50",2685.7,2,anvithpothula
388,16723620,3정훈,"2026-09-11 10:44:14",2685.6,2,az05192000gmailcom
389,16643693,"Kerem çelik","2026-09-17 00:00:33",2685.4,2,keremelik
390,16642570,"Mathurin Ache","2026-09-18 06:09:31",2685.1,2,mathurinache
391,16885430,zoujustkidding,"2026-09-18 08:42:04",2684.9,2,chenxianshen123
392,16796937,Alan,"2026-09-18 00:27:02",2684.5,2,amunsentom
393,16811920,"MINGXI LIU","2026-09-18 04:59:30",2684.4,2,wang5630900
394,16731275,carbonapi,"2026-09-18 02:08:05",2684.2,2,nonempty
395,16744837,JuliaGastellu,"2026-09-17 20:27:59",2683.5,2,juliagastellu
396,16809820,"Pramit Das","2026-09-17 15:04:21",2683.0,2,pramitdas
397,16644690,Dubnium,"2026-09-18 03:08:40",2682.7,2,ahmetyasin1
398,16717114,uninhibited-scholar,"2026-09-18 01:51:12",2682.6,2,uninhibitedscholar
399,16745995,"Guido Tapia","2026-09-17 22:40:42",2682.3,2,guidotapia
400,16755328,"yang zhang","2026-09-17 14:47:32",2681.7,2,zhang1221ai
401,16840212,anngle,"2026-09-18 01:45:55",2681.7,2,anngle
402,16624339,"Дворкин Евгений Владимирович","2026-09-17 20:13:52",2681.4,2,evgendvorkin
403,16636079,"Pawan Rama Mali","2026-09-18 03:21:20",2680.8,2,pawanmali
404,16716335,JamesJJJJJ,"2026-09-17 15:33:47",2680.8,2,jamesjjjjj
405,16655789,"wen chong yu","2026-09-17 18:10:57",2680.3,2,wenchongyu
406,16806023,"Eesh saxena","2026-09-18 09:08:33",2680.3,2,eeshsaxena
407,16728492,ほのぼの牧場,"2026-09-17 22:33:41",2679.9,2,masatoshitaniguchi
408,16870621,BobtheBot369,"2026-09-18 02:26:07",2679.5,2,bobthebot369
409,16673013,TTT,"2026-09-18 06:21:16",2678.1,2,tadahiroasami
410,16724801,Noir,"2026-09-18 02:21:49",2677.8,2,nuitnoir
411,16658343,aisamhottman,"2026-09-17 23:09:18",2677.0,2,heuingttiang
412,16798172,"Dmytro Maliarenko","2026-09-17 13:42:43",2676.5,2,arxitekton
413,16709101,"Djaafar Lecheheb DL","2026-09-18 00:11:23",2676.2,2,djaafarlechehebdl
414,16796238,"Zhongyi Dai","2026-09-18 06:03:19",2676.0,2,zhongyidai
415,16741500,weichy7,"2026-09-18 07:05:30",2675.7,2,weichy7
416,16775378,TK256,"2026-09-18 00:28:56",2675.7,2,tk256ailab
417,16623974,Canon,"2026-09-18 01:54:00",2675.0,2,sotakurihara1
418,16872754,kitano0104,"2026-09-18 07:00:19",2675.0,2,"kitano0104,ryyymy"
419,16635663,"Pascal Pfeiffer","2026-09-18 08:13:27",2674.5,2,ilu000
420,16808396,Dr_F,"2026-09-18 01:27:08",2673.4,2,algebraictopology
421,16671588,Keisuke,"2026-09-18 03:46:32",2673.0,2,keisukeueda
422,16843904,wadia,"2026-09-18 00:13:15",2672.3,2,yeshawang
423,16905426,futabato,"2026-09-17 17:13:01",2672.0,2,futabato
424,16781279,zhyphirus,"2026-09-16 11:08:51",2671.1,2,zhyphirus
425,16675671,Marlubie,"2026-09-18 07:37:00",2671.0,2,kchuang
426,16634312,"Linh Le","2026-09-18 04:36:27",2670.3,2,linhlethuy
427,16882022,URAD,"2026-09-16 15:01:43",2669.8,2,uradkr
428,16794536,HirokiTaniai,"2026-09-17 15:56:27",2669.6,2,nyokinyoki
429,16846677,涵哥,"2026-09-18 07:06:43",2669.6,2,jinfanhahaha1
430,16748476,sam_the_rice_cake,"2026-09-18 06:04:38",2669.3,2,"hash548,wliilamsam"
431,16677938,"Hajime Tamura","2026-09-18 00:18:43",2668.6,2,thajime
432,16732055,DASH村,"2026-09-18 07:16:59",2668.3,2,sobameshi
433,16661558,안녕하세요이세입니다잘부탁드립니다,"2026-09-18 04:12:02",2667.9,2,"moonswalk,municef1"
434,16659555,"Joseph Adamski","2026-09-18 10:48:53",2667.2,2,josephadamski91
435,16677518,"Khor Yin Loon","2026-09-18 04:00:35",2666.9,2,khoryinloon
436,16768100,Nathael,"2026-09-18 10:35:56",2666.0,2,nathaeldias
437,16890988,"Aleksandrov Andrey Alekseevich","2026-09-18 09:29:53",2665.6,2,abbeleve
438,16671376,Lebxgue.,"2026-09-18 09:17:37",2665.5,2,yukieja
439,16860811,XiaoXiaoJ,"2026-09-17 19:38:39",2664.4,2,xiaoxiaoj
440,16707990,Snorlax,"2026-09-18 07:59:55",2664.4,2,pku1400010735
441,16811036,"farmin time","2026-09-17 17:00:01",2664.4,2,jaydenszeto123
442,16890118,chiikavyshy,"2026-09-18 07:41:28",2662.9,2,"marynaborovska,yuriygreben"
443,16746395,Levin,"2026-09-18 08:48:51",2662.8,2,"sophiexs,zhengliwen"
444,16717289,JackChenghao,"2026-09-18 00:57:43",2661.9,2,jackchenghao
445,16623635,HiroyukiSasaki,"2026-09-18 01:29:19",2660.6,2,hiroyukisasaki815
446,16709930,llRX,"2026-09-18 07:45:35",2660.6,2,"bankkobe,leojeel,ruikaihong"
447,16657277,"Dude and Destroy","2026-09-18 03:31:46",2660.1,2,raymondbrookman
448,16692845,"Yassine Ben Zekri","2026-09-17 22:01:38",2658.8,2,yassinebenzekri
449,16778656,Aacceeo,"2026-09-18 07:47:54",2658.4,2,aacceeo
450,16658895,kunihiro,"2026-09-17 16:57:05",2657.5,2,kunihiro
451,16832185,"MILANA STARR","2026-09-18 06:51:22",2656.5,2,andrewchist
452,16806195,unreal,"2026-09-18 01:18:25",2655.6,2,gauravgs1007
453,16777710,"Clement Lau","2026-09-17 16:18:28",2655.0,2,clementlau
454,16881336,hanlei,"2026-09-18 01:17:21",2654.8,2,hanleileo
455,16695685,"kwon yong deuk","2026-09-17 14:31:14",2654.7,2,kwonyongdeuk
456,16817750,"Baiqing Wang","2026-09-18 08:46:19",2653.6,2,wangbqbqbq
457,16622454,automatylicza,"2026-09-18 08:28:17",2653.4,2,automatylicza
458,16765233,Shun,"2026-09-17 00:03:39",2653.4,2,shunchan0677
459,16746025,Hamachi,"2026-09-17 20:58:36",2651.9,2,hamatz
460,16709176,Efnutrrionpy,"2026-09-16 02:56:43",2650.7,2,efnutrrionpy
461,16652630,stars_w,"2026-09-18 06:57:00",2649.9,2,starsw
462,16899300,"Yassine Chritt","2026-09-17 06:31:14",2649.6,2,yassinechritt
463,16720056,"Heads or Tails","2026-09-17 19:39:29",2648.9,2,headsortails
464,16653093,"willam wu","2026-09-17 11:01:37",2648.5,2,biaaib
465,16659730,"Zhang Yingluo","2026-09-18 02:46:03",2648.4,2,zhangyingluo
466,16621628,pupen_o,"2026-09-15 21:59:06",2648.3,2,pupeno
467,16693050,Shoko,"2026-09-18 06:32:55",2647.7,2,abreyton
468,16743858,kawauso9n,"2026-09-16 22:06:21",2647.3,2,kawauso9n
469,16665134,edteoh,"2026-09-18 06:45:48",2647.1,2,edteoh
470,16663632,Seho.Connect,"2026-09-18 09:21:16",2646.7,2,sehoconnect
471,16779519,"Xiangsong Tian","2026-09-17 22:02:54",2646.7,2,xiangsongtian25
472,16749071,snc5656,"2026-09-18 10:34:06",2645.1,2,jamm1412
473,16743852,"Giovanni Giorgio","2026-09-17 17:09:13",2644.6,2,"alexandermlad,erikpymay"
474,16790765,Aristotle.Chen,"2026-09-18 03:06:01",2644.4,2,aristotlechen
475,16858228,doubao,"2026-09-16 07:08:13",2644.2,2,"erhankangyan,yuanlili123321"
476,16664239,VK_Kaggriculture..StartCompet,"2026-09-17 17:40:55",2642.6,2,venkatkumar001
477,16875968,"Dias Bakhtiyarov","2026-09-16 19:41:15",2642.6,2,diasbakhtiyarov
478,16838538,"rz cao","2026-09-18 10:59:38",2642.6,2,caoruizhe
479,16704247,WeAreFarmers,"2026-09-17 18:17:14",2642.4,2,gbmorris1
480,16897094,Ryota-Di,"2026-09-18 03:33:51",2642.3,2,ryota6230
481,16894110,寒月千逸,"2026-09-18 03:41:21",2639.6,2,"hanyueqianyi,leeyang1,sakurahg"
482,16908425,"Tagir Eminov","2026-09-18 09:54:58",2639.0,2,tagireminov
483,16797699,"Dylan Moraes","2026-09-17 07:24:13",2638.9,2,dylanmoraes
484,16903912,樱花冷月,"2026-09-18 06:28:43",2638.3,2,yinghualengyue
485,16859157,"David Mensah-Gbekor","2026-09-17 22:03:56",2637.2,2,ravdave
486,16750268,"Harris Bashir","2026-09-17 12:04:54",2636.3,2,harrisbashir
487,16640472,"Vsevolod Rakita","2026-09-17 07:45:17",2635.7,2,vsevolodrakita
488,16671738,Exposed,"2026-09-18 09:18:10",2634.6,2,erickeller2
489,16848622,"KUO JEN WEI","2026-09-18 06:49:47",2634.5,2,"kuojenwei,kuyiting"
490,16633340,"Tim Zagrebelny","2026-09-18 07:49:42",2634.1,2,timzagrebelny
491,16659961,faahh,"2026-09-18 08:29:22",2633.8,2,shivam98saini
492,16702691,"Zengyi Mei","2026-09-18 10:38:21",2632.7,2,sfkmzy
493,16872275,"Maciek Kiryla","2026-09-17 07:55:48",2631.9,2,doktorkelp
494,16655654,Cacinie,"2026-09-17 15:36:29",2630.5,2,cacinie
495,16732714,Mforg,"2026-09-17 17:11:17",2630.3,2,mforg74911
496,16853849,emreaydin,"2026-09-18 04:28:06",2629.9,2,aydinemre
497,16635340,"zhuo wamg","2026-09-17 16:51:00",2629.9,2,zhuowamg
498,16886627,caintly,"2026-09-18 00:52:54",2629.7,2,eyesad
499,16906651,Izumi_LP,"2026-09-17 03:25:34",2629.5,2,amememe
500,16702975,RicardoLópez,"2026-09-17 21:11:12",2629.4,2,richi2489
501,16644565,Suda,"2026-09-16 22:55:52",2629.3,2,"chaneyma,deryawang"
502,16804022,monsaraida,"2026-09-17 13:02:37",2628.8,2,monsaraida
503,16695046,"Farmers Is All You Need","2026-09-18 08:16:52",2628.6,2,"aurax7,coolinlai,davidsarrat,pseree,zongzishuang"
504,16749079,mraz1006,"2026-09-17 16:34:26",2628.0,2,mraz1006
505,16695283,"Mark Baushenko","2026-09-18 09:42:32",2626.9,2,e0xextazy
506,16777359,"Dmitriy Ulybin","2026-09-18 05:05:49",2626.7,2,dmitriyulybin
507,16782203,"rui xiong","2026-09-17 17:09:00",2626.5,2,xiongruihumingyu
508,16803448,jiatu.l,"2026-09-17 21:35:56",2626.3,2,jiatul
509,16790660,suk1yak1,"2026-09-17 12:54:24",2626.2,2,suk1yak1
510,16731803,JYShane,"2026-09-18 06:48:08",2625.9,2,jyshane
511,16726545,whm8016,"2026-09-18 03:52:31",2625.8,2,whm8016
512,16712121,"Hai Dang","2026-09-16 17:11:25",2624.6,2,haidang2405
513,16757809,dasfds,"2026-09-17 11:14:35",2624.5,2,dasfds
514,16756764,"Alperen Aydın","2026-09-17 14:34:10",2623.4,2,alperen5252525
515,16738503,dddmd,"2026-09-17 23:59:54",2623.1,2,dddmdd
516,16641077,lucaskna,"2026-09-17 23:30:57",2622.9,2,lucaskna
517,16663264,Adarsh,"2026-09-18 05:50:11",2622.8,2,madarshbb
518,16793895,"Moh Notif","2026-09-18 07:29:04",2621.1,2,mohnotif
519,16864870,JR,"2026-09-17 16:33:06",2620.5,2,jurijsruko
520,16854869,Ibar-Aki,"2026-09-17 16:11:49",2619.8,2,akicolor
521,16632291,"alex chilton","2026-09-17 05:28:31",2619.6,2,alexchilton
522,16653068,"Shuichi Fushimi","2026-09-15 11:47:34",2618.5,2,shuichifushimi
523,16844004,"Takahiro Saito","2026-09-18 05:26:07",2618.2,2,takahiro3110
524,16838589,iCO,"2026-09-17 18:54:30",2618.0,2,takashimaeda
525,16693534,HireMe,"2026-09-18 10:12:57",2616.6,2,junta1104
526,16623616,nasubiman,"2026-09-17 14:54:31",2615.4,2,yousukenakamura
527,16730334,"Have a nice trip in USST","2026-09-18 04:33:22",2615.4,2,"eugeneyeung,grace7523,tuskig,wzh20050212"
528,16732156,"Ца-ри-ца по-лей, ку-ку-ру-за!","2026-09-17 09:07:09",2614.7,2,samvelkoch
529,16673336,honjousetuna,"2026-09-16 12:45:25",2613.3,2,honjousetuna
530,16849125,"OBSTACLE DEVELOPER","2026-09-18 09:26:08",2612.1,2,obstacledeveloper
531,16875659,あかつき,"2026-09-17 21:02:37",2611.9,2,akatuki25
532,16669926,Jince,"2026-09-17 12:51:18",2610.3,2,jincesaju
533,16863350,"Horatio Eversfield","2026-09-17 18:58:17",2610.2,2,horatioeversfield
534,16834038,"Akio Furutsuka","2026-09-17 18:27:22",2609.8,2,akiofurutsuka
535,16667242,"Gleb Tumanov","2026-09-16 02:54:16",2609.4,2,crachton
536,16683755,"Meng Di","2026-09-18 04:41:58",2609.0,2,hughshaoqz
537,16823116,一路向北,"2026-09-18 06:44:10",2608.4,2,chronoscop
538,16713262,"Seyit kaan Gunes","2026-09-16 14:16:13",2607.2,2,seyitkaangunes
539,16797457,Aamod06,"2026-09-17 17:04:37",2607.0,2,aamod06
540,16917982,"Haitao56 ","2026-09-18 08:24:39",2606.9,1,haotao56
541,16880975,"Shenyu Ma","2026-09-17 19:38:58",2606.5,2,shenyuma
542,16756492,satokato,"2026-09-16 11:49:42",2605.8,2,satokato
543,16730323,fufufukakaka,"2026-09-18 01:22:03",2605.8,2,fufufukakaka
544,16848396,ColorGram,"2026-09-17 14:04:22",2604.7,2,colorgram
545,16768236,Baligh,"2026-09-17 11:53:03",2604.5,2,balighmehrez
546,16662910,"shoryakumar mishra","2026-09-18 04:53:56",2604.3,2,shoryakumarmishra
547,16842786,ScotLee08,"2026-09-18 07:06:16",2603.9,2,scotlee08
548,16678534,"Filip Strzałka","2026-09-18 05:03:15",2603.6,2,snufkin77
549,16778178,kyosan,"2026-09-18 02:10:01",2603.4,2,"azizbekxasanov,dilyorbek"
550,16776793,"Guilherme Raiuga","2026-09-18 10:13:53",2603.3,2,guilhermeraiuga
551,16886856,爱上帝的小熊猫,"2026-09-17 08:39:50",2602.7,2,xuefengxie
552,16623449,"Ryo Takaki","2026-09-18 00:06:18",2602.7,2,ryotakaki
553,16635818,F.A.Nina,"2026-09-18 09:42:10",2601.3,2,nina2025
554,16624934,"Haramball forever!","2026-09-17 17:19:52",2600.1,2,envyy23120093
555,16759501,BaconT,"2026-09-17 06:23:28",2599.8,2,bacont
556,16692185,"Xu Suyi","2026-09-17 11:08:37",2598.9,2,xuyuhaosuyi
557,16655423,"Roland Luethy","2026-09-17 17:05:42",2598.6,2,rluethy
558,16843860,LH-and-FPGA,"2026-09-17 23:33:36",2597.5,2,lhandfpga
559,16805244,nari,"2026-09-17 15:05:37",2595.6,2,shoheiyoshinari
560,16791248,"Ioannis Tzachristas","2026-09-16 19:33:15",2594.4,2,"ioannistzachristas,lilishyxf"
561,16674508,"Giulio Ravasio","2026-09-18 09:04:11",2593.5,2,giuliorav
562,16784164,Yaojinming,"2026-09-18 09:17:56",2593.2,2,yjm0905
563,16624040,kumk,"2026-09-17 17:55:55",2593.1,2,kknagoya
564,16779304,"Ari Nakos","2026-09-17 15:21:27",2592.8,2,aristides
565,16731971,s_a_ai_engineer,"2026-09-17 12:03:01",2591.9,2,saaienginner
566,16695567,tera358,"2026-09-17 13:59:02",2591.2,2,tera358
567,16624571,"Baidalin Adilzhan [dsml.kz]","2026-09-17 15:19:18",2591.2,2,"baidalinadilzhan,qasminumber,zelza0"
568,16749466,"The Wolf of Wheat Street","2026-09-16 23:35:18",2591.1,2,"lijuantang19,yuemengzheng01"
569,16778340,NayuNayu,"2026-09-17 15:58:18",2590.6,2,nayunayu1005
570,16848479,nilochan,"2026-09-18 06:57:58",2589.2,2,nilochan
571,16748173,pensukesan,"2026-09-18 10:17:19",2589.0,2,pensukesan
572,16697089,"aghbalou Anass","2026-09-17 11:19:36",2588.3,2,aghbalouanass
573,16832316,"Tatu Helander","2026-09-18 10:22:37",2588.2,2,tatuhelander
574,16621153,"Addison Howard (ineligible)","2026-09-18 08:00:16",2587.3,2,addisonhoward
575,16807108,dongdongunique2,"2026-09-18 08:27:02",2586.3,2,yinzhaoren
576,16640394,"MOHAMMADJAFAR ZAMANI","2026-09-18 08:11:01",2584.3,2,mohammadjafarzamani
577,16690353,b13902103_yuhung94,"2026-09-16 02:20:35",2583.8,2,yuhung94
578,16757727,"Sohshi Nakamura","2026-09-18 09:43:39",2583.4,2,sohshinakamura
579,16716821,めめっち,"2026-09-17 01:51:38",2583.3,2,mechi22
580,16776738,"Kundan Bhaskar","2026-09-17 21:23:42",2583.3,2,kundan007
581,16668736,bhundreds,"2026-09-17 03:10:22",2583.1,2,hundreds1103
582,16668227,Yusuraume,"2026-09-18 04:31:03",2582.5,2,sugitatomohiko
583,16661575,skw1990,"2026-09-17 02:11:51",2582.3,2,skw1990
584,16804859,DevashishSoni123,"2026-09-17 16:11:41",2580.1,2,devashishsoni123
585,16636536,tetsu2131,"2026-09-17 21:02:27",2580.0,2,tetsutani
586,16672315,CemBas,"2026-09-18 02:49:55",2579.3,2,cembas
587,16804768,Chaos,"2026-09-17 17:07:26",2579.0,2,hcfighting
588,16670453,141,"2026-09-17 12:11:17",2578.7,2,"muhammadmustafaxo,siddiqshah"
589,16792109,rogerrogerroger3r,"2026-09-18 10:06:52",2577.5,2,rogerrogerroger3r
590,16734966,kigasudayooo,"2026-09-17 02:23:26",2575.1,2,argon1215
591,16847812,"Superman king","2026-09-18 10:59:06",2574.8,2,supermanking
592,16644303,"kevin zhou","2026-09-17 00:46:12",2574.3,2,kevinzhou66
593,16685982,Snorf,"2026-09-17 20:11:11",2573.7,2,snorfyang
594,16693227,"Aniket Sharma","2026-09-17 13:42:50",2573.5,2,aniketsharma00411
595,16916611,"Taha Hassan","2026-09-17 18:59:38",2573.0,2,syedtahahassan
596,16670210,"Ali Alghaithi","2026-09-17 18:09:56",2572.8,2,alioman
597,16773144,"Mohamed Salah","2026-09-18 04:27:42",2572.6,2,mosalah7
598,16632743,"Krizsó Gergely","2026-09-17 13:21:40",2572.4,2,lucifer19
599,16641524,AkiraIshikawa,"2026-09-18 09:52:48",2572.4,2,akiraishikawa
600,16644808,"Rotation Theory","2026-09-17 03:19:49",2572.3,2,mikhsank
601,16738408,kujitama,"2026-09-17 12:13:20",2572.2,2,tyamujin
602,16668430,"john inan","2026-09-17 16:51:53",2571.8,2,johninan
603,16746317,xingyun_byto,"2026-09-17 05:09:49",2571.1,2,xingyunbyto
604,16747306,"Yasasvi Josyula","2026-09-17 06:36:56",2570.5,2,yasasvijosyula
605,16686483,"the time is wasting","2026-09-17 15:35:38",2569.2,2,leonstew
606,16814417,"Jane Street Farmers","2026-09-17 13:12:57",2569.1,2,"akamasterpiece,gianghiango,paramizodicrominique,phnhnnguyn,sebastiancooper116"
607,16687363,"elegantangel (628700)","2026-09-17 20:45:57",2568.6,2,elegantangel
608,16632423,goh,"2026-09-18 10:48:22",2568.6,2,bungohatayama
609,16849801,tq1d,"2026-09-17 22:13:23",2568.1,2,haya03010
610,16723893,iring58,"2026-09-18 08:40:32",2567.8,2,iring58
611,16669089,YujieXing10,"2026-09-18 06:34:16",2566.9,2,yujiexing10
612,16658554,Pai,"2026-09-16 16:26:20",2566.4,2,rajathrpai
613,16840509,"Iskander Yusupov","2026-09-17 09:35:41",2566.3,2,iskanderyusupov
614,16818313,"haonan zhengh","2026-09-17 03:53:55",2565.4,2,haonanzhengh
615,16848970,massi0411,"2026-09-17 13:38:38",2565.1,2,massi0411
616,16839983,hana87hana,"2026-09-18 05:16:15",2565.0,2,hana87hana
617,16732129,"payne yam","2026-09-17 06:16:08",2564.3,2,payneyam
618,16665746,Chiranjieev,"2026-09-18 09:29:56",2563.8,2,"abhirajhiwale,amitambhore27,himanshu2605"
619,16681100,Chiranjith,"2026-09-17 11:37:34",2563.3,2,chiranjithdharma
620,16690065,JiangWenfeng1,"2026-09-17 02:35:45",2563.2,2,jiangwenfeng1
621,16742183,alessandrozonta,"2026-09-18 08:25:58",2562.3,2,azonta
622,16859757,"Nathan Jacob","2026-09-17 09:51:24",2562.0,2,nathanjacob
623,16761652,"Dhruv #2","2026-09-17 02:32:05",2561.6,2,dhruvrama
624,16709304,"Aleksey SCHUKIN","2026-09-17 06:44:55",2560.9,2,alekseyschukin
625,16914244,Poemcourt,"2026-09-17 11:14:15",2560.3,1,poemcourt
626,16773026,アルモンド,"2026-09-18 05:20:52",2560.3,2,almondman0707
627,16658700,"szlachetny snieg","2026-09-17 13:19:53",2559.2,2,takayukiimoto
628,16697891,KuziJA,"2026-09-17 03:48:49",2558.7,2,kuzija
629,16762926,"Ricky RTG","2026-09-18 06:57:46",2557.7,2,rickyrtg
630,16698294,"John Doe","2026-09-17 06:51:55",2557.5,2,johndoe90843
631,16719563,"GPT-5.6 Sol🏆","2026-09-18 08:46:02",2556.3,2,"ctfxiao,gaoruihua,otherworldly777,wennaliu2007,xgentle"
632,16789745,LoveLetter,"2026-09-18 02:37:03",2556.0,2,arthasmenethil
633,16752250,"Takahiro Katsumata (tkatsuma)","2026-09-18 03:31:53",2555.4,2,alextfkd
634,16673131,"Arfin Mustofa","2026-09-17 01:40:55",2555.3,2,arfinmustofa
635,16740892,"yuki matsumori","2026-09-18 07:17:17",2555.3,2,yukimatsumori
636,16651695,"Abnormal Guys","2026-09-18 05:48:43",2554.9,2,"gwey1025,koushikrudra"
637,16866549,"Roman Nesterov","2026-09-17 12:40:36",2554.9,2,romanest
638,16817518,Dresden,"2026-09-17 08:58:13",2554.2,2,dresdeng
639,16898049,"Alua Аkhmetkali","2026-09-18 10:17:22",2553.3,2,alua01
640,16666977,"Tagir Analyzes","2026-09-18 00:00:09",2553.2,2,tagirkhairutdinov
641,16784725,prairieee,"2026-09-17 02:45:42",2552.8,2,"haideptry,prairieee"
642,16669490,hinemos,"2026-09-17 17:10:37",2552.4,2,hinemos
643,16853054,saberzky,"2026-09-18 10:16:15",2551.5,2,saberzky
644,16682183,lihaha.36,"2026-09-17 07:59:00",2549.8,2,lihaha36
645,16647192,"Sailor Ren","2026-09-17 07:09:02",2549.4,2,sailorren
646,16658365,OnlyFarms,"2026-09-17 00:23:26",2548.9,2,hoowoo
647,16621590,Yaroslav,"2026-09-17 12:15:52",2548.2,2,yaroslavrogoza
648,16773125,kuroko1t,"2026-09-17 07:52:48",2546.9,2,kuroko1t
649,16633212,goosehaaan,"2026-09-16 15:20:59",2546.0,2,goosehaaan
650,16656337,"Prashant Kikani","2026-09-17 10:34:36",2545.8,2,prashantkikani
651,16889597," Master Bob111","2026-09-18 07:56:32",2545.8,2,masterbob111
652,16735794,宗宗没有英文名,"2026-09-17 15:49:41",2544.5,2,iver666
653,16730301,wonder777,"2026-09-18 01:17:27",2544.5,2,wonder777
654,16621075,"Octavi Grau","2026-09-18 09:28:05",2544.3,2,octaviograu
655,16845833,おかゆん,"2026-09-17 10:58:11",2544.1,2,okayun
656,16635872,"Evgeniya Dmitrieva","2026-09-17 15:41:30",2543.9,2,evgeniyadm
657,16626814,"Vu Tran Hoang","2026-09-17 03:27:27",2543.6,2,hoangvux
658,16914801,milkdragon,"2026-09-17 13:08:28",2543.5,1,hhhhhhyc
659,16808526,iheng88,"2026-09-17 15:10:40",2543.4,2,iheng88
660,16779067,fishwg,"2026-09-18 08:41:56",2543.2,2,fishwg
661,16806376,pardival,"2026-09-17 08:59:46",2543.1,2,pardival
662,16857766,OmerZalman,"2026-09-16 23:00:19",2542.8,2,omerzalman
663,16622420,RuiFSPinto,"2026-09-18 07:54:54",2542.8,2,ruifspinto
664,16658777,"Jiarui (Jerry) Cao","2026-09-17 04:20:52",2542.5,2,jiaruicao7
665,16795070,"HKUST Random","2026-09-18 07:40:17",2541.9,2,siulungfan
666,16713743,oliver,"2026-09-18 05:21:01",2541.9,2,ollibolli
667,16785483,xiongrui666,"2026-09-18 02:50:17",2541.7,2,xiongrui666
668,16861302,YieldCurve,"2026-09-17 22:30:27",2541.7,2,"gendaijin,haruna015"
669,16768702,"Crop It Like It's Hot","2026-09-17 05:21:36",2541.5,2,"davidben10,rachel79"
670,16726616,9Hash,"2026-09-17 04:43:20",2540.8,2,hashimrazi
671,16848208,"Takuto Inoue","2026-09-17 11:20:12",2539.7,2,takutoinoue
672,16625220,thisray,"2026-09-18 08:10:10",2539.6,2,thisray
673,16699947,HKmgikao,"2026-09-17 09:42:43",2539.0,2,hitoshikmgai
674,16622422,ss,"2026-09-18 05:51:13",2538.0,2,forest2026
675,16681927,"Dariush Afshar","2026-09-17 04:30:38",2537.7,2,dariushafshar
676,16888254,CaliforniaDog,"2026-09-17 20:30:18",2536.8,2,californiadog
677,16621625,YBEJlKA,"2026-09-18 08:40:52",2536.6,2,alexanderchesnokov
678,16772723,"Zhou Haonan","2026-09-16 13:21:16",2536.6,2,hatsuseizuna
679,16754022,Pico,"2026-09-18 06:36:01",2536.5,2,charithgr
680,16667951,KoRo2_JP,"2026-09-18 08:32:27",2535.5,2,koro2jp
681,16740207,"As Long As You Love Me","2026-09-17 13:40:30",2535.1,2,theunforgiven7
682,16894714,MilkaDVP,"2026-09-17 16:49:46",2534.9,2,gerbertradmirovich
683,16701697,Pelican,"2026-09-17 09:40:01",2534.8,2,chetanagrawall
684,16811949,PeterDreamHan,"2026-09-17 08:56:04",2534.3,2,"niuwh1004,peterdreamhan"
685,16676034,"Songyot P","2026-09-18 06:33:06",2534.2,2,songyotpi
686,16798989,"Harvest Sun","2026-09-17 06:18:22",2533.7,2,zaoooo29
687,16685014,"Vishal Kishore","2026-09-18 05:55:30",2533.2,2,kishorevishal
688,16699165,lime0001,"2026-09-18 09:44:25",2532.4,2,lime0001
689,16895106,linchuhan,"2026-09-17 23:58:47",2532.2,2,linchuhan
690,16888126,Iminabo,"2026-09-17 16:21:33",2532.0,2,iminabo
691,16709492,abozten,"2026-09-14 18:54:17",2531.5,2,abozten
692,16891283,tofu1002,"2026-09-17 09:53:54",2531.2,2,tofu1002
693,16905679,xaxipiruli,"2026-09-18 10:01:20",2530.4,2,xaxipirulazo
694,16767360,"Sinh Nguyễn Đức","2026-09-17 19:30:06",2530.0,2,sinhnguync
695,16623749,Tejas,"2026-09-17 09:53:36",2529.2,2,tejuuss
696,16712134,cf696666,"2026-09-18 01:57:20",2528.8,2,cf33333
697,16806840,"Tavuk Master","2026-09-17 09:02:48",2528.6,2,mkrimenurgm
698,16898760,"Berat Erol ÇELİK","2026-09-17 19:08:11",2528.3,2,beraterolelk
699,16799832,"Maman Salto","2026-09-18 06:49:14",2527.8,2,saddamaditya
700,16860663,久保兼,"2026-09-17 11:25:22",2526.6,2,kuboken
701,16664111,"John Park","2026-09-17 12:01:31",2524.5,2,sigint
702,16826555,AioRaito,"2026-09-17 04:08:29",2524.5,2,aioraito
703,16707547,Lin,"2026-09-17 23:43:43",2523.4,2,linjianrong
704,16657152,"K S VIJAYARAAGHAVAN","2026-09-17 18:08:35",2523.4,2,ksvijayaraaghavan
705,16856629,Methematics,"2026-09-17 15:14:04",2523.3,1,pavelvasilevskiy
706,16830526,"Raghav Agrawal","2026-09-17 14:02:41",2522.9,2,raghagra
707,16717787,Bull,"2026-09-18 08:09:27",2522.9,2,welshonionman
708,16806000,wyz0210,"2026-09-18 10:27:43",2522.1,2,weiyouzhen
709,16732507,iwashhh,"2026-09-18 02:48:12",2521.0,2,"alcoholcat,yuinokogawa"
710,16660152,LIH.YUN,"2026-09-17 14:24:39",2519.8,2,fxlcee
711,16840073,"Kragglenote2 Forwork","2026-09-17 12:27:17",2518.5,2,kragglenote2forwork
712,16718745,"Vishwamitra Mishra","2026-09-18 11:00:49",2518.2,2,vishwa007
713,16795853,GaoKui,"2026-09-17 15:27:22",2518.2,2,gaokui
714,16676193,"Akira Hirohashi","2026-09-18 09:16:25",2518.0,2,akirahirohashi
715,16774674,"Perminov Matvey","2026-09-17 08:51:13",2517.6,2,mperminiov
716,16855295,zhudong1949,"2026-09-18 08:57:23",2516.7,2,zhudong1949
717,16674312,yuxuan,"2026-09-17 04:57:15",2516.5,2,yuxuan1221
718,16897870,妮选择遗忘的,"2026-09-17 13:59:51",2516.5,2,yk120951
719,16632757,taopy2,"2026-09-17 03:19:26",2516.5,2,taopy2
720,16660726,现实是个乐子,"2026-09-18 08:52:13",2515.7,2,gengsr
721,16762289,NineThree,"2026-09-18 09:30:52",2515.5,2,xiaoazuzong
722,16882746,yuiop!,"2026-09-17 15:44:26",2515.4,2,yuiopy
723,16793474,"Liu Classmate","2026-09-18 02:28:57",2515.0,2,"lilya98,liuclassmate,yuxuanzhao1203"
724,16832192,"No Name #2","2026-09-17 13:03:01",2515.0,2,ivanj0
725,16707036,"Just a Farmer","2026-09-18 06:37:30",2514.5,2,gunianxue
726,16732552,RyutoKeshi,"2026-09-18 09:27:36",2513.6,2,ryutokeshi
727,16799428,hatata,"2026-09-18 05:05:05",2512.3,2,hatata3737
728,16658185,"Juwon Kweon","2026-09-16 15:32:29",2511.9,2,juwonkwon
729,16634432,KARGI,"2026-09-17 07:51:20",2511.0,2,learningkin
730,16696304,"Utkarsh #2","2026-09-14 09:40:40",2510.8,2,n0va007
731,16705390,"Subramanya N","2026-09-18 11:00:40",2510.6,2,subramanya1997
732,16904028,BraydenPikachu,"2026-09-17 04:56:21",2510.1,2,braydenpikachu
733,16845531,"Suzuki Yuto - W","2026-09-17 06:59:53",2509.7,2,hoshinoyumemi
734,16641548,"Indium AI Labs","2026-09-17 08:19:29",2509.6,2,"devaanshpa,wolframbopp"
735,16691572,"Lord Momo","2026-09-18 04:20:54",2509.6,2,stevenleehans
736,16858303,马嘉蛋爱玩跳棋,"2026-09-17 09:01:14",2508.5,2,"jamalzzj,jlw123456"
737,16782520,Durian,"2026-09-17 15:54:45",2508.1,2,rainyjin
738,16765807,"Win Suthar","2026-09-18 09:24:27",2506.8,2,ashwanidhukra
739,16671150,Mc10nys0n,"2026-09-16 13:55:14",2506.6,2,rattanunt
740,16786109,"Thomas Deng","2026-09-15 12:06:46",2506.2,2,tdeng24
741,16655505,Debmalya,"2026-09-17 10:37:41",2506.0,2,debmalya84
742,16722399,"Meta learners","2026-09-17 07:26:23",2505.7,2,aditya2909rb
743,16729192,1m0ke,"2026-09-17 14:26:03",2504.2,2,smokelate
744,16836633,Yukino487,"2026-09-17 05:16:55",2504.1,2,yukino487
745,16661533,wangyuou,"2026-09-17 11:13:29",2503.9,2,wangyuou
746,16895147,"DL Julius","2026-09-17 12:12:44",2503.2,2,dljulius
747,16661118,"Sirui Zeng","2026-09-17 21:47:21",2503.1,2,siruizeng
748,16768385,neibyr,"2026-09-18 00:08:29",2502.1,2,neibyr
749,16623520,asteriam,"2026-09-18 08:23:59",2500.8,2,masatakashiwagi
750,16661073,PyJa,"2026-09-16 17:50:06",2500.7,2,pixiux
751,16688159,"aildar &  slopernak & bobot","2026-09-16 23:23:39",2500.4,2,"eldarkhisamutdinov,mernak,vladimirbagmanov"
752,16676609,cqupt_sdq,"2026-09-18 10:44:22",2498.2,2,sdq2237
753,16878119,Aryan.Ahl,"2026-09-18 01:40:53",2498.1,2,aryanahl
754,16870247,mxt1022,"2026-09-18 04:53:16",2497.7,2,unlome
755,16641171,"Sadettin Şamil Verdil","2026-09-17 15:24:55",2497.1,2,sadettinamilverdil
756,16799769,manyuA,"2026-09-17 11:43:19",2496.5,2,"forheuristiclifeksh,manyua,realhonest"
757,16623643,LiXingtao,"2026-09-18 06:10:04",2496.5,2,lixingtao123
758,16743656,Deskbo,"2026-09-16 13:45:12",2495.5,2,deskbo
759,16657657,ArnabKarmakar,"2026-09-18 00:05:13",2495.4,2,arnabkarmakar
760,16741672,张菠,"2026-09-17 02:56:14",2495.2,2,ysqdababa
761,16802505,daviondk,"2026-09-17 12:57:35",2495.1,2,daviondk
762,16908263,Paing,"2026-09-18 00:01:41",2495.1,2,painghtetsw
763,16657931,t-enstar,"2026-09-16 13:43:53",2494.0,2,tstustatama
764,16881395,nikotin55,"2026-09-18 08:09:52",2494.0,2,"isaevsemyon,nikotin55,remihrf"
765,16660251,Yagawa,"2026-09-17 15:18:46",2492.5,2,yagawa
766,16662883,OceanMix,"2026-09-18 05:27:01",2492.5,2,"cggonzalezsc,fierus,liesvyvalladares"
767,16721384,Hackoholics,"2026-09-16 05:57:18",2489.0,2,"limyenhui,richierx"
768,16883355,"Zalyaliev Marat","2026-09-17 23:02:29",2488.5,2,axollo
769,16823319,eviltsundera,"2026-09-17 22:09:55",2488.3,2,eviltsundera
770,16656340,MAGMA,"2026-09-17 13:47:56",2487.6,2,infiheart
771,16810306,"Asy Mortenson","2026-09-17 16:24:01",2487.6,2,asymortenson
772,16810954,BayramAnnakov,"2026-09-17 21:13:35",2486.9,2,bayramannakov
773,16876865,LR.AIML,"2026-09-16 15:05:01",2486.9,2,"lucasgroot,robkraseu"
774,16698999,Odyssey,"2026-09-17 01:07:15",2485.9,2,a1spirit
775,16694110,"Team Amboss","2026-09-16 19:43:40",2485.6,2,alexphilippi
776,16622319,"Roman Tamrazov 52","2026-09-18 09:42:10",2484.9,2,romantamrazov
777,16699856,yukio,"2026-09-17 04:22:12",2484.5,2,yukioseki
778,16660483,TIM,"2026-09-15 23:50:33",2484.3,2,daynoryamil
779,16806018,トゲアリトゲナシトゲトゲ,"2026-09-17 18:49:42",2484.3,2,togearitogenasi
780,16771200,DeeSaa,"2026-09-17 12:15:27",2483.8,2,deesaa
781,16682210,Boiled-Sweet-Potato,"2026-09-18 04:32:45",2483.2,2,boiledsweetpotato
782,16730673,"John Doge","2026-09-18 06:24:51",2482.4,2,spacedoge
783,16661039,Abracadabra,"2026-09-17 15:48:59",2482.1,2,giovannicr
784,16678693,"Maher el Ouahabi","2026-09-18 08:50:38",2482.1,2,maherelouahabi
785,16911212,zby_4240,"2026-09-18 06:13:27",2481.8,2,"panhiuting,zby4240"
786,16633179,infamemconculcemus,"2026-09-17 07:11:03",2481.6,2,jcgweb
787,16904984,"Andrej Angelovski","2026-09-16 17:32:42",2481.2,2,cybertiger7
788,16864016,"Setu Chokshi","2026-09-16 02:09:48",2480.7,2,setuch
789,16745569,kitchs,"2026-09-17 03:02:57",2479.6,2,kitchs
790,16805778,"Dương Đức Anh","2026-09-17 14:52:22",2479.3,2,"dda2k6,trungdttik55"
791,16734580,shyjin,"2026-09-18 00:14:18",2479.2,2,shyjin
792,16887107,"Crazy Spirits","2026-09-17 06:04:46",2478.8,2,latents
793,16683808,RuggedBones,"2026-09-17 16:42:46",2477.2,2,ruggedbones
794,16629787,FlameZywoo,"2026-09-18 07:25:47",2476.9,2,zgdllt
795,16859434,DearKarl,"2026-09-17 10:25:35",2476.6,2,dearkarl
796,16846963,成吉思汗,"2026-09-18 04:01:30",2476.5,2,jddhhdh
797,16683936,Cyrus,"2026-09-16 13:23:53",2476.2,2,jamalsaeedi
798,16879636,aaaaLiu123,"2026-09-17 12:05:37",2476.2,2,aaaaliu123
799,16763669,cm391,"2026-09-16 17:11:34",2476.1,2,mccocoful
800,16685548,"Erfan Eshratifar","2026-09-15 23:57:38",2475.0,2,erfaneshrati
801,16683529,"Yanis Belami","2026-09-18 10:29:09",2474.4,2,yanisbelami
802,16732478,Ken_Ken_Pa,"2026-09-18 00:17:47",2474.2,2,kenkenpa
803,16743172,moonzfxs,"2026-09-16 15:14:35",2472.8,2,moonzfxs
804,16621294,dpquoc,"2026-09-17 08:36:40",2472.8,2,dpquoc
805,16748765,"A. R. SEKKAT","2026-09-17 20:07:26",2472.4,2,arsekkat
806,16688294,"high frequency farming","2026-09-18 08:38:09",2472.0,2,"gunhcolab,hweowe,markslavin"
807,16635067,"Berat Egemen Gök","2026-09-16 19:54:25",2470.1,2,berategemengk
808,16871409,"Aleksandr Isakov","2026-09-17 23:40:58",2469.2,2,aleksandrisakov
809,16890654,"Niloofar Y.","2026-09-17 16:23:52",2468.9,2,niloofaryoonesi
810,16651257,PursueML,"2026-09-15 13:38:39",2468.7,2,"cuijohn,pursueml"
811,16688460,lllleeeo,"2026-09-16 17:38:13",2468.4,2,lllleeeo
812,16751516,uki706,"2026-09-18 05:16:14",2467.3,2,uki706
813,16814375,"Yuta Eiki","2026-09-18 02:27:16",2467.2,2,wildauk
814,16624047,GUOHAOYANG,"2026-09-16 22:42:54",2467.1,2,pkuszboi
815,16677810,"Maksim Borisov","2026-09-16 21:33:37",2465.4,2,ma4ypic4y
816,16839902,"Sōsuke Aizen","2026-09-16 19:50:03",2465.2,2,"soukeaizenz,souvikdbiswas"
817,16734715,史永刚,"2026-09-18 06:12:55",2465.2,2,shizehao
818,16894895,kangmingpeng,"2026-09-17 03:06:12",2465.0,2,kangmingpeng
819,16654707,ManasviSharma,"2026-09-17 16:44:34",2463.9,2,manasvi821
820,16659081,"JALKARNA GAUTAM","2026-09-17 07:54:19",2463.3,2,jalkarnagautam
821,16842183,"Sumukh M G","2026-09-17 05:51:00",2463.0,2,sumukhmg35
822,16865470,J.Moriuchi,"2026-09-16 22:43:15",2462.9,2,hesoponyo
823,16658830,"Farhat Pachisa","2026-09-17 05:27:59",2462.7,2,farhatpachisa
824,16910590,Hubillionaire,"2026-09-17 06:56:01",2462.6,2,hubillionaire
825,16741113,kaitle,"2026-09-18 09:32:57",2462.0,2,kaitle
826,16802575,saeNeko,"2026-09-17 07:47:44",2461.3,2,sae20gorilla
827,16881600,"Yoshihiro Hatakeyama","2026-09-16 23:27:13",2460.6,2,yoshihiro1909
828,16639971,"qi yun","2026-09-18 10:01:43",2460.1,2,qiyun280
829,16681116,Kagamihara,"2026-09-18 01:39:49",2460.0,2,kagamihara
830,16673109,"Surya Bhattiprol","2026-09-17 16:13:40",2459.7,2,suryabhattiprol01
831,16768449,"Dmitry Volovikov","2026-09-17 09:53:39",2458.6,2,dmitryvolovikov
832,16778744,"Shunsuke Hayashi","2026-09-16 23:29:30",2457.0,2,shunsukehayashi1993
833,16789946,"Oriol Pi Morell","2026-09-18 03:50:15",2456.4,2,oriolpi
834,16866458,lalal2006,"2026-09-18 03:28:58",2455.6,2,lalal2006
835,16762195,eliasruntime,"2026-09-16 00:40:26",2455.5,2,eliasruntime
836,16755203,TY0912,"2026-09-17 12:10:48",2454.9,2,samejimatink0
837,16668406,"VAP RF5","2026-09-17 10:48:54",2454.4,2,vaprf5
838,16867734,SH11235,"2026-09-18 04:36:20",2454.4,2,sh11235
839,16854428,"Marwan Ashref","2026-09-16 17:38:01",2454.1,2,"abobakerabobaker,marwanashref"
840,16700068,"My Little Pony","2026-09-17 13:09:37",2453.7,2,"buxiangzaoqi66,juliezhang131,yaoyilv"
841,16659412,yesterdays_rebel,"2026-09-18 09:42:59",2453.6,2,irfanparaniya
842,16657785,"Himanshu Kumar","2026-09-18 07:26:20",2453.5,2,himanshujha2812
843,16793385,"Rishav Utkarsh","2026-09-18 00:24:35",2453.2,2,rishavutkarsh
844,16701024,pig7selene,"2026-09-18 08:44:36",2453.1,2,ejlthomas
845,16903793,"Zhongkai Shangguan","2026-09-18 04:02:20",2452.8,2,leonshangguan
846,16676455,"Sarthak Sharma ","2026-09-18 08:28:19",2452.0,2,sarthaksharma14
847,16654841,"ABHIRUP DAS","2026-09-16 19:30:20",2451.5,2,abhirupdas10
848,16744842,juisajdiasd,"2026-09-18 01:51:16",2451.2,2,juisajdiasd
849,16881681,失忆的海_,"2026-09-17 14:44:41",2450.4,2,shiyidehai
850,16908403,"Stepan Ivanov","2026-09-18 08:43:37",2450.2,2,stepanivanov233
851,16652451,JackGong,"2026-09-17 14:15:38",2449.7,2,jackgong
852,16717536,c0nrad,"2026-09-16 23:02:38",2448.5,2,stuartlarsen
853,16623637,kuro0315,"2026-09-16 22:48:51",2448.0,2,skuro0315
854,16891740,quwon_000,"2026-09-16 15:37:02",2447.4,2,quwon000
855,16885548,"Anand Kumar 369o","2026-09-16 15:24:25",2447.3,2,anandkumar369o
856,16693215,"Izzoudine Mohamed KANTA","2026-09-17 08:09:06",2446.7,2,izzoudeenkanta
857,16704466,"QQ Farming","2026-09-16 08:28:29",2446.2,2,"dzjiann,hdhsjdjd,keithtyser,mitubant,ngyzly"
858,16904867,wahaka,"2026-09-18 10:45:07",2445.7,2,wahaka
859,16705790,clora,"2026-09-17 13:36:26",2445.6,2,clora16
860,16913723,azamat1ch,"2026-09-17 09:47:50",2445.5,1,azamat1ch
861,16665077,"Mohit Babel","2026-09-17 21:59:54",2445.4,2,mohitbabel
862,16813655,c_fxy,"2026-09-18 06:54:29",2445.2,2,cfxyai
863,16870440,GOSS,"2026-09-17 16:54:42",2445.1,2,gossan
864,16768239,Oshbocker,"2026-09-16 20:59:16",2444.6,2,oshbocker
865,16847478,tokitamago,"2026-09-18 08:08:53",2443.4,2,tokitamago
866,16654373,thwaitsusa2,"2026-09-17 21:49:58",2443.0,2,thwaitsusa2
867,16764459,在高速上逆行是危险的,"2026-09-16 15:42:04",2442.5,2,"chaojiwudiwujie,qianxiang123"
868,16693976,rererenore,"2026-09-16 22:16:52",2442.1,2,rererenore
869,16738349,Suna-D,"2026-09-18 08:44:48",2442.1,2,sunad0630
870,16780455,wadigongren,"2026-09-18 06:39:59",2441.6,2,wadigongren
871,16671017,"Pablo César Ruíz","2026-09-18 07:19:20",2441.6,2,pcruiher08
872,16779977,sue124,"2026-09-17 22:45:55",2440.1,2,ryotasueyoshi
873,16762101,"Kazama Yusuke","2026-09-18 09:34:17",2439.2,2,kazamayusuke
874,16623400,Less,"2026-09-17 08:16:55",2438.8,2,jiaoyouzhang
875,16771623,kekuru,"2026-09-14 14:25:08",2438.6,2,soyaishihara
876,16634179,daoviet,"2026-09-17 06:52:19",2438.2,2,daoviet
877,16911681,nena,"2026-09-17 08:26:17",2438.1,2,nena0undefined
878,16756411,"Maximo Uribarri","2026-09-15 14:59:17",2437.8,2,maximouribarri
879,16654881,Freddy,"2026-09-17 01:21:52",2435.9,2,twoxding
880,16870033,"wbcrypto abrams","2026-09-17 19:25:29",2435.2,2,wbcryptoabrams
881,16805704,ShuHaya,"2026-09-16 23:25:58",2433.4,2,yfqqq088
882,16624026,"Russell Kirk","2026-09-18 04:58:46",2433.3,2,russcore
883,16866398,feles99,"2026-09-17 15:50:08",2433.2,2,feles99
884,16863212,"Jayanth Koppala","2026-09-17 20:46:14",2432.8,2,jayanthkoppala
885,16848394,Polaris,"2026-09-17 02:16:51",2432.7,2,zhanglei226
886,16670384,"Gordeev Max","2026-09-17 18:43:25",2432.6,2,gordeevmax
887,16660485,"Colin Gaffney","2026-09-17 20:55:48",2431.6,2,colingaffney1
888,16623805,"Howon Kang","2026-09-18 10:33:30",2431.1,2,howonkang
889,16670967,"Ne ML Clan","2026-09-16 21:44:07",2429.6,2,"al55522me,egoregors,sirgauda,vladmazeev"
890,16662684,"Harshini Reddy","2026-09-17 17:20:19",2429.5,2,luffyh04
891,16880856,jinxingweilai,"2026-09-17 03:05:31",2429.4,2,jinxingweilai
892,16624276,"MKGA(looking for teammates)","2026-09-16 22:19:09",2427.9,2,"horizen12,zejunfool"
893,16684620,kobayasi,"2026-09-17 15:03:50",2427.2,2,"boomvector,tatsuokoshida"
894,16634426,ertu,"2026-09-18 03:21:48",2427.1,2,ozertuu
895,16707994,"Ayush Gupta #2","2026-09-17 22:21:54",2426.0,2,desmond6101
896,16655477,Aurora,"2026-09-17 20:16:15",2425.9,2,"niteshranjansingh,themeghajoshi"
897,16905157,Moonyk,"2026-09-16 08:16:37",2425.7,1,moonyk
898,16630689,yw8837,"2026-09-17 06:06:23",2425.3,2,yw8837
899,16717255,Ryuuga89,"2026-09-13 16:31:48",2425.2,2,ryuuga89
900,16640807,TS,"2026-09-18 00:23:49",2424.6,2,"macomacoo,milkcoffeen,takumi0220"
901,16857607,inny,"2026-09-17 06:37:51",2423.6,2,innycc
902,16628951,"Hiro Nomo","2026-09-18 09:17:57",2422.7,2,morinokuma3
903,16760990,naren_v,"2026-09-17 14:48:49",2421.8,2,varuthakari
904,16632304,"Masataka Suzuki","2026-09-17 14:55:27",2421.8,2,masatakasuzuki
905,16783265,"Xiangjiang Zhou","2026-09-17 12:04:25",2421.2,2,xiangjiangzhou
906,16860129,sonny_01,"2026-09-14 10:17:49",2421.1,2,sonnymupfuni01
907,16888648,"MAOSEN ","2026-09-18 01:47:15",2420.9,2,maosen
908,16809294,Cherie01,"2026-09-16 19:50:07",2420.7,2,cherie01
909,16660678,"Chaitanya Sonaje","2026-09-17 18:26:21",2419.8,2,chaitanya205
910,16871584,xder,"2026-09-16 14:19:43",2417.2,2,xderyeke393
911,16632113,"Any Things","2026-09-17 14:46:22",2416.7,2,anythingsj3fare767
912,16909973,"Tri Tuc Cao","2026-09-17 09:59:28",2416.7,1,tricao
913,16698661,"Albert Wang","2026-09-17 21:02:03",2416.6,2,mianwang1024
914,16669935,"Roman Svet","2026-09-18 07:02:07",2415.3,2,romansvet
915,16652536,Satoshi_SsSs,"2026-09-16 17:19:07",2414.7,2,satoshissss
916,16663403,matthewwh,"2026-09-12 22:26:35",2412.3,2,matthewwh
917,16623920,"Kazuta MIZUTA","2026-09-17 02:45:13",2411.9,2,kazutamizuta
918,16799235,K.Piro,"2026-09-16 12:34:33",2411.8,2,agares02
919,16868759,Pand,"2026-09-17 13:47:50",2411.7,2,pand999
920,16804757,MAT,"2026-09-17 12:52:42",2410.8,2,mehmetanltays
921,16838479,"Sufi Afifi","2026-09-14 23:01:41",2410.5,2,emrys21
922,16623451,Ueddy,"2026-09-16 14:59:36",2410.3,2,ku0807
923,16758905,"Iwa Iwa","2026-09-18 08:19:02",2409.6,2,iwaiwa
924,16663946,"Hello San Francisco","2026-09-16 12:59:25",2409.4,2,"circiumaru,dulgherustefan,radugoga"
925,16812062,姜上（Integ）,"2026-09-18 00:19:03",2407.5,2,"borealis27,integjs"
926,16631752,"Junichiro Morita","2026-09-17 14:35:09",2406.9,2,junichiromorita
927,16635314,"Aurora wy","2026-09-16 16:04:30",2405.9,2,aurorawy
928,16629165,lingyu07,"2026-09-16 14:38:08",2405.5,2,lingyu07
929,16734409,"Yuta Yamazaki","2026-09-18 05:28:22",2404.9,2,yamayuu18
930,16854060,Q,"2026-09-17 04:33:55",2404.5,2,dalll77
931,16709837,Sophinator,"2026-09-16 18:50:53",2403.4,2,sophinator
932,16804863,JezzLynn,"2026-09-15 18:42:02",2403.3,2,"fresnellll,jezzlin,zemengzero"
933,16779110,markastra,"2026-09-18 08:39:06",2402.3,2,markastra
934,16727182,FinalSunFlower,"2026-09-18 04:24:25",2402.2,2,finalsunflower
935,16676762,"Tomas Escobar Rivera","2026-09-16 01:46:24",2401.6,2,tomasescobarrivera
936,16732879,daulettoibazar,"2026-09-16 14:32:16",2400.1,2,daulettoibazar
937,16912052,"Nana Bast","2026-09-17 16:04:25",2398.6,2,"fontainedefurina,nanabast"
938,16848297,chacha260,"2026-09-18 05:07:53",2397.8,2,chacha260
939,16684202,Ignat,"2026-09-17 11:44:38",2397.2,2,ignatgotin
940,16850078,"Safwan Amin","2026-09-16 16:53:04",2395.9,2,bracu23101281
941,16662681,"Vernon Campbell","2026-09-18 01:51:57",2395.6,2,vernoncampbell
942,16681464,Amyel21,"2026-09-17 18:28:33",2395.4,2,amyel21
943,16655682,"Azamat Sadikov","2026-09-16 23:07:23",2394.9,2,azamatsadikov
944,16869614,"Szymon Miłosz","2026-09-16 18:49:43",2394.7,2,szymonmiosz
945,16623488,"Kevin E R MILLE","2026-09-17 10:42:00",2394.7,2,kevinermille
946,16723096,Shabuuu,"2026-09-17 04:11:08",2394.7,2,shabuuu
947,16621683,Shivangoudaa,"2026-09-16 16:04:07",2394.0,2,ishivapatil
948,16847543,"Sankalp Wanjari","2026-09-16 18:40:53",2392.3,2,sankalpwanjari25
949,16912371,Dorararra,"2026-09-18 04:24:39",2391.5,2,dorafairy661
950,16662833,"umair zia","2026-09-16 14:09:52",2389.0,2,aimerscoding
951,16668071,"Ali Eren Oğuztaş","2026-09-16 12:08:59",2389.0,2,alierenouzta
952,16632172,Ayodeji,"2026-09-16 16:08:15",2388.8,2,ayodejiibrahimlateef
953,16670371,rkd,"2026-09-16 17:12:28",2388.5,2,ryookd
954,16623530,khursani,"2026-09-18 09:29:37",2388.3,2,khursani8
955,16846857,"Tomohiro Nagai","2026-09-16 14:30:47",2387.0,2,tomohironagai
956,16632157,"福原 大知","2026-09-18 07:15:57",2386.4,2,fxxyfox
957,16859815,alcanta,"2026-09-18 09:55:06",2386.1,2,ccotiuga
958,16691512,"Hongxin Su","2026-09-16 20:46:06",2384.2,2,hongxinsu
959,16826999,donaldxu,"2026-09-18 05:33:59",2383.4,2,abc1705
960,16849328,"Gaurav #2","2026-09-17 13:14:38",2382.6,2,genesis96839
961,16784217,MMN0222,"2026-09-18 05:09:51",2382.1,2,mmn0222
962,16623577,"Jiayi Tang","2026-09-18 07:28:07",2381.6,2,mannguo
963,16732735,MMMMMMMMMMMM,"2026-09-16 14:57:27",2381.6,2,hyh273279
964,16712189,"Kostiantyn Isaienkov","2026-09-18 09:23:29",2381.2,2,isaienkov
965,16692711,Deniz,"2026-09-16 14:51:14",2380.4,2,denizeryilmaz
966,16854472,Taimo,"2026-09-16 14:56:55",2380.3,2,taikimori
967,16908116,"Kabir Potdar","2026-09-16 18:40:56",2380.3,2,kabir01010
968,16623450,S.Aoki,"2026-09-16 12:56:08",2379.7,2,soyaoki
969,16639565,yasu,"2026-09-15 19:37:02",2379.1,2,yasutakababa
970,16623799,"Akhilesh godugu","2026-09-16 15:41:08",2379.1,2,"akhileshgodugu,ashokgodugu"
971,16639844,MaxChen303,"2026-09-16 16:18:46",2378.5,2,maxchen303
972,16737944,ToastUz,"2026-09-18 10:22:13",2377.9,2,tatsuzoosawa
973,16852826,Phoenix750,"2026-09-18 07:57:54",2376.7,2,richardmaddox
974,16743582,ShunkiKyoya,"2026-09-18 02:58:50",2375.8,2,shunkikyoya
975,16666566,"Rairo Mukamuri","2026-09-16 20:33:48",2375.4,2,thetraveller
976,16702275,Joyal,"2026-09-16 09:41:16",2375.1,2,joyalseejo
977,16822071,"aisormo P.H","2026-09-17 08:59:00",2374.8,2,aisormoph
978,16636756,"K.THARUN KUMAR","2026-09-17 16:47:45",2374.7,2,tharunkumar369
979,16850995,"KOSUKE MATSUDA","2026-09-17 14:22:41",2374.6,2,kosukematsuda
980,16807373,"junxing peng","2026-09-17 07:28:50",2374.5,2,junxingpeng
981,16730634,Priestess,"2026-09-18 07:29:06",2374.5,2,kalypheus
982,16714159,Lonnie,"2026-09-16 17:40:20",2374.4,2,lonnieqin
983,16634765,democatXamer,"2026-09-16 21:53:52",2373.9,2,w1326627677
984,16663603,xsong2020,"2026-09-18 03:21:21",2373.9,2,xstargate
985,16740659,haodou092,"2026-09-17 15:01:03",2373.1,2,haodou092
986,16832209,enduejdu,"2026-09-16 10:50:47",2372.7,2,"enduejdu,vvennie,yuwenyue"
987,16848060,juliencst,"2026-09-15 22:41:27",2372.4,2,juliencst
988,16655379,Ikeda0516,"2026-09-16 20:36:31",2372.1,2,ikeda0516
989,16900902,"Younes Chafi","2026-09-18 08:59:24",2371.3,2,youneschafi
990,16892796,FunLegendGaming,"2026-09-17 16:27:04",2370.9,2,funlegendgaming
991,16879879,wulawulacong,"2026-09-18 03:56:01",2370.4,2,wulawulacong
992,16623875,"Pavlo Ivanin","2026-09-16 14:18:59",2369.2,2,pavloivanin
993,16693342,takemo,"2026-09-18 02:21:58",2368.0,2,takemoriyuto
994,16759578,Randy,"2026-09-17 15:02:10",2367.9,2,rvndyerwin
995,16805906,FENGYESHAN,"2026-09-18 06:24:27",2367.7,2,fengyeshan
996,16739543,"Akshay #2","2026-09-18 10:14:54",2367.5,2,theakshay
997,16857404,gachichan,"2026-09-16 23:58:47",2367.5,2,gachichan
998,16914006,Stefano,"2026-09-18 09:27:50",2366.9,2,stefanojp
999,16915895,Shaylynn,"2026-09-17 15:58:29",2366.3,1,shittttttt
1000,16826465,linmumu009,"2026-09-17 02:08:49",2365.1,2,"linmumu009,renjunxiang"
1001,16627148,"HUNGRED XYIS","2026-09-17 12:54:19",2364.8,2,"gleny48,makarrogovik,wooler1"
1002,16645426,Jun_value,"2026-09-18 10:38:00",2362.3,2,junvalue
1003,16748154,taiseiu,"2026-09-18 10:16:17",2362.1,2,taiseiu
1004,16736670,"Mark Astrid","2026-09-18 03:24:32",2361.4,2,markastrid
1005,16758954,shenjj02,"2026-09-17 02:30:08",2360.1,2,shenjj26
1006,16776505,"Duck Typing","2026-09-17 15:56:16",2358.4,2,ahmadamindw
1007,16792661,итмоняяя,"2026-09-16 20:43:13",2358.2,2,"naladwepo,tickflag"
1008,16853125,"BEIKE YAN","2026-09-16 06:57:48",2358.0,2,craigsid
1009,16644481,Liquidus,"2026-09-16 02:57:18",2358.0,2,liquidus
1010,16907222,"Harshith Kumar","2026-09-16 17:13:57",2358.0,2,harshith1212a
1011,16632327,midnq,"2026-09-16 08:06:06",2355.7,2,midnqly
1012,16891851,kamranahmmed,"2026-09-17 16:24:53",2355.0,2,kamranahmmed
1013,16918430,"Huifeng Li","2026-09-18 09:28:38",2354.9,2,stevenli1
1014,16897719,"Muhammad Aashir Irshad","2026-09-17 21:57:11",2354.0,2,muhammadaashirirshad
1015,16840439,"God Se7en","2026-09-15 17:06:04",2354.0,2,godseven7
1016,16731605,datatuu,"2026-09-17 15:52:47",2353.5,2,yaoguang516
1017,16847936,张志浩1,"2026-09-17 03:05:57",2353.4,2,zzh13332470923
1018,16655190,"Will Rice","2026-09-16 15:21:25",2352.5,2,willrice
1019,16639969,"Sheep Are All You need","2026-09-18 03:13:10",2352.4,2,aliyelbekov
1020,16897489,"East Kowloon","2026-09-17 14:14:36",2351.9,2,"haydenmlh,veron0611"
1021,16849780,"Juan Leiva","2026-09-17 01:08:42",2351.8,2,juank333
1022,16688568,Sophie555,"2026-09-17 12:20:27",2351.4,2,sophie555
1023,16842300,fanmili,"2026-09-16 11:04:18",2350.5,2,fanmili
1024,16663485,"Jacob Alstrup","2026-09-16 17:27:55",2350.4,2,jacobalstrup
1025,16670537,Silhouette,"2026-09-18 09:30:04",2349.9,2,jamessargsyan
1026,16655922,kusui26,"2026-09-17 09:01:34",2349.9,2,kusui26
1027,16641536,"Michael Timbs","2026-09-18 05:39:54",2349.7,2,michaeltimbs
1028,16680144,AM,"2026-09-17 15:52:11",2349.6,2,adammekky
1029,16657623,Restart:),"2026-09-17 04:27:06",2349.5,2,wayne127
1030,16663214,"Mathieu W","2026-09-18 09:28:19",2349.2,2,mathieuw
1031,16657576,"SUBHASH B","2026-09-16 15:55:13",2348.2,2,"rishikrish1,subhashb21022"
1032,16736985,Colt,"2026-09-17 01:14:29",2347.9,2,nht1990
1033,16652214,Zhenrui.Weng,"2026-09-18 09:35:02",2347.8,2,zhenruiweng
1034,16635209,4eta,"2026-09-18 07:06:42",2347.4,2,bio4eta
1035,16845907,yt0914,"2026-09-16 17:50:44",2346.2,2,yt0914
1036,16905517,Marti,"2026-09-17 09:07:59",2346.0,2,marticn
1037,16667767,t3l3kin3sis,"2026-09-18 05:17:51",2346.0,2,"daffafariq,hashmatzamaryali,malsabbagh05"
1038,16719733,CleoCantCompete,"2026-09-18 08:53:08",2345.6,2,cleocantcompete
1039,16880792,dre,"2026-09-17 17:52:06",2345.6,2,ahmedelfazouan
1040,16764228,"Kaixi Zha","2026-09-18 06:41:24",2345.3,2,"huadutry,kaixizha"
1041,16706897,"Akshay Mathur","2026-09-16 15:10:36",2344.9,2,akshaymathur777
1042,16622459,"Munal Singh","2026-09-15 17:19:06",2344.8,2,munalsingh
1043,16764901,"Han Chen","2026-09-17 04:57:20",2344.0,2,puffohan
1044,16714134,"Raul Tinajero","2026-09-17 19:57:39",2343.3,2,raultinajeroo
1045,16622376,fmind,"2026-09-18 10:59:40",2343.3,2,freaxmind
1046,16655519,CurveCowboy,"2026-09-18 09:44:12",2343.1,2,curvecowboy
1047,16687479,kowalskii,"2026-09-17 08:52:42",2343.0,2,anirudhkumaraheer
1048,16775030,makishis,"2026-09-16 16:38:41",2342.8,2,makishis
1049,16732210,tanadai,"2026-09-17 01:10:16",2342.0,2,da0516
1050,16738424,Yunioshi,"2026-09-17 12:45:31",2340.7,2,yunioshi
1051,16751820,yy,"2026-09-16 08:26:25",2340.2,2,hirokiyamazaki
1052,16657728,"T Soo","2026-09-17 17:04:58",2340.0,2,ttgrcgrc
1053,16634803,hongzhouzhou,"2026-09-14 08:45:34",2340.0,2,afterrain42
1054,16626332,"MD. Nazmus Sakib Anik","2026-09-16 12:37:30",2339.7,2,beyondlogic
1055,16728708,"Rishi Jain","2026-09-16 16:05:43",2339.4,2,rishijain07
1056,16790943,"Tashfik Salehin","2026-09-18 10:21:36",2339.3,2,tashfiksalehin
1057,16806862,JudyWatermelon,"2026-09-16 17:36:49",2338.9,2,judywatermelon
1058,16633552,Unkn0wn,"2026-09-17 07:52:29",2338.1,2,"harnadshilpa,nagendraadisesha"
1059,16848992,"Lee Shit Hoo","2026-09-18 00:01:31",2337.9,2,leeshithoo
1060,16696720,"JAZ COLD HORN","2026-09-18 01:08:20",2337.1,2,"evanmaksud,jazivxt,maulikgajera,niazmohaimanabtahi,victorhorn"
1061,16791977,JeremyLIU858,"2026-09-18 08:02:03",2335.6,2,jeremyliu1997
1062,16732670,minoneru,"2026-09-18 00:52:17",2334.1,2,kotaminoshima
1063,16656500,"七月七月晴 忽然下起了大雪 不敢张开眼 希望是我的幻觉","2026-09-18 09:11:46",2332.5,2,"a982295350,bertmacutata,blencanierice,dangzhiyuan,imoxzm"
1064,16806541,hidenov,"2026-09-18 06:07:28",2331.9,2,hidenov
1065,16847247,月之光面,"2026-09-18 08:48:01",2330.9,2,cxcxcxcx
1066,16635969,"Omkar Kadam","2026-09-16 13:12:39",2330.7,2,"itzzomkar,khanayanayub,princypaonam"
1067,16730728,"Le Trong Hieu","2026-09-18 05:15:27",2330.5,2,backtracking
1068,16784561,"Rodrigo Ramón","2026-09-18 10:44:19",2330.3,2,rodrigoramn
1069,16655520,"kaggle Osaka","2026-09-17 15:37:45",2329.7,2,toshiyukitanaka
1070,16793553,hoon0303,"2026-09-16 12:38:01",2329.7,2,hoon0303
1071,16848588,"vibe coders","2026-09-18 09:31:46",2329.6,2,"caando,sheryllynntan"
1072,16654704,mandgeee,"2026-09-18 10:13:11",2328.7,2,mandgeee
1073,16632245,u,"2026-09-18 03:09:06",2328.7,2,"apostoloskontarinis,curbotron13,halzweiman,josephmcgonaglebrown,shreyanshpoddar"
1074,16867067,jiazepin,"2026-09-18 01:22:51",2326.9,2,jiazepin
1075,16801171,"Asterios Terzis","2026-09-16 01:07:43",2326.5,2,asteriosterzis
1076,16867671,Abhinav0370,"2026-09-18 10:35:15",2326.0,2,abhinav0370
1077,16657775,"Raagav & Pieter","2026-09-17 05:23:22",2324.9,2,"peetapit,raagavanand"
1078,16626732,islet,"2026-09-18 02:37:53",2324.4,2,kojimar
1079,16674919,yukiZ,"2026-09-18 06:34:00",2324.1,2,hideyukizushi
1080,16838625,kyohei2106,"2026-09-17 22:37:42",2323.8,2,kyohei2106
1081,16886298,amosokello451,"2026-09-17 20:28:48",2323.4,2,amosokello451
1082,16823930,"Ghost Rule","2026-09-16 13:51:30",2322.2,2,yiyangxudmm
1083,16640067,"minghao mei","2026-09-16 07:21:33",2321.9,2,minghaomei
1084,16677565,"Avish Sinha","2026-09-17 20:02:53",2321.5,2,avish006
1085,16731415,BOB,"2026-09-18 10:18:04",2318.5,2,hotpotbro
1086,16884467,jiangnanxn,"2026-09-18 08:53:06",2318.0,2,jiangnanxn
1087,16898547,"[Deleted] 56e880dc-015c-4899-9c1b-85d9958ef4af","2026-09-15 18:25:34",2317.1,2,del=84798c2d77df7d9d
1088,16803032,"varshitha kolupuri","2026-09-17 15:39:07",2316.3,2,varshithakolupuri
1089,16811467,Raster0x2a,"2026-09-16 05:12:58",2316.1,2,raster0x2a
1090,16725996,MatheusPSorancoDeCarvalho,"2026-09-16 21:35:26",2314.6,2,matheussoranco
1091,16697266,"Top 1 🏆","2026-09-16 16:09:13",2313.3,2,"fahankaudeer,solirus,syntaxprnv,udhaykumarsujeebun"
1092,16740010,"Kobe BRYANT","2026-09-17 08:08:09",2313.2,2,kobebryantjohn
1093,16688217,"The Grower","2026-09-18 09:22:38",2313.0,2,vigneshsankar1962
1094,16634952,"Igor Zharov","2026-09-16 12:22:30",2312.8,2,flexonafft
1095,16633507,"Ivan Vorfolomeev","2026-09-16 08:38:17",2312.4,2,ivanvorfolomeev
1096,16640540,QYQ1693,"2026-09-16 03:29:19",2312.3,2,qyq1693
1097,16903970,qorlin,"2026-09-16 03:12:00",2311.5,2,qorlin
1098,16795844,Azamaro,"2026-09-18 07:48:24",2310.2,2,azamaro
1099,16893006,"Duvor Richard","2026-09-16 09:49:33",2310.0,2,duvorrichard
1100,16733839,"Fabian Ruiz","2026-09-17 19:58:26",2308.8,2,fabianruiz3
1101,16852049,Tremble,"2026-09-17 09:10:51",2308.7,2,"aimeechen1,haoxuanwang12366,junsongzhang,qiyaoxu,yifuandonlyyifu"
1102,16738534,"Sakito Horie","2026-09-16 14:14:19",2307.8,2,sakitohorie
1103,16885498,farmhouse,"2026-09-17 15:44:21",2305.7,2,tomoyayanagi
1104,16663387,Ju,"2026-09-18 09:00:59",2304.4,2,juziddd
1105,16689741,shinamonmon,"2026-09-16 02:44:27",2303.4,2,shinamonmon
1106,16777394,antadam127,"2026-09-16 03:20:54",2302.9,2,antadam127
1107,16891718,"Me & myself","2026-09-18 08:28:53",2302.3,2,fannasankh
1108,16806938,boominginging,"2026-09-18 03:29:01",2301.6,2,"aviator22,boominginging,caiwenjie123,mikeintokyo"
1109,16682879,"Ace Team","2026-09-16 20:30:25",2301.3,2,drpatrickchan
1110,16878968,"Dale Zhong","2026-09-18 06:40:20",2300.4,2,dalezhong
1111,16809194,Ajanraj,"2026-09-17 21:42:39",2300.2,2,ajanraj25
1112,16796544,"Xiaonan FU","2026-09-16 01:44:11",2300.0,2,xiaonanfu999
1113,16892458,orangeaugust,"2026-09-17 16:24:04",2299.8,2,orangeaugust
1114,16798694,돌,"2026-09-17 00:54:19",2299.4,2,nintendojoa
1115,16839389,lizs,"2026-09-18 07:37:18",2298.6,2,chiila
1116,16690401,Skyspace,"2026-09-16 11:02:11",2298.4,2,empireblue
1117,16701258,ln,"2026-09-16 06:29:13",2297.8,2,nazarov
1118,16757392,Winter01,"2026-09-17 07:43:05",2297.0,2,wei111111
1119,16774699,"Rio Nakamura","2026-09-16 09:25:16",2296.7,2,rionakamura10
1120,16701685,shawloong,"2026-09-16 04:15:59",2296.7,2,shawloong
1121,16820794,"Yuxuan Ba","2026-09-16 01:28:17",2296.2,2,"cynthiaaaaa06,yuxuanba"
1122,16661607,choqui62,"2026-09-18 10:29:06",2295.8,2,choqui62
1123,16797543,Tarang222,"2026-09-13 18:36:05",2295.6,2,tarang222
1124,16799266,"Kucing Garong","2026-09-16 08:39:44",2295.2,2,syaugialkaf
1125,16658840,sanju25,"2026-09-18 03:41:26",2294.9,2,sanju25
1126,16784416,tatt:)ch,"2026-09-18 05:08:24",2294.8,2,"awewrasdffetfe,tattch"
1127,16805949,Bigplanedoesnotflyfast,"2026-09-18 02:21:55",2294.4,2,ronav48902753425
1128,16792586,dodoshark,"2026-09-16 14:42:09",2294.3,2,dodoshark
1129,16762935,"ibr mo sal","2026-09-17 02:35:11",2294.0,2,ibrmosal
1130,16870577,"Kenan Zhang9","2026-09-16 10:25:19",2293.9,2,kenanzhang9
1131,16652079,Infill,"2026-09-16 07:46:41",2293.9,2,infill
1132,16859006,"king huang","2026-09-17 17:03:27",2293.1,2,kinghuang123
1133,16624056,Raggriculture,"2026-09-16 09:12:34",2293.1,2,ravi123a321at
1134,16824931,Magniverko,"2026-09-18 03:36:26",2292.8,2,huangyingkun
1135,16625921,JinchengZhang1,"2026-09-16 07:40:13",2292.8,2,jinchengzhang1
1136,16641884,Blacklions.,"2026-09-17 11:39:12",2292.3,2,blacklions
1137,16904371,Makhmudov_1602,"2026-09-16 06:34:48",2291.5,2,makhmudov1602
1138,16827097,"Bình Trần Thanh","2026-09-16 03:47:00",2291.3,2,dsdadasda
1139,16731834,Kamma,"2026-09-16 02:08:29",2291.2,2,"cheliu0307,makerfly,vonlanvonlan233"
1140,16705139,gogogo,"2026-09-15 22:33:57",2291.0,2,huzech
1141,16793396,...,"2026-09-16 05:03:59",2290.5,2,shackles6966
1142,16898500,"M Noxon","2026-09-16 22:29:17",2290.4,2,mnoxon
1143,16657229,"Adam Plow","2026-09-16 13:58:14",2290.1,2,lizhiiii
1144,16676114,Gekkotron,"2026-09-16 13:35:46",2289.9,2,gekkotron
1145,16881512,"Asem Adnan","2026-09-17 15:10:24",2289.6,2,asemadnan
1146,16748941,"Farmer Shuang","2026-09-17 02:37:13",2289.3,2,shuangxue
1147,16820607,PeriwinkleBlueOvO,"2026-09-18 10:47:31",2289.1,2,"PeriwinkleBlueOvO,wenqiangao1"
1148,16664751,"Cindy Meng90","2026-09-18 02:24:26",2288.9,2,cindymeng90
1149,16809211,"Aleix López","2026-09-17 10:12:51",2288.7,2,aleixlopez
1150,16904006,vorlian,"2026-09-16 03:18:09",2288.2,2,vorlian
1151,16723318,グレイラットルーデウス,"2026-09-16 03:16:04",2287.8,2,rudeus666
1152,16662380,"Brandon Calderon-Morales","2026-09-16 03:44:42",2287.1,2,bmoe640
1153,16742439,"Shangshang Zhang","2026-09-16 03:49:08",2286.5,2,msvzss
1154,16855477,SiriusStarRally,"2026-09-16 09:32:59",2286.4,2,siriusstarrally
1155,16880296,"CT in CS","2026-09-16 15:15:04",2286.2,2,"anhphamtranminh,nguyenvietdat,nnvietha"
1156,16660840,"An Garcia","2026-09-17 23:46:13",2286.0,2,angarcia
1157,16729102,"Bruce Zheng","2026-09-16 06:58:02",2284.9,2,brucezheng666
1158,16693431,"Yi Wang","2026-09-16 02:19:28",2284.3,2,jone520
1159,16810078,Sam-wiz,"2026-09-16 03:12:40",2284.2,2,samwiz
1160,16659550,"Sai Syam","2026-09-17 15:23:02",2283.8,2,saisyam
1161,16778835,kiyoc,"2026-09-18 04:10:03",2283.1,2,kiyoshiohno
1162,16662318,"Bardia Bahadori","2026-09-17 15:01:44",2282.8,2,bardiabahadori
1163,16827571,"BNBU Astra","2026-09-16 02:52:49",2282.6,2,"andycooper747,austindengkaggle,BNBUDINGSHANLee21,yuxiang328"
1164,16623697,yuto083,"2026-09-18 10:50:45",2281.6,2,yuto0712
1165,16791828,Ling,"2026-09-14 21:50:30",2281.2,2,lingbia
1166,16858207,"David Wang","2026-09-16 09:02:15",2280.5,2,renew66
1167,16682667,"zeel vavliya","2026-09-18 02:30:59",2278.6,2,zeelvavliya
1168,16666571,"Zhengxu Yu","2026-09-16 10:51:26",2276.4,2,zhengxuyu
1169,16728135,sukirman,"2026-09-16 03:25:01",2276.0,2,rakbidb
1170,16679214,alban,"2026-09-16 14:52:21",2275.8,2,albantiacoh
1171,16854176,吃白饭的大肥鱼,"2026-09-11 19:23:18",2275.1,2,"deepios,tanpowasd"
1172,16671306,Yeswanthperni,"2026-09-16 03:11:29",2274.7,2,"tanvicaaa,yeswanthperni"
1173,16621315,"Reyhan Ksatria","2026-09-16 06:32:06",2274.6,2,reyhanksatria
1174,16895014,trying_out,"2026-09-15 20:03:10",2272.8,2,"samiatisha,vickysynapsev"
1175,16851186,kaerururu,"2026-09-16 11:42:41",2271.9,2,kaerunantoka
1176,16741096,"Yohanes Lengkong","2026-09-17 12:43:27",2271.8,2,yohanesfc
1177,16642139,"Arnav Goel","2026-09-18 08:09:51",2271.5,2,arnavgoel17
1178,16631640,"dont share my work for value","2026-09-16 11:49:27",2270.1,2,caoyupeng
1179,16865570,"Kedar Kale","2026-09-17 17:34:16",2269.9,2,kedarkale
1180,16778640,Kilupy,"2026-09-18 07:08:35",2269.7,2,kilupy
1181,16657100,"Jacky Chan","2026-09-16 01:58:34",2268.2,2,jhkchan
1182,16655263,rishavsaigal,"2026-09-16 14:22:59",2267.7,2,rishavsaigal
1183,16633190,Gigrise,"2026-09-15 22:33:00",2267.5,2,gigrais
1184,16806249,CLJY,"2026-09-17 09:35:14",2266.3,2,cljy2026
1185,16913081,"Danil Bashkirov","2026-09-18 08:37:53",2266.1,2,chieph
1186,16662314,"Hanh Tran","2026-09-16 09:57:42",2265.5,2,honghanhhh
1187,16658221,"Roshan Roy","2026-09-16 15:32:06",2265.1,2,"adhilvt,mohamedarifj,roshanroy333"
1188,16725947,SamarthRawat18,"2026-09-17 09:35:28",2265.0,2,samarthrawat18
1189,16630713,"Grzegorz Sionkowski","2026-09-16 11:44:56",2264.5,2,sionek
1190,16886193,"Xiaoyong Zhu","2026-09-15 01:23:47",2263.0,2,xiaoyzhu
1191,16907576,"Dat Nguyen Viet","2026-09-16 16:39:59",2262.9,2,datnguyenviet
1192,16859034,wayg9odysseus,"2026-09-17 19:06:48",2262.8,2,wayg9odysseus
1193,16632867,"Rayk Kretzschmar","2026-09-15 17:56:43",2261.9,2,raykkretzschmar
1194,16799304,"Rlug mb","2026-09-18 01:39:00",2261.5,2,"minhtrph,rlugmb"
1195,16875763,"芳村 愛支","2026-09-18 00:14:46",2261.1,2,shin1012
1196,16685358,"Nuno Ferreira","2026-09-17 20:13:06",2260.9,2,ngcferreira
1197,16681601,Hanaro,"2026-09-18 03:04:53",2260.7,2,lucas040
1198,16871381,huaiyuyoung,"2026-09-15 23:12:00",2260.3,2,"huaiyuyoung,mushancui"
1199,16684748,"nailong alpha","2026-09-18 07:38:44",2260.0,2,"dejavucry,weiyun22021,yizhewong,yoruet,zekenos"
1200,16731074,UmutUygurr,"2026-09-17 08:40:10",2259.9,2,"dilahbaheci,umuttuygurr"
1201,16753974,"David Goldrajch","2026-09-17 21:14:34",2259.4,2,elie2003
1202,16760523,"Joseph Ayanda","2026-09-17 20:42:24",2259.1,2,josephayanda
1203,16635745,DataRockstar,"2026-09-17 01:32:40",2257.9,2,"amaropeter,jvlegend"
1204,16770229,"shivam kanojia","2026-09-14 04:50:37",2257.4,1,shivamkanojia1
1205,16692895,Manuf,"2026-09-17 19:27:25",2256.2,2,manuelferromorales
1206,16870596,juicyorange,"2026-09-18 05:09:30",2255.7,2,billychau1
1207,16623371,MoZayed,"2026-09-18 07:40:35",2255.5,2,mohamedzayedahmed
1208,16769059,Gabriel,"2026-09-18 00:42:46",2254.6,2,"shawsebastian,tvtdddd"
1209,16763551,"PRASHANT SHUKLA91","2026-09-18 06:35:00",2253.9,2,prashantshukla91
1210,16780062,Kousuke55,"2026-09-16 04:13:50",2251.9,2,kousuke555
1211,16726816,"Games Jadley","2026-09-18 05:07:18",2251.8,2,gamesjadley
1212,16792681,MorS,"2026-09-17 10:05:41",2251.7,2,mors1337
1213,16747982,"Affriza Wildan Fauzan","2026-09-18 06:06:14",2251.4,2,affrizawildanfauzan
1214,16841190,dp23334,"2026-09-16 01:29:07",2251.4,2,dp23334
1215,16867924,PeaBrain,"2026-09-16 01:22:29",2250.3,2,abiruekanayaka1
1216,16657032,"Ayaan Ghosh","2026-09-18 10:30:55",2249.4,2,ayan9001
1217,16731911,"liu bo","2026-09-16 05:07:29",2247.4,2,liuboo45586
1218,16663783,WBF_USA_NYC,"2026-09-15 04:29:07",2247.0,2,wbfranci
1219,16806080,銅メダルくれくれくれくれくれくれくれくれくれくれくれくれくれ,"2026-09-18 06:53:01",2245.8,2,konbu17
1220,16632715,cmasch,"2026-09-16 19:07:07",2245.4,2,cmasch
1221,16693965,ra5anchor,"2026-09-17 12:56:57",2244.9,2,junmitsui
1222,16621616,insuperabilehart,"2026-09-18 06:08:53",2243.5,2,insuperabile
1223,16736931,"Sergei Fironov","2026-09-18 11:01:37",2243.3,2,sergeifironov
1224,16807411,tamura_aicon,"2026-09-14 23:09:48",2242.9,2,hayatetaf
1225,16661708,"Stanley Honkpehedji","2026-09-18 09:59:40",2242.7,2,stanleyhonkpehedji
1226,16673303,"Samuel Sundararaman ","2026-09-16 02:37:40",2242.5,2,neopok919
1227,16708296,LUCKY2,"2026-09-17 21:38:03",2242.1,2,carolezountangni
1228,16894457,kento2002,"2026-09-17 16:44:18",2242.1,2,kento2002
1229,16883907,lll,"2026-09-16 05:40:11",2237.8,2,lghlgh001
1230,16659942,"Abdoulaye DIAW","2026-09-16 09:58:46",2237.1,2,abdoulayediaw25
1231,16627888,atl132,"2026-09-17 02:15:26",2236.9,2,atl132
1232,16690763,chungkuangwen,"2026-09-15 10:29:10",2234.1,2,chungkuangwen
1233,16705659,"srijan k.r keshri","2026-09-16 19:26:09",2232.9,2,srijankrkeshri
1234,16633950,"Matt Motoki","2026-09-18 10:11:33",2230.3,2,mmotoki
1235,16621595,"Farmers From Punjab","2026-09-16 15:24:23",2229.4,2,alisalmanrana
1236,16623381,cocoaAI,"2026-09-17 04:23:23",2227.8,2,cocoaai
1237,16854552,ShionMatsuoka,"2026-09-16 05:57:36",2225.3,2,shionmatsuoka
1238,16878308,Pjchauhan,"2026-09-18 07:50:16",2224.2,2,pjchauhan
1239,16771394,"ZHIRUI ZHAO","2026-09-18 08:57:18",2223.8,2,zhiruizhao
1240,16692923,"Pavel Kazlou","2026-09-15 07:03:42",2223.7,2,paulik
1241,16717572,kiyomiya-k,"2026-09-17 01:07:31",2223.2,2,kiyomiyak
1242,16732857,Rojiomote,"2026-09-18 05:54:53",2222.9,2,rojiomote
1243,16661622,"Ergin Akın","2026-09-16 21:23:22",2222.8,2,erginakin
1244,16829239,tomfng,"2026-09-17 12:37:00",2222.3,2,tomfng
1245,16670933,Pat,"2026-09-15 05:34:10",2221.5,2,junseia
1246,16757621,Kurokawa,"2026-09-16 21:22:58",2221.3,2,hiroshikurokawa
1247,16628765,"Kota Iizuka","2026-09-17 05:47:52",2219.5,2,kotaiizuka
1248,16700204,"ZHOU HONGYI","2026-09-16 09:00:26",2218.8,2,zhouhyz
1249,16810408,"Bohdan Boklah","2026-09-15 19:26:30",2218.8,2,bohdanbb2000
1250,16773098,Apa,"2026-09-18 10:21:32",2217.7,2,yasso1
1251,16677149,"Umataro Tenma","2026-09-15 06:35:21",2217.4,2,umatarotenma
1252,16819431,kkkk,"2026-09-16 01:40:25",2217.0,2,kkkk4649
1253,16791862,"Emmanuel Mireku","2026-09-16 14:46:58",2216.9,2,eldermireku
1254,16743647,bono,"2026-09-15 19:20:46",2214.6,2,kjoonha
1255,16624080,yuuuki1111,"2026-09-18 00:13:07",2214.5,2,yuuuki1111
1256,16810299,spencersi123,"2026-09-17 01:21:10",2214.4,2,spencersi123
1257,16623128,AdamJonesJohnson,"2026-09-18 02:35:48",2214.3,2,adamjonesjohnson
1258,16889522,nyayassist,"2026-09-17 11:37:48",2213.7,2,"gauravnagotanekar,raneyash"
1259,16659679,Civitasmass,"2026-09-16 18:47:00",2213.5,2,godhand
1260,16862096,"Saksham Gupta","2026-09-15 17:22:16",2213.1,2,mashug
1261,16864346,"Yanwei Lu","2026-09-15 19:27:35",2212.8,2,yanweilu
1262,16861885,"Олег Бабков","2026-09-18 09:17:57",2212.8,2,jabberwock78
1263,16733766,Paarthpowa,"2026-09-17 11:01:14",2212.7,2,paarthpowa
1264,16881248,Veerakrishna,"2026-09-17 16:30:12",2210.1,2,veerukhannan
1265,16798724,"junfan shen","2026-09-17 03:12:57",2209.9,2,junfanshen
1266,16822519,Lunospital,"2026-09-18 08:48:29",2208.9,2,lunospital
1267,16679389,"JOMIN URK21CS1077","2026-09-15 18:47:44",2208.5,2,jominurk21cs1077
1268,16702754,"Запрети мне брать H100","2026-09-15 02:04:40",2208.3,2,"amocualg,borismatsakov,kirya1"
1269,16824010,yuxingyizhou,"2026-09-18 03:29:21",2208.0,2,yuxingyizhou
1270,16696593,bplyc15,"2026-09-15 15:30:05",2207.5,2,bplyc15
1271,16888303,Satuker,"2026-09-17 21:52:34",2207.2,2,filipgaliski
1272,16630251,"Handry Novianto","2026-09-18 02:54:27",2206.6,2,handrynovianto
1273,16868304,"Aaron amacadu","2026-09-17 11:45:00",2206.5,2,aaronamacadu
1274,16862967,Unicorns,"2026-09-15 17:50:14",2206.2,2,"isaacjiang,ryokitano"
1275,16622937,"Sheep 🐑","2026-09-18 02:53:10",2205.1,2,kabilrh
1276,16727893,mmwstudy,"2026-09-15 09:30:20",2204.8,2,mmwstudy
1277,16632599,Shadowell888,"2026-09-15 15:40:58",2204.8,2,shadowell888
1278,16775686,"Max Podd","2026-09-17 00:46:24",2204.4,2,maxpodd
1279,16861616,"Gagan Deep","2026-09-15 20:37:03",2204.0,2,gagandeep1
1280,16624309,jjamppongmandu,"2026-09-18 02:08:21",2202.6,2,"beckspeca,hihiimj,jjamppongmandu"
1281,16755495,"Leo Udah","2026-09-17 18:03:15",2202.6,2,leoudah
1282,16865261,"Kamal Kadakara","2026-09-17 10:59:25",2201.9,2,kamalkadakara
1283,16847609,"Aura Farmers","2026-09-17 21:53:40",2201.2,2,"adriana0022,ayrnpn,shengkaizhu"
1284,16864919,ujimaa,"2026-09-14 23:19:55",2200.4,2,ujimaa
1285,16860071,TOSS,"2026-09-18 03:12:17",2200.4,2,toshikawa80
1286,16730881,hank0123,"2026-09-18 00:53:47",2199.5,2,hank0123
1287,16632593,skomuro,"2026-09-18 00:37:43",2196.0,2,skomuro
1288,16847412,SuzukiKazuma,"2026-09-16 03:19:48",2195.9,2,suzukikazuma
1289,16748142,"Hikaru Umeda","2026-09-17 02:41:06",2194.7,2,hikarumeda1030
1290,16627799,"navazsh fathi","2026-09-16 13:25:35",2194.3,2,navazshfathi
1291,16643453,Haumea,"2026-09-17 21:10:00",2193.2,2,chaitanyagullapalli
1292,16886400,Nisshi888880,"2026-09-15 14:27:49",2191.9,2,nisshi888880
1293,16730015,suzu10,"2026-09-18 01:20:36",2191.2,2,suzu10
1294,16896572,latentm,"2026-09-16 02:34:09",2189.0,2,"latentm,quannt9,xanvior,xeloria"
1295,16630675,"Lucien de Rubempre","2026-09-13 14:14:21",2188.8,2,lucienderubempre
1296,16632119,nickyl,"2026-09-17 15:13:55",2187.7,2,nickyjliang
1297,16658109,edward1503,"2026-09-17 09:18:59",2187.5,2,nguynnc
1298,16824664,wozijishuode,"2026-09-18 07:10:29",2186.7,1,jamsubmarines
1299,16673370,JeovaAnderson,"2026-09-17 23:28:08",2185.5,2,jeovaanderson
1300,16668761,"Lorenzo Regalado","2026-09-15 08:07:35",2184.2,2,lregaladohdez
1301,16748738,Shymohn,"2026-09-17 07:01:37",2184.0,2,shymohn
1302,16768543,caas_sicca,"2026-09-18 07:47:20",2184.0,2,caassicca
1303,16899004,Antonoof,"2026-09-15 21:06:44",2183.7,2,antonoof
1304,16693549,別班,"2026-09-18 09:43:09",2182.6,2,"kusurizuke,pepushi,tomokiaki"
1305,16859496,KTAcosmo,"2026-09-14 11:04:26",2181.3,2,ktacosmo2kag
1306,16661994,"Suvrat Rai","2026-09-18 09:14:00",2181.1,2,suvrat11rai
1307,16904289,"farmer zefeng","2026-09-18 09:29:28",2180.3,2,zefengai
1308,16660988,"AI After Hours","2026-09-17 15:29:47",2180.3,2,"akshaythammana,mmehersaipreetam"
1309,16864125,culture,"2026-09-15 12:50:09",2178.0,2,shkurak
1310,16794542,ysd1110,"2026-09-15 15:36:07",2177.8,2,ysd1110
1311,16759786,农场主,"2026-09-17 16:22:48",2177.4,2,zzxhee
1312,16705830,"Grim Reaper","2026-09-17 15:47:26",2175.5,2,fathomable
1313,16893208,hongan,"2026-09-15 21:49:30",2175.0,2,honganzhu
1314,16756062,"Thomas #2","2026-09-16 05:01:14",2173.9,2,tommurakami
1315,16898309,"Mohammad Albaddawi","2026-09-15 17:21:23",2171.3,2,m7mdalbaddawi
1316,16895927,logicorix,"2026-09-15 09:30:21",2171.2,2,logicorix
1317,16769411,Beyond,"2026-09-15 07:12:58",2170.1,2,themanysh
1318,16884104,Arsgorynich,"2026-09-17 04:49:58",2169.2,2,arsgorynich
1319,16657316,SCNU,"2026-09-16 01:31:45",2169.1,2,jasonxusk
1320,16839311,"Hagiwara Shigechika","2026-09-15 11:08:05",2168.1,2,hagiwarashigechika
1321,16642128,"MAC SAHO","2026-09-17 00:48:22",2168.0,2,macsaho
1322,16690923,"Maqsoud Tawaliou","2026-09-16 12:05:24",2167.5,2,maqsoudtawaliou
1323,16663867,"Stephen Schott","2026-09-15 14:00:01",2167.3,2,steve421471
1324,16847620,york1to,"2026-09-15 19:10:35",2167.3,2,yorkkang
1325,16814409,YuyaSuzuki,"2026-09-17 15:23:34",2166.6,2,yututapp
1326,16740996,ikevayansky,"2026-09-17 12:33:55",2163.7,2,ikevayansky
1327,16662914,"Apollo's cattles","2026-09-17 17:10:52",2163.5,2,"icr007,kennethlie16,romanrozen"
1328,16901894,"Michael Reid","2026-09-16 23:31:21",2162.8,2,michaelreid2025
1329,16736198,JetJetGo,"2026-09-15 14:38:28",2162.1,2,psykrishna
1330,16876520,OpenModelMap,"2026-09-14 18:15:45",2161.4,2,openmodelmap
1331,16715933,Scomics,"2026-09-15 11:44:19",2161.4,2,"bruceche7797,dongyiqun,jyxxxx"
1332,16698308,"Gemini IS ALL YOU NEED","2026-09-18 09:49:05",2159.3,2,"jacqueszhelinzhang,yuan800"
1333,16769967,"Bill Fan","2026-09-17 00:42:50",2159.2,2,billfan88
1334,16634493,xixi,"2026-09-15 16:40:52",2158.8,2,huangcarry26
1335,16723272,"Rimsha Kanwal","2026-09-16 20:41:07",2156.8,2,rimsha234
1336,16669911,"Batuhan Ustun","2026-09-18 10:06:42",2156.7,2,batustun
1337,16896267,HendraDanuSaputraChauwito,"2026-09-16 12:37:41",2156.3,2,usilisme
1338,16849282,ancientLuck,"2026-09-15 17:05:23",2156.1,2,ancientluck
1339,16665357,XW,"2026-09-17 04:33:56",2155.1,2,xuewei
1340,16878353,"Hongbin Gu","2026-09-16 02:18:10",2154.5,2,guhongbin
1341,16892318,"fumiya utsuno","2026-09-17 14:31:58",2154.4,2,fumiya326
1342,16626582,"Omer Faruk Merey","2026-09-15 11:50:02",2151.1,2,omerfarukmerey
1343,16754823,"tiki tiki tiki","2026-09-17 19:03:17",2150.4,2,slangitup
1344,16718480,PLReddy23,"2026-09-15 19:41:26",2149.7,2,plreddy23
1345,16639507,Homii_N,"2026-09-18 01:48:17",2147.6,2,homeshwarrao
1346,16731799,"Ansh The Farmer 👩‍🌾","2026-09-15 19:05:59",2147.1,2,affection
1347,16765601,"Dinesh Makireddy 7389","2026-09-18 10:36:51",2146.8,2,dineshmakireddy7389
1348,16630740,"Ramazan Turan","2026-09-15 16:07:50",2146.8,2,ramazanturann
1349,16651806,shawnYiB,"2026-09-13 05:11:04",2146.6,2,"mike17cui,shawnyib"
1350,16660313,Ctrl+Code,"2026-09-17 20:31:18",2146.5,2,"jayashankar369085,parnikasm"
1351,16887661,magic101,"2026-09-14 22:48:26",2145.8,2,magicbuttons
1352,16837554,Quickpanda,"2026-09-16 10:46:09",2145.2,2,quickpanda
1353,16668737,"Abish Pius","2026-09-15 14:12:24",2145.0,2,abishpius
1354,16761267,"Bring Me Money!!!","2026-09-15 11:12:01",2144.1,2,pranavarvind
1355,16858208,linhaiy,"2026-09-16 12:35:21",2142.4,2,linhaiy
1356,16710466,"Charles Backman on LinkedIn","2026-09-14 14:14:42",2142.2,2,charlesbackman
1357,16845736,Gio,"2026-09-18 03:05:59",2142.2,2,giovanizanfra
1358,16758895,daphne,"2026-09-15 15:11:32",2141.7,2,daphne4sg
1359,16701728,"katya barzova","2026-09-15 17:04:24",2140.7,2,"harlenka,nipah1,sigmaborov"
1360,16627032,"Kaito Fukami","2026-09-15 06:05:31",2140.5,2,kaitofukami
1361,16682306,岸本湧士郎,"2026-09-15 05:27:08",2140.4,2,yushiro20021111
1362,16655704,heinado,"2026-09-15 09:15:59",2139.8,2,heinado
1363,16876126,1fan\,"2026-09-18 08:33:13",2139.0,2,wurrfv
1364,16843582,isk54_34,"2026-09-17 16:50:49",2138.4,2,isk5434
1365,16896886,"hemloock ","2026-09-15 12:35:43",2137.8,2,hemloock
1366,16857491,cherish_zhang,"2026-09-17 05:51:15",2137.7,2,cherishzhang
1367,16681744,team_fn,"2026-09-16 20:24:19",2137.4,2,fjklmn
1368,16875653,xuzenkun,"2026-09-16 13:47:37",2136.8,2,xuzenkun
1369,16754838,"Berkay Özkan","2026-09-15 09:55:49",2136.7,2,berkayzkan
1370,16727103,sword3522,"2026-09-18 09:26:30",2135.4,2,"qinyanqiu,sword3522"
1371,16893046,ClaudiCulture,"2026-09-18 04:29:04",2135.4,2,ortimusprime
1372,16653127,"Talim Aushakhman","2026-09-15 17:29:46",2134.8,2,talimaushakhman
1373,16829053,BigAngel,"2026-09-14 16:24:46",2134.3,2,kevin8093
1374,16626093,"Pilkwang Kim","2026-09-15 13:05:50",2134.3,2,pilkwang
1375,16841434,soraemon,"2026-09-13 08:11:27",2133.2,2,soraemon
1376,16688893,CCG,"2026-09-17 11:36:46",2132.6,2,"hirokenn,nagomenk"
1377,16728366,"RL Learner","2026-09-15 06:56:07",2132.4,2,forrestxlz
1378,16919139,"Aditya Goyal","2026-09-18 08:03:24",2132.2,2,synthreaper
1379,16730720,broccoli,"2026-09-17 23:14:55",2131.8,2,norihori0917
1380,16662628,AbhiniveshSharma5354,"2026-09-15 06:38:39",2131.4,2,abhiniveshsharma5354
1381,16647607,pumpkin,"2026-09-15 02:47:17",2130.7,2,gealachpumpkin
1382,16710428,"Mansi Aggarwal","2026-09-17 18:43:53",2130.6,2,mansiaggarwal88
1383,16774250,"C R Suthikshn Kumar","2026-09-15 03:57:30",2130.3,2,crsuthikshnkumar
1384,16652212,"Варим сельский самогон","2026-09-17 08:54:50",2129.9,2,asimandia
1385,16640600,"Giord Frank","2026-09-17 11:24:34",2128.8,2,tangerinedog
1386,16658203,Lan_Sky,"2026-09-17 02:20:57",2128.1,2,lansky6
1387,16891115,tkm7510,"2026-09-15 14:17:17",2128.0,2,tkm7510
1388,16716317,yzyhello,"2026-09-16 01:28:48",2127.9,2,yzyhello
1389,16734435,Economist,"2026-09-17 17:33:15",2127.8,2,jtheyogi
1390,16745959,_demo,"2026-09-15 03:21:32",2127.7,2,fortunaterookie
1391,16882140,"jiang luo1021","2026-09-17 23:08:53",2127.4,2,jiangluo1021
1392,16665416,"zeyu lau","2026-09-16 17:34:13",2126.8,2,zeyulau
1393,16879253,Bldr2,"2026-09-15 11:03:28",2126.8,2,alphalin2010
1394,16668262,spbforce,"2026-09-15 11:45:58",2126.6,2,spbforce
1395,16859316,LP,"2026-09-17 05:23:12",2126.2,2,lihu6666
1396,16637973,StephenNedumpally,"2026-09-15 07:50:55",2125.8,2,stephennedumpally
1397,16623199,"Jesse Ferguson","2026-09-18 00:01:42",2125.3,2,jesseferguson
1398,16875986,"k hori ","2026-09-15 16:45:11",2125.2,2,khori7
1399,16698688,JeremiahMannings,"2026-09-18 08:52:51",2125.1,2,jmannings
1400,16628897,"Kyoungwon Jeong","2026-09-14 23:37:48",2124.4,2,kyoungwonjeong
1401,16743218,RYUSHI,"2026-09-15 15:03:52",2123.8,2,ryushisa
1402,16896854,photonova,"2026-09-15 12:29:25",2123.8,2,photonova
1403,16841826,抵扣豆浆,"2026-09-17 00:33:43",2122.9,2,tootough
1404,16634580,akmr,"2026-09-18 08:21:33",2122.5,2,akimaru
1405,16915663,Wlemalin,"2026-09-17 18:00:25",2121.4,2,wlemalin
1406,16632006,"Adwait Tagalpallewar","2026-09-15 20:25:29",2120.7,2,adwaittagalpallewar
1407,16844233,y3uanm,"2026-09-16 01:54:16",2120.5,2,"delta47x,lunpaixo,y3uanm"
1408,16639625,"Dr Chandrasen Pandey","2026-09-15 05:18:23",2120.4,2,devchandra
1409,16777137,Bernardus,"2026-09-17 20:11:18",2119.7,2,bernubritz
1410,16896033,omnifluxor,"2026-09-15 09:40:03",2119.6,2,omnifluxor
1411,16839422,Serendipity,"2026-09-15 09:21:43",2119.6,2,stringyixuxi
1412,16732774,edchax,"2026-09-14 20:31:43",2119.2,2,edchax
1413,16736124,GIN,"2026-09-15 09:46:02",2118.9,2,runjinzhang
1414,16904305,"YICHEN PAN","2026-09-16 18:39:53",2117.4,2,sakanamango
1415,16839986,"XIAO MA","2026-09-18 10:02:37",2115.7,2,linusm020311
1416,16665637,Luvsh81,"2026-09-15 14:36:39",2115.5,2,luvsh81
1417,16911850,Farmerjay,"2026-09-18 07:50:59",2115.3,2,officeghost
1418,16768065,"Gradient Grazing","2026-09-17 07:51:52",2114.7,2,adamhusein
1419,16623515,"Apple Joy","2026-09-15 09:06:18",2114.4,2,fishcat37
1420,16769595,Rudra,"2026-09-17 07:19:03",2112.0,2,rudrabhaskar
1421,16739019,quzhihang,"2026-09-14 06:41:16",2111.8,2,quzhihang
1422,16655582,"Yang Jinneng","2026-09-17 03:53:59",2111.8,2,adurey
1423,16711376,"Arman Tuganbaev","2026-09-18 07:10:14",2111.6,2,armantuganbaev
1424,16694346,ywwywww,"2026-09-14 07:52:56",2111.5,2,ywywww
1425,16757987,maverick_ss_26,"2026-09-15 13:01:20",2111.3,2,maverickss26
1426,16658677,大山,"2026-09-17 22:58:28",2110.8,2,mapodoufu
1427,16783021,"TAN TIANYE","2026-09-13 03:04:35",2110.7,2,tantianye
1428,16673870,"Yuxiao Wang","2026-09-18 09:35:51",2110.5,2,yuxiaowangx
1429,16742159,mimi！,"2026-09-16 05:57:58",2110.3,2,"morongzhu,we111135"
1430,16909097,"Yaoxiang Li","2026-09-17 05:09:17",2108.8,2,lzyacht
1431,16840447,"Suliman Tadros","2026-09-15 06:10:13",2108.7,2,sulimantadros
1432,16623592,Jack,"2026-09-17 12:40:53",2108.1,2,jackvd
1433,16675493,"Ryotaro Minato","2026-09-14 23:15:01",2108.1,2,ryotarominato
1434,16665402,PrasadChopade213,"2026-09-14 12:39:13",2108.0,2,prasadchopade213
1435,16621154,Zain96,"2026-09-17 18:45:55",2107.1,2,zain96
1436,16667080,King-damon,"2026-09-18 07:03:34",2106.9,2,kingdamon
1437,16833013,"Tariq Alyami","2026-09-17 16:35:15",2106.9,2,tariqalyami
1438,16711398,"Claude Fable 5.1","2026-09-17 09:38:55",2106.4,2,chenxizhao21
1439,16638557,"Araik Tamazian","2026-09-15 18:06:57",2105.7,2,atamazian
1440,16737650,sime_saba,"2026-09-14 16:16:06",2105.2,2,watarukawashima
1441,16693439,"Ankit Hemant Lade","2026-09-17 18:01:27",2103.4,2,"ankitlade12,jsaikrishna"
1442,16717440,"farm pt","2026-09-15 18:07:04",2102.8,2,muran169633
1443,16666365,yiyu0716,"2026-09-17 17:26:48",2101.4,2,yiyu0716
1444,16895926,Zengr1,"2026-09-17 09:58:50",2100.8,2,zengr1
1445,16658909,"evolve faster!","2026-09-17 17:54:00",2100.6,2,junesdata
1446,16767960,"Yuvraj Bhati","2026-09-14 23:24:32",2100.4,2,avioon
1447,16639642,c-number,"2026-09-13 03:29:40",2099.9,2,cnumber
1448,16681893,morality0707,"2026-09-16 07:57:43",2097.9,2,morality0707
1449,16752019,"Kaipeng Zheng","2026-09-18 07:54:48",2097.5,2,kaipengzheng
1450,16763375,Makus,"2026-09-18 00:56:01",2097.4,2,alexmartinez75
1451,16889004,SkOnTheRocks,"2026-09-15 11:43:43",2096.4,2,skontherocks
1452,16878533,HayatoFujihara,"2026-09-14 15:34:37",2095.5,2,hayatofujihara
1453,16881005,"Donald Trump","2026-09-16 05:33:01",2094.9,2,"seanmtk,sinfonia8838"
1454,16842246,montplusa,"2026-09-17 00:59:05",2094.3,2,montplusa
1455,16806882,"Friedhelm Winter","2026-09-15 04:31:47",2093.6,2,friedhelmwinter
1456,16866373,kolesnikovia,"2026-09-15 08:12:45",2093.1,2,kolesnikovia
1457,16901814,pengurei,"2026-09-18 07:44:24",2092.9,2,pengurei
1458,16705417,fuxi,"2026-09-16 13:37:50",2092.0,2,"padyue,pytorch5009asd"
1459,16811251,poijio,"2026-09-16 17:31:10",2091.9,2,poijio
1460,16891432,porzlck,"2026-09-17 10:07:44",2089.9,2,orzlck
1461,16846069,"Bryce Muhlnickel","2026-09-14 03:27:19",2087.6,2,tokenjunkielabs
1462,16639550,"HIDEYO CHIBA","2026-09-18 02:36:18",2087.4,2,hideyochiba
1463,16848532,peppersaltman,"2026-09-14 14:49:11",2086.8,2,peppersaltman
1464,16807380,"D × MirAI","2026-09-17 00:53:47",2086.8,2,kmnkmn
1465,16697540,"Jared Floersch","2026-09-16 05:09:23",2085.3,2,jaredfloersch
1466,16629308,Sutee,"2026-09-17 02:47:03",2084.8,2,lszlst
1467,16622509,Ali,"2026-09-15 14:37:17",2084.4,2,asalhi
1468,16893291,"We Want... A Shrubbery!","2026-09-17 21:55:10",2083.0,2,timlongii
1469,16663247,Ak,"2026-09-14 20:13:17",2083.0,2,abisheksrivastav
1470,16885944,"Дмитрий Герасимов","2026-09-14 14:56:51",2082.9,2,domager72
1471,16891562,"Weverton Guedes","2026-09-14 18:27:43",2082.9,2,owevertonguedes
1472,16668260,"Yangle Ma","2026-09-16 15:55:55",2082.8,2,yanglema
1473,16739181,yamu_duck,"2026-09-18 09:09:43",2082.5,2,crazyleg11
1474,16762769,"Jacques Buis","2026-09-15 18:35:01",2082.3,2,jacquesbuis
1475,16622531,"musya lyusya team","2026-09-15 17:44:15",2081.6,2,vswz2nqp
1476,16795134,"jiawei li","2026-09-17 06:24:20",2081.2,2,jiaweiaaa
1477,16709068,Vib,"2026-09-14 21:51:49",2080.8,2,viblal
1478,16643319,Jules,"2026-09-18 10:17:27",2079.8,2,julesvanligtenberg
1479,16843838,"Alapati Ramakrishna","2026-09-18 01:31:56",2078.4,2,alapatiramakrishna
1480,16880773,最强扫地僧,"2026-09-15 12:52:15",2077.5,2,yyx466005036
1481,16865070,carlos-tagosaku,"2026-09-16 03:08:48",2075.5,2,sousugiyama
1482,16805980,Kifine,"2026-09-14 08:38:12",2075.4,2,liaoyingxi
1483,16851147,Saifuddin,"2026-09-18 10:57:20",2074.6,2,syehsyoh
1484,16681405,"Yusuke Hayashi","2026-09-14 10:10:00",2074.5,2,yhay81
1485,16671092,"tomohito shimura","2026-09-18 00:50:00",2074.4,2,tomohitoshimura
1486,16732763,"Raihan Ramadistra","2026-09-14 12:05:13",2073.7,2,raihanramadistra
1487,16716078,既然巅峰留不住，那就重走来时路,"2026-09-14 09:41:36",2073.5,2,"jenzenhuang,luwyeb,wafflebear,wenjiewangdev"
1488,16845023,zhtmgxr,"2026-09-17 04:53:03",2073.5,2,zhtmgxr
1489,16630129,"Yi Lu","2026-09-16 01:54:33",2072.3,2,liqiu0224
1490,16875984,cccyou,"2026-09-17 12:59:00",2070.9,2,cccyou
1491,16891965,artem3605,"2026-09-16 15:23:34",2070.3,2,artem3605
1492,16706892,Ko,"2026-09-13 08:01:21",2070.0,2,syurenuko
1493,16862582,StephaneB7899,"2026-09-14 02:34:17",2069.1,2,stephaneb7899
1494,16891791,judy12345.0316,"2026-09-15 05:38:38",2069.0,2,judy123450316
1495,16872207,"Tèo Búng","2026-09-18 08:06:06",2067.1,2,teobung
1496,16688787,Fih,"2026-09-16 12:46:18",2067.1,2,vencerlanz09
1497,16660209,"Whyme Labs","2026-09-18 07:28:10",2066.7,2,whymelabs
1498,16905643,yngd99,"2026-09-16 12:32:42",2065.0,1,yngd99
1499,16720316,"Hưng Trần","2026-09-16 10:27:05",2063.1,2,hungtrabiz
1500,16679827,Juanky_too,"2026-09-17 13:06:42",2062.2,2,juankytoo
1501,16713797,CrazyDave111,"2026-09-15 07:37:31",2059.8,2,crazydave111
1502,16775684,ketterking,"2026-09-18 10:31:49",2059.4,2,"ketterwang,wwppyywwww"
1503,16761875,eugenn,"2026-09-15 15:07:39",2057.9,2,eugennekhai
1504,16664836,"Adnan Zaman","2026-09-15 15:31:52",2057.3,2,adnanzamanniloy
1505,16760244,"Alex Paul","2026-09-18 10:13:49",2056.4,2,alexazander
1506,16810030,fukumayo,"2026-09-18 00:02:45",2056.2,2,fukumayouta
1507,16752740,BorisV,"2026-09-14 02:13:08",2055.4,2,bvoskresenskii
1508,16839638,keeplooking,"2026-09-16 04:50:00",2055.0,2,keeplooking
1509,16677855,Mehrdad_LU,"2026-09-16 19:21:44",2053.4,2,mehrdadal2023
1510,16755099,"Aleksandr Ulianin","2026-09-14 12:05:33",2053.1,2,aleksandrulianin
1511,16836787,KSKBL,"2026-09-15 14:20:52",2053.0,2,"length1001,trafalgar1234"
1512,16903902,wanghaozhi,"2026-09-18 07:34:07",2052.0,2,wanghaozhi
1513,16629624,"Sayandeep Ghosh","2026-09-18 09:14:48",2048.0,2,sayandeepghosh
1514,16861256,lizh2025,"2026-09-16 15:02:06",2046.0,2,lizh2025
1515,16809874,もたざる,"2026-09-17 03:45:33",2045.8,2,havenox
1516,16689154,CrossEngineered,"2026-09-15 19:02:29",2045.4,2,"danyalsahin1,gkenurk"
1517,16733016,Quillbolt,"2026-09-18 00:33:45",2044.8,2,tunminhhunh
1518,16710499,sukeke,"2026-09-15 04:28:10",2044.7,2,sukeke
1519,16889791,JinboWang,"2026-09-18 06:26:46",2044.5,2,jinbowang1
1520,16631421,cg,"2026-09-18 09:38:36",2041.9,2,chaitanyagarg2
1521,16783740,ZiYiMing,"2026-09-16 03:54:41",2041.1,2,ziyiming
1522,16640780,"drezna ultra","2026-09-18 08:56:02",2040.3,2,notakes
1523,16802442,"Rabia Eda Yılmaz","2026-09-15 19:10:02",2039.3,2,truthisneverlinear
1524,16845713,"qweq asd","2026-09-14 04:09:52",2039.2,2,qweqasd
1525,16890503,KevinYongxin,"2026-09-14 08:52:18",2039.1,1,yongxinkwan
1526,16806728,"Neural Knight","2026-09-17 18:28:35",2037.6,2,"chinmaymnaik,sivasainath06"
1527,16729280,"Ryoya Tsuruoka","2026-09-18 06:34:59",2036.4,2,"irohasorange,mrooto,rahaia"
1528,16676063,"Kembang Melon","2026-09-15 07:47:20",2035.2,2,wajawaja
1529,16738487,"Andrey Shpigar","2026-09-13 20:57:51",2035.0,2,andreyshpigar
1530,16707303,meTeam,"2026-09-15 23:10:32",2034.5,2,aaronzribi
1531,16627600,"NiA Farms","2026-09-15 06:17:22",2033.8,2,"adriaft,natliablascoandreo"
1532,16852766,MCZK,"2026-09-15 00:49:38",2033.1,2,hitoshimochizuki
1533,16840921,evolved,"2026-09-15 05:03:46",2033.0,2,algunion
1534,16731186,Naru041104,"2026-09-18 10:32:15",2030.8,2,naru041104
1535,16884844,Happyfarm,"2026-09-14 10:51:11",2030.3,2,zhengweibin1026
1536,16761418,"Piggy Piggy","2026-09-14 23:37:49",2030.0,2,txgg123
1537,16796133,NoMoreThan20Words,"2026-09-15 00:19:25",2029.9,2,nomorethan20words
1538,16758817,Ruwawa,"2026-09-15 14:26:15",2029.7,2,ruwawa
1539,16918411,"Gautier Marti","2026-09-18 05:23:49",2028.8,1,gautiermarti
1540,16884892,AQiDA19,"2026-09-14 02:32:26",2028.8,2,aqida19
1541,16623524,"Marcus Vinicius","2026-09-15 23:10:38",2028.0,2,marcux777
1542,16801351,デワンシュ,"2026-09-15 08:10:28",2027.8,2,shade012
1543,16721248,"Raef Guizani","2026-09-16 08:32:44",2026.9,2,raefguizani
1544,16732292,takaygiiiiiiii,"2026-09-16 02:25:14",2026.8,2,takaygiiiiiiii
1545,16888261,"Andreas meling","2026-09-17 22:41:47",2026.8,2,andreasmeling
1546,16682514,"Pavel Pavlov","2026-09-14 18:14:33",2026.5,2,akakii
1547,16863335,"Bright Choice AI","2026-09-18 08:59:00",2025.1,2,brightchoiceai
1548,16728160,Ozi,"2026-09-14 18:37:07",2024.7,2,muhammaduzair21
1549,16784943,"Ian lin","2026-09-18 10:15:34",2024.5,2,ianlin310707
1550,16668152,ksew364,"2026-09-16 10:32:36",2024.3,2,ksew364
1551,16655758,patience,"2026-09-15 14:38:52",2024.1,2,"weirdocurry,wenjunkai124"
1552,16887142,backsider,"2026-09-16 09:34:44",2022.1,2,backsider
1553,16719884,ykhnkf,"2026-09-15 13:03:05",2021.5,2,ykhnkf
1554,16675344,PP_Azalearn,"2026-09-16 02:42:50",2021.4,2,"androidss,keitookamoto,pptakehirokawada"
1555,16811313,Ta_____ko,"2026-09-18 01:06:18",2020.9,2,tako1249
1556,16706227,"Wise Fancy","2026-09-15 02:27:45",2020.2,2,wisefancy
1557,16623812,"SeshuRaju 🧘‍♂️","2026-09-14 09:02:29",2020.1,2,seshurajup
1558,16658382,vladee,"2026-09-14 14:49:46",2019.8,2,vladee
1559,16735353,我是刘大聪,"2026-09-14 16:55:50",2018.1,2,smartorz
1560,16728321,Rohitt_94,"2026-09-14 11:49:40",2018.1,1,rohitt94
1561,16694149,maxout,"2026-09-14 14:11:27",2016.8,2,"aadijoshi19,kavyabhand"
1562,16835029,先过我的Gemini,"2026-09-14 10:21:24",2016.8,2,gutssss
1563,16810275,Adam,"2026-09-14 19:06:06",2016.0,2,potonglantie93
1564,16630752,motemen,"2026-09-13 07:56:37",2014.7,2,motemen
1565,16823957,"kiki yi2","2026-09-18 09:33:52",2014.0,2,kikiyi2
1566,16654742,"Aastik Rajan15","2026-09-14 11:58:25",2013.9,2,aastikrajan15
1567,16757320,Jingxiang,"2026-09-12 22:11:32",2012.8,2,jingxiango
1568,16850683,cooked,"2026-09-17 13:32:36",2012.4,2,"jentopia,toasty3302,xenonminer"
1569,16750575,Gronk,"2026-09-18 05:18:17",2011.3,2,jianyicai
1570,16713335,"Muhammad Imran","2026-09-14 09:42:21",2011.2,2,muhammadimranchitral
1571,16828191,wanghongwei111,"2026-09-14 13:07:32",2011.0,2,wanghongwei111
1572,16685634,"Syed Asad Ali","2026-09-18 09:51:48",2010.6,2,syed3000
1573,16632294,"Rajan Nagarajan","2026-09-14 09:44:54",2010.5,2,narajan
1574,16658038,Khanh,"2026-09-18 08:19:24",2009.2,2,khanhp142
1575,16888260,"Ndabenhle Ngema","2026-09-17 06:39:05",2009.0,2,ndabenhlengema
1576,16664392,AdamHsieh,"2026-09-17 09:57:53",2008.7,2,adamhsieh
1577,16729413,KharinTymofii,"2026-09-14 01:32:08",2008.2,2,kharintymofii
1578,16746599,Borrun,"2026-09-14 09:56:38",2007.7,2,borrun
1579,16744914,"El Mehdi EL JAIR","2026-09-13 11:45:42",2007.0,2,elmehdieljair
1580,16674932,kokinnwakashuu,"2026-09-14 21:28:32",2006.9,2,kokinnwakashuu
1581,16655844,MAFIN,"2026-09-14 12:37:15",2006.3,2,moneyman91
1582,16630380,JM,"2026-09-16 18:27:33",2005.4,2,julianmukaj
1583,16682032,"Satkar sarvankar","2026-09-14 14:56:57",2005.4,2,satkar003
1584,16770715,"Vicens Gaitan","2026-09-14 10:21:10",2004.4,2,vicensgaitan
1585,16745761,mitomeat823,"2026-09-18 04:59:39",2003.9,2,mitomeat823
1586,16625050,"how to place pokemon","2026-09-15 18:51:24",2003.6,2,ktverdov
1587,16892272,"Leo #3","2026-09-14 15:44:18",2003.1,1,leo123321
1588,16624109,"Nguyễn Thế Minh Đức","2026-09-15 01:01:29",2002.9,2,nguynthminhc
1589,16885735,keith,"2026-09-14 12:51:25",2002.7,2,kamatt
1590,16696743,"wennan cao","2026-09-18 07:47:44",2002.2,2,wennancao
1591,16854477,"Marc Maldonado Lorca","2026-09-15 12:31:41",2002.2,2,marcmaldonado
1592,16703045,ReCurSiON,"2026-09-14 17:05:11",2001.8,2,ashok205
1593,16843303,inori315,"2026-09-14 13:31:27",2001.0,2,inori315
1594,16893402,tedo,"2026-09-15 00:05:46",2000.6,2,takuroedo
1595,16867120,"DaoHe Liu","2026-09-14 07:13:16",2000.4,2,daoheliu
1596,16674948,habe.sq,"2026-09-15 13:31:54",2000.1,2,habesq
1597,16769849,"Shuwen(Shawn) Ge","2026-09-14 07:22:11",2000.1,2,shuwenshawnge
1598,16641372,ShoaibSSM,"2026-09-14 11:41:29",1998.5,2,"naveenlx111249971939,shoaibssm"
1599,16665129,Doom,"2026-09-18 07:40:43",1998.4,2,"mr6436,sanskaarundale"
1600,16740644,Terence0914,"2026-09-14 03:00:31",1997.3,2,terence0914
1601,16764301,"Quýt đây đừng sợ","2026-09-16 11:30:16",1996.7,2,ponschannel
1602,16672136,chupaletas,"2026-09-18 02:43:40",1993.9,2,urvesh
1603,16715828,samg,"2026-09-14 12:28:48",1991.6,2,samgreen2046
1604,16880558,"Georgi Kanev","2026-09-14 14:42:31",1991.4,2,georgikanev
1605,16709504,U023,"2026-09-14 16:44:14",1991.3,2,ryutek
1606,16843042,"Frost Cerberus","2026-09-14 05:21:03",1991.1,2,frostcerberus
1607,16791924,magu1234,"2026-09-14 08:15:32",1990.7,2,magu1234
1608,16723427,"Nikita Biryukov","2026-09-14 07:00:48",1990.7,2,bnikita
1609,16699741,Tom3,"2026-09-18 00:37:08",1989.4,2,tomohiroaz
1610,16806475,sohma,"2026-09-17 14:05:44",1989.3,2,hi210278
1611,16691001,"Mahmoud Abdelshafy","2026-09-14 20:08:03",1988.6,2,mahmoudabdshafy
1612,16630312,beijijun,"2026-09-14 12:04:11",1987.9,2,beijijun
1613,16866971,"Riad Hossain","2026-09-18 08:22:26",1987.8,2,riadhhossain
1614,16802410,"Aleksandr  Larko","2026-09-14 02:42:42",1987.3,2,alexxanderlarko
1615,16659771,DieByTheSword,"2026-09-16 08:53:03",1986.9,2,przemysawstroiws
1616,16785523,Doranap,"2026-09-15 05:49:19",1986.8,2,doranap
1617,16705523,"Brian Chua","2026-09-15 11:35:40",1986.2,2,chuazhengweibrian
1618,16878458,"Sho Saga","2026-09-18 00:05:55",1986.0,2,shosaga
1619,16635504,"Datta Dhebe","2026-09-12 22:41:11",1985.6,2,dattadhebe
1620,16761744,"Daiki Takahashi","2026-09-18 01:33:28",1984.6,2,daikitakahashi
1621,16838362,"Yixuan Yang","2026-09-14 17:56:55",1984.5,2,easoney
1622,16671133,Kazeneko,"2026-09-14 22:39:30",1983.9,2,kazeneko77
1623,16858464,Taisei_Tsuneki,"2026-09-14 07:09:25",1981.2,1,taiseitsuneki
1624,16887631,"Wills Cui","2026-09-18 04:55:28",1981.0,2,willscui
1625,16630784,"🚜 Sub-Par Seedlings","2026-09-15 16:54:05",1980.4,2,"dwellement0baser,michaellist,oneupkiwi,wilhelmberghammer"
1626,16794090,Euphor_M,"2026-09-17 22:14:23",1980.0,2,euphor
1627,16684704,LIQUIDHORSE,"2026-09-14 17:57:58",1979.8,1,liquidhorse
1628,16683288,HuaLQin,"2026-09-16 05:48:51",1978.3,2,hualqin
1629,16670504,Shirabe,"2026-09-17 03:00:23",1976.1,2,carlmakt
1630,16701074,"One Policy to Rule Them All","2026-09-14 14:41:04",1975.9,2,qujiahui
1631,16891334,"Ruslan Akhmetov","2026-09-14 12:21:55",1975.9,1,ecolla999
1632,16667766,vasujain7,"2026-09-14 17:44:19",1975.1,2,vasujain7
1633,16806053,hisatarosu,"2026-09-14 06:31:29",1975.0,2,tomako4390
1634,16651804,"Bocen Li","2026-09-14 03:52:29",1974.0,2,bocenli
1635,16845695,"Nam Lê Phương","2026-09-14 06:56:08",1973.2,2,pearpn25
1636,16758767,"Mikhail Karchevskiy","2026-09-18 10:46:49",1972.0,2,suvalex
1637,16666784,"Michał Łapiński","2026-09-14 17:41:53",1971.4,2,michaapiski
1638,16858986,kam,"2026-09-14 04:55:10",1971.1,2,kotakambayashi
1639,16897501,"I'm Fine.","2026-09-18 08:30:43",1971.0,2,zkheart
1640,16743546,"Simon Dorcas","2026-09-15 12:32:31",1967.8,2,simondorcas
1641,16842093,aether74,"2026-09-14 06:18:50",1967.5,2,aether74
1642,16686155,梁圣的恩情还不完,"2026-09-14 14:08:46",1967.3,2,yyyyhhhhwww
1643,16658426,RIVEN23,"2026-09-15 04:02:51",1967.2,2,riven5
1644,16696960,pi-500.phys,"2026-09-13 16:46:21",1966.7,1,pi500phys
1645,16791254,player123,"2026-09-16 15:20:19",1963.9,2,prashantbhattarai093
1646,16731577,RYnerv,"2026-09-14 11:33:32",1963.8,2,rynerv
1647,16760515,"Kazuo Watanabe","2026-09-14 12:06:35",1963.1,2,watanabekazuo
1648,16841910,"Lucky bara","2026-09-14 02:44:27",1961.5,2,luckybara
1649,16764546,Thirst,"2026-09-15 13:07:32",1961.5,2,wahidakram
1650,16660488,tehyoni,"2026-09-14 15:15:31",1961.3,2,"gooberdambi,sidcat,suaeng,tehyoni"
1651,16641816,"Toshiki Honda","2026-09-16 15:03:37",1961.0,2,toshikihonda
1652,16709236,rick11224,"2026-09-13 16:37:58",1960.3,2,rick11224
1653,16746372,"Meerub Atiq","2026-09-17 11:57:42",1958.4,2,meerubatiq
1654,16758556,bpbpbpbpb,"2026-09-18 04:47:00",1957.5,2,bpbpbpbpb
1655,16649314,"Yuka,Ota","2026-09-14 08:17:18",1955.9,2,yukaika
1656,16854072,r13721,"2026-09-13 13:57:13",1954.7,2,r13721
1657,16885090,higuuu,"2026-09-17 14:26:02",1953.9,2,higuuu
1658,16826719,"Dennis HT","2026-09-18 09:43:32",1953.6,2,dennisht
1659,16662492,"Lester Leong","2026-09-14 15:20:15",1952.0,2,lesterleong
1660,16794207,AlekseiProvorov,"2026-09-14 00:57:23",1950.2,2,leoprovorov
1661,16674295,"Nguyễn Minh Hiếu","2026-09-15 08:01:41",1949.4,2,endermage
1662,16879166,NoDash,"2026-09-15 02:56:39",1948.8,2,nodash
1663,16845165,Tanuki_boosting,"2026-09-13 12:41:51",1948.7,2,miyamotodaiya
1664,16655098,"Brotron Carbide","2026-09-13 03:38:35",1948.1,2,brotroncarbide
1665,16640933,"Bhanu prasad","2026-09-15 12:11:34",1947.0,2,restlesseagle
1666,16769435,"Nguyễn Mạnh","2026-09-18 09:10:47",1946.6,2,nguyenmanh97
1667,16730495,joinus,"2026-09-15 08:34:22",1946.3,2,joinus2003
1668,16634246,just_calculate,"2026-09-15 09:57:32",1945.7,2,justcalculate
1669,16766498,HNUST,"2026-09-15 06:44:18",1944.9,2,"aloemoon,castianhans"
1670,16779564,oycr,"2026-09-18 07:31:26",1944.5,2,"oyxiaobai159,wdt124"
1671,16886979,"Ivan Toropin","2026-09-13 21:21:17",1944.2,2,ivantoropin
1672,16672121,"Tiger bonbon","2026-09-14 03:41:59",1943.1,2,fujiwarayuto
1673,16697898,"Yin Li","2026-09-13 12:57:24",1942.3,2,kevin250304
1674,16707383,"codex is all you need","2026-09-13 01:26:48",1942.1,2,chizhu2018
1675,16735744,老乡,"2026-09-14 02:54:38",1941.1,2,hboyang
1676,16802843,Dream,"2026-09-16 02:45:24",1941.0,2,"jamesl8,tzeweilim"
1677,16633853,"funny farm","2026-09-14 12:31:58",1939.7,2,"alannasibullin,alexandrutkov"
1678,16809200,v0m0v,"2026-09-13 12:09:18",1939.2,2,maguchiya
1679,16646970,juewang1p,"2026-09-14 03:15:01",1938.8,2,juewang1p
1680,16669650,motono0223,"2026-09-14 15:16:56",1938.5,2,motono0223
1681,16632493,"oni chan arigato","2026-09-13 23:01:31",1938.2,2,"kindasomethin,nabidnur"
1682,16862912,"Nicolas Krusche","2026-09-15 00:03:10",1937.7,2,nicolaskrusche
1683,16659395,HyperX,"2026-09-15 11:53:22",1937.6,2,"diversedharun,harishinkaggle"
1684,16783642,base_camp_2002,"2026-09-15 06:57:18",1937.1,2,basecamp2002
1685,16661050,Master_S1ave,"2026-09-18 10:00:27",1936.9,2,masters1ave
1686,16775242,"Timothee Henry","2026-09-17 05:10:12",1936.6,2,timhenry
1687,16732422,"Aizat Kashapov","2026-09-17 18:43:55",1936.1,2,liderpartiii
1688,16698206,"Bark at the Barnyard","2026-09-14 15:22:45",1935.3,2,mming0430
1689,16697139,Stocks152,"2026-09-17 10:45:09",1935.1,2,stocks152
1690,16674831,"nk for work","2026-09-17 22:55:52",1934.9,2,nkforwork
1691,16633773,copasta,"2026-09-13 06:16:43",1934.5,2,copasta
1692,16791369,dataix,"2026-09-13 19:36:42",1932.2,2,codymachody
1693,16799045,qq牧场,"2026-09-17 03:51:51",1931.8,2,"goodchen145,sir2026,zhaosir2026"
1694,16839458,"Agent 0","2026-09-14 00:51:00",1931.4,2,agent0
1695,16777836,キムチ納豆,"2026-09-13 07:07:18",1931.2,1,ccchikuwa
1696,16753925,"Tyler Durden","2026-09-15 08:06:49",1931.1,2,jeedimetlacharan213
1697,16853540,WUZB,"2026-09-14 16:34:29",1931.1,2,wzhengbiao
1698,16796241,"pavan rajr","2026-09-18 10:01:25",1930.6,2,pavanrajr
1699,16835641,baojidehuangmao,"2026-09-17 10:38:44",1930.2,2,"brittneylewis2,innocentdzzz"
1700,16796235,"Keside Onyeocha","2026-09-17 16:06:32",1929.7,2,kesideonyeocha
1701,16623746,Juyong,"2026-09-18 10:06:22",1928.9,2,kimdoong
1702,16655631,"Djamila Benchikh","2026-09-15 22:20:15",1928.5,2,djamilabenchikh
1703,16841799,珍珠,"2026-09-14 16:49:56",1926.1,2,luochen6
1704,16736856,misaki,"2026-09-14 13:34:34",1925.2,2,"dicenull,iroharyo,jinnsou0219,misakima"
1705,16654027,shiv,"2026-09-14 15:18:51",1924.6,2,shivaurora
1706,16841440,CornFormer,"2026-09-17 03:03:35",1924.4,2,linyangtian
1707,16663166,Rey4Dan,"2026-09-18 04:55:20",1924.3,2,rey4dan
1708,16862614,"Andrew Bunn","2026-09-16 22:30:39",1921.6,2,andrewbunn
1709,16693942,"Lisan al-Gaib","2026-09-16 14:06:04",1921.1,2,azrihasin
1710,16731501,"Shiv Satyam","2026-09-13 22:14:15",1920.9,2,shivsatyam
1711,16674586,"Stanislav Ilin","2026-09-15 13:33:30",1918.6,2,stanislavilin2026ai
1712,16866457,"Qian Jinjin","2026-09-14 05:20:42",1918.5,2,q20020006073
1713,16752277,YKuma,"2026-09-14 14:08:15",1918.5,2,ykumazaki
1714,16885455,"Ali Azizi","2026-09-15 10:38:52",1917.8,2,aliazizi1
1715,16780279,"N Divij","2026-09-12 18:30:06",1916.0,2,divijio
1716,16730357,"My second life","2026-09-17 22:39:16",1915.0,2,"giovannibaldon,jjinho,pavelsavchenkov,ttyn4519"
1717,16822002,shiokoh,"2026-09-13 16:02:35",1914.9,2,shiokoh
1718,16875464,tllswelp,"2026-09-13 11:07:16",1914.8,2,tllswelp
1719,16669632,"Kenneth Alonso","2026-09-13 18:49:10",1914.6,2,kennethalonso
1720,16881755,MudassarPAPI,"2026-09-14 08:59:06",1913.7,2,mudassarpapi
1721,16740431,yuikag,"2026-09-16 02:50:40",1913.4,2,yuikag
1722,16885734,zylvento,"2026-09-13 10:02:37",1913.4,2,"lorvexa,zylvento"
1723,16635351,AAAMIKASA,"2026-09-13 22:13:23",1912.8,2,aaamikasa
1724,16674878,KirillKlem,"2026-09-13 18:19:27",1911.7,2,kirillklem
1725,16855214,"Kazumi Sakamaki","2026-09-15 12:20:09",1910.3,2,hatimitusiropp
1726,16780995,"Silver Surfer","2026-09-13 15:19:13",1909.9,2,hausch11
1727,16624969,tf,"2026-09-15 13:20:28",1909.8,2,tfukuhara
1728,16669123,"Alex #2","2026-09-14 04:10:26",1909.1,2,alxdfy
1729,16712863,ominteam,"2026-09-16 11:40:51",1908.9,2,"luantony,suruikk"
1730,16847706,takumina,"2026-09-13 23:45:40",1908.9,2,takuminakamatsu
1731,16682892,"Alvaro Llamojha","2026-09-16 08:37:03",1908.8,2,alvarollamojha
1732,16870485,agentic,"2026-09-16 19:21:30",1908.6,2,"audiuphile,mark5221,sidchevvan"
1733,16629873,UncleWKTK,"2026-09-13 05:24:28",1907.9,2,unclewktk
1734,16697893,"YWehbe / ADIA Lab","2026-09-16 11:16:27",1907.5,2,youssefwehbe
1735,16794630,"Yuchuan Ding","2026-09-14 04:55:24",1907.4,2,yuchuanding
1736,16665084,"Wei Han","2026-09-17 15:58:09",1907.3,2,weihan87
1737,16675866,DanilChil,"2026-09-15 19:30:24",1905.9,2,danilchil
1738,16811900,"Brejesh Balakrishnan","2026-09-13 05:20:59",1905.3,2,brejeshbalakrishnan
1739,16840857,Meteor,"2026-09-18 09:52:25",1905.1,2,meteorkid
1740,16743342,"Артём Свинобоев","2026-09-13 11:38:29",1904.4,2,ssstelmah
1741,16675063,"King Tian","2026-09-18 09:46:31",1904.0,2,tianwang1210
1742,16879027,XMHHHH,"2026-09-18 06:15:34",1902.5,2,jkkhhoo
1743,16655500,"Zhao Liying","2026-09-13 11:25:50",1901.6,2,yeohzhonghanervin
1744,16638804,"Anhad Mahajan","2026-09-17 20:22:15",1901.3,2,anhadmahajan06
1745,16806146,"Factual Explorer","2026-09-12 20:05:48",1901.1,2,factualexplorer
1746,16715216,Colin,"2026-09-15 12:36:41",1899.9,2,umcolin
1747,16885704,tavrico,"2026-09-13 09:52:55",1899.1,2,tavrico
1748,16668564,"Rikito Kanda","2026-09-14 13:01:57",1898.9,2,rikitokanda
1749,16845020,AGI,"2026-09-17 18:19:05",1898.9,2,"guusadema,tgroen3"
1750,16855071,Janvi_ch,"2026-09-13 18:22:18",1898.7,2,janvich
1751,16815132,"Duc-Anh Nguyen","2026-09-18 09:22:31",1898.5,2,valentinonguyen
1752,16684641,t.me/aetheranime,"2026-09-13 10:22:28",1898.2,2,yfrite
1753,16866868,mr_children_0617,"2026-09-14 13:01:56",1897.6,2,mrchildren0617
1754,16667774,"Ziad EL ARARI","2026-09-18 10:21:16",1897.4,2,ziadelarari
1755,16884368,LaManbo,"2026-09-13 10:51:44",1897.0,2,encizhang
1756,16844518,"Haroon Rasheed","2026-09-17 15:00:50",1895.8,2,haroonnsgb
1757,16669604,"Abhijit Pise","2026-09-13 21:25:57",1895.7,2,abhijitpise
1758,16639168,Sergey,"2026-09-13 08:22:45",1895.6,2,sergeymikhailovn
1759,16772460,"Дмитрий Онин","2026-09-14 05:22:31",1895.4,2,rejo1ce
1760,16881121,Annsatz,"2026-09-14 14:59:00",1895.1,2,ansatzkong
1761,16715235,l1aF,"2026-09-18 09:00:25",1894.4,2,hhhoang
1762,16673230,saitamad,"2026-09-16 04:03:47",1894.3,2,saitamad
1763,16798317,"Baran Akyıldız","2026-09-13 19:07:13",1894.2,2,baranakyldz
1764,16881882,Fl,"2026-09-14 21:42:24",1894.0,2,flagon
1765,16840588,Q.Ai,"2026-09-13 19:36:27",1893.9,2,"alperennbaran,hseyinemre134"
1766,16807802,嘴爷,"2026-09-14 02:14:43",1892.7,2,zui0711
1767,16807538,Asterope,"2026-09-16 01:49:58",1892.3,2,jianlee0
1768,16743055,栗ご飯,"2026-09-13 00:58:59",1891.8,2,criticalpath1903
1769,16716431,m&m,"2026-09-18 00:25:39",1890.7,2,ntrlmt
1770,16731940,xxxxyt,"2026-09-16 13:44:09",1890.4,2,"shengqinxi,xmxgxcs,xxxxyt"
1771,16810141,"Sijie Ma","2026-09-13 14:22:49",1889.8,2,"dimashitong112,sijiema"
1772,16731926,"Pardheev Krishna","2026-09-12 12:08:13",1889.6,2,"anandkumar0901,ayushjiwatramani,nidhibsh,nitindatanylatics,pardheev"
1773,16854439,"Yosef Zoabi","2026-09-13 21:05:15",1889.5,2,yosefzoabi
1774,16786595,"dbvz sbsbs","2026-09-12 08:37:55",1889.3,2,dbvzsbsbs
1775,16884861,Sky,"2026-09-13 07:20:40",1888.7,2,dhaksheshwarm
1776,16770842,yatakeuc,"2026-09-18 09:19:05",1887.5,2,yatakeuc
1777,16881631,"Arjun Sharma","2026-09-12 14:47:32",1886.9,2,arjundsharma
1778,16630418,butterchicken,"2026-09-13 12:29:23",1886.3,2,"ritanshuprasad,sriramlingavel01"
1779,16716533,wiffany,"2026-09-13 11:23:08",1885.2,2,wiffany
1780,16715066,akahane,"2026-09-16 21:06:58",1884.6,2,shuheiakahane
1781,16736265,"Marko Rupnik","2026-09-12 21:03:29",1884.0,2,markorupnik
1782,16884822,reziavon,"2026-09-13 05:38:11",1883.4,2,reziavon
1783,16630803,"Mirza Milan Farabi","2026-09-13 21:59:25",1883.4,2,mirzamilanfarabi
1784,16652272,"nadhir hasan","2026-09-13 14:07:09",1882.5,2,nadhirhasan
1785,16622820,"Sergey Nefedov","2026-09-13 18:00:39",1880.8,2,sergionefedov
1786,16659103,Arin,"2026-09-13 10:58:50",1879.8,2,skarin
1787,16638781,itsuki-data,"2026-09-13 09:38:58",1879.0,2,itsuki89
1788,16661570,"sissoko cheick","2026-09-16 17:19:19",1878.6,2,sissokocheick
1789,16634873,shin0000,"2026-09-13 02:40:02",1878.5,2,shin0000
1790,16722295,"Yuya Shintani","2026-09-17 22:50:28",1877.4,2,uplus26e7
1791,16630797,"Seok, Jeongeum","2026-09-18 02:26:11",1876.7,2,seokjeongeum
1792,16693092,"Andrei Dzis","2026-09-13 15:00:30",1876.4,2,dzisandy
1793,16778627,LXZ538,"2026-09-13 12:58:52",1875.9,2,lxz538
1794,16793755,"Juank Suarez","2026-09-18 00:13:30",1875.5,2,juanksuarez
1795,16745006,UjjwalPardeshi,"2026-09-13 10:31:33",1875.4,2,ujjwalpardeshi
1796,16875849,"Yaotong Niu","2026-09-15 13:37:34",1875.3,2,yaotongniu
1797,16884932,torvile,"2026-09-13 05:54:14",1874.3,2,torvile
1798,16623603,"Renji Starfall","2026-09-13 14:14:01",1874.1,2,renjistarfall
1799,16865854,lancerhim,"2026-09-14 04:18:21",1874.0,2,lancerhim
1800,16622032,"Raunak Dey","2026-09-13 13:46:33",1872.5,2,raunakdey07
1801,16731678,ShadowT_T,"2026-09-18 10:14:45",1871.1,2,shadowtt
1802,16863498,Jackmama-nolfwin,"2026-09-13 04:36:37",1870.9,2,nolfwin
1803,16842747,314?,"2026-09-13 19:26:50",1870.8,2,elshahed
1804,16855992,"Vanshika #2","2026-09-13 04:14:46",1870.5,2,crystalbaby
1805,16877997,Mirlan,"2026-09-13 07:44:53",1869.6,2,zmtrxq
1806,16885807,S3unburst,"2026-09-13 10:25:40",1868.8,2,s3unburst
1807,16663614,Nevska,"2026-09-15 21:00:10",1867.9,2,nevska
1808,16783537,JustinybGao,"2026-09-18 02:17:21",1867.8,2,justinybgao
1809,16875733,Fronta,"2026-09-13 06:47:59",1866.3,2,mirichima
1810,16689863,yukichi0403,"2026-09-15 12:39:45",1865.4,2,yukitake93
1811,16770149,rikutokuwayama,"2026-09-13 05:31:48",1863.9,2,rikutokuwayama
1812,16882280,K_daisuke,"2026-09-12 18:32:38",1863.8,1,kawakamidaisuke
1813,16755808,"Van-Phuc Huynh","2026-09-12 21:02:10",1863.2,2,hvanphucs112
1814,16740161,r2singh,"2026-09-13 19:26:20",1862.7,2,ratnaraj
1815,16748559,GodofThunder2407,"2026-09-13 06:18:15",1861.5,2,godofthunder2407
1816,16877685,"Felipe Figueiredo","2026-09-17 22:53:16",1861.1,2,felipefigueiredo02
1817,16657587,PxlPau,"2026-09-13 00:34:27",1859.4,2,studybeetutoring
1818,16749435,SGY2512,"2026-09-14 14:08:53",1858.6,2,sgy2512
1819,16884902,yovrini,"2026-09-13 05:49:06",1858.1,2,yovrini
1820,16732878,modelcollapse,"2026-09-13 10:23:31",1858.0,2,modelcollapse
1821,16704580,"Yunho Hwang","2026-09-18 08:38:43",1857.3,2,yunhohwang
1822,16809721,siren2345,"2026-09-13 09:59:42",1855.7,2,siren2345
1823,16864988,"jiangling wang","2026-09-13 10:59:00",1855.6,1,jianglingwang
1824,16733748,"Ashutosh Agarwal","2026-09-15 07:49:32",1855.4,2,ashutoshagarwal088
1825,16696999,"HD h Joratos","2026-09-18 05:17:19",1854.6,2,hdhjoratos
1826,16685763,"koren sabag","2026-09-16 19:53:19",1854.1,2,korensabag
1827,16878707,"Shiva Somasundaram Balaji","2026-09-13 05:58:09",1853.7,2,shivasomasundaramb
1828,16885770,"Rahul Jangra","2026-09-13 10:13:19",1853.7,1,leonado10000
1829,16847311,WangYilin_henuAI,"2026-09-14 12:14:10",1852.0,2,"hyhyyh,violin1,xiaoming1238952"
1830,16678080,"Timothy Adeyemi","2026-09-15 13:06:38",1851.6,2,timothyadeyemi
1831,16871327,"Anh Bui","2026-09-18 04:29:28",1850.7,2,bibanh
1832,16697185,"Prince Special","2026-09-17 05:46:38",1850.0,2,temitayogbolahan
1833,16730344,lvisdd,"2026-09-13 13:33:00",1849.2,2,lvisdd
1834,16660041,"Hoàng Quốc Việt ","2026-09-13 04:56:59",1848.6,2,viethwang3i
1835,16655150,"Benjamin H Pepper","2026-09-16 18:55:03",1847.6,2,bhpepper
1836,16738852,ZJUwlm,"2026-09-13 08:15:00",1847.2,2,zjuwlm
1837,16905243,ka4869,"2026-09-18 06:58:58",1846.9,2,ka4869
1838,16662984,"Mark Schatza","2026-09-17 18:27:19",1846.6,2,markschatza
1839,16748866,masayoshi,"2026-09-13 15:44:29",1845.1,2,masayoshi64
1840,16641751,Hikari_30,"2026-09-13 12:17:18",1843.9,2,hikari30
1841,16855088,Re:dorf,"2026-09-15 12:44:10",1843.2,2,reydorf
1842,16797154,"Elvern Neylmav Tanny","2026-09-13 23:37:07",1842.4,2,elvernneylmavtanny
1843,16623988,"Charismatic Pizza Party🍕","2026-09-13 06:01:29",1842.3,2,debugendless
1844,16861198,Eggplanck,"2026-09-17 15:33:26",1841.8,2,gyozzza
1845,16681049,"SiLin “Can SiLin” Can","2026-09-13 05:44:26",1841.8,2,"k3rn3l,silincansilincan"
1846,16823251,"Khaled Yousef","2026-09-15 07:19:47",1840.5,2,recochet96
1847,16689430,"Terry Luo","2026-09-10 12:28:44",1839.9,2,eimhluo1764
1848,16822706,"YUE WU","2026-09-12 20:16:36",1836.5,2,yuewuacademic
1849,16668215,renta.k,"2026-09-16 12:17:59",1835.8,2,renta0426
1850,16723988,yuyinghuang,"2026-09-13 07:00:33",1833.3,2,yuyinghuang
1851,16796223,"Bohan Shao","2026-09-14 03:22:54",1832.8,2,bohanshao
1852,16691670,wangbin.dev,"2026-09-17 16:58:12",1832.6,2,wangbindev
1853,16726461,mocatti,"2026-09-16 11:40:20",1831.5,2,mocatti
1854,16735628,perrodawn,"2026-09-17 09:16:43",1830.1,2,perrodawn
1855,16839754,"Lauresowe 3D","2026-09-12 10:00:06",1828.9,2,lauresowe3d
1856,16690500,Mr.NoT_GaMeR,"2026-09-17 08:15:54",1828.0,2,joshdilipkumarpatel
1857,16860547,stargazer7c,"2026-09-12 06:31:25",1827.6,2,stargazer7c
1858,16862944,Luchsus,"2026-09-14 23:29:16",1827.2,2,jansteindlstarlinger
1859,16716558,"Evan Tobias","2026-09-17 17:19:57",1827.1,2,evantobias
1860,16886066,latentb,"2026-09-13 11:55:55",1826.8,2,latentb
1861,16653311,"Stanislav Tsepa","2026-09-14 03:15:26",1825.7,2,mrtsepa
1862,16735094,RngRng,"2026-09-15 14:09:37",1825.5,2,rngrng
1863,16794527,linyifangzhenshuai,"2026-09-18 08:23:53",1825.4,2,linyifangzhenshuai
1864,16861637,薄荷喵呜,"2026-09-12 09:39:16",1824.9,2,bohemiao
1865,16806014,"weihao huang2004","2026-09-15 02:06:07",1823.6,2,weihaohuang2004
1866,16705318,arminhej96,"2026-09-16 07:54:46",1823.5,2,arminhej96
1867,16730142,static,"2026-09-12 07:01:49",1823.0,2,huangshunhao
1868,16749352,"Ian Virchenko","2026-09-14 10:23:15",1822.8,2,yvainr
1869,16841026,"Max Power","2026-09-17 15:20:55",1821.7,2,markbarney
1870,16881783,novasync88,"2026-09-12 15:27:48",1821.5,2,novasync88
1871,16881818,gradfield21,"2026-09-12 15:44:29",1820.6,2,gradfield21
1872,16630274,yutoAb,"2026-09-16 11:07:02",1820.4,2,yutoab
1873,16775350,"Sourabh Nirwanevht","2026-09-18 02:29:42",1820.4,2,"sourabhnirwanevht,yanggod"
1874,16869555,"Karthik Nambiar","2026-09-15 07:13:16",1820.3,2,karthiknambiar387239
1875,16881521,Juniperss,"2026-09-12 14:16:09",1819.5,2,juniperss
1876,16867601,tadashikato,"2026-09-12 12:11:44",1818.8,2,tadashikato
1877,16675512,Corgi-Samoyed,"2026-09-18 04:26:34",1818.8,2,corgisamoyed
1878,16669191,"Mohammed Nomaan","2026-09-12 18:28:13",1816.8,2,nomaanz
1879,16862390,huytngo,"2026-09-13 02:44:09",1816.7,2,huytngo
1880,16857641,ZengHL,"2026-09-13 07:35:36",1815.4,2,marshjff
1881,16881585,Venqira,"2026-09-12 14:31:19",1814.9,2,venqira
1882,16761293,cha7ura,"2026-09-18 06:10:59",1814.5,2,cha7ura
1883,16696099,moss,"2026-09-13 09:31:52",1814.0,2,kenyashimizu
1884,16641309,klog,"2026-09-12 04:48:32",1814.0,2,mhrzmmhrzm
1885,16772204,"Hamam Ahmed","2026-09-16 17:10:41",1812.6,2,hamamelsanousi
1886,16881237,"Chunlai Li","2026-09-12 13:58:51",1811.2,2,lichunlai123
1887,16830984,lizhengui,"2026-09-13 06:34:44",1811.0,2,lizhengui
1888,16766401,"Gobi Elangovan","2026-09-14 15:38:14",1809.0,2,gobielangovan
1889,16790005,"Rohit Kumar Sahoo","2026-09-13 03:54:07",1808.9,2,rohit4118
1890,16725287,NoahRyan,"2026-09-13 10:37:32",1808.6,2,beginner080
1891,16875618,"Joel P. Joseph","2026-09-16 13:33:52",1807.9,2,joelpjoseph
1892,16635233,"Szymon Kłapiński","2026-09-12 10:11:30",1807.9,2,szymonkapiski
1893,16756965,gchauhan,"2026-09-15 06:57:02",1807.7,2,gchauhan
1894,16882304,"Lokesh Prajapat","2026-09-12 18:20:47",1807.6,1,lokesh0252
1895,16684128,NIklitaCheporev,"2026-09-12 22:36:50",1807.5,2,niklitacheporev
1896,16668789,qaq7864,"2026-09-12 10:01:49",1806.7,1,qaq7864
1897,16622245,"Vlas Veles","2026-09-12 08:04:18",1806.7,2,vlasveles
1898,16697461,Agricroporation,"2026-09-14 14:32:23",1806.0,2,"algionightly,kroissant7,officialabhinavsingh"
1899,16833095,"ADARSH DWIVEDI","2026-09-15 04:17:03",1805.6,2,adarshcod
1900,16773041,walawala,"2026-09-12 15:14:30",1805.5,2,lixin73
1901,16747069,l'rug,"2026-09-12 11:01:00",1805.3,2,sdfsfsfsdf
1902,16724298,Orig_lab,"2026-09-11 12:30:00",1804.9,2,chengxixixi
1903,16660255,"Revanth Tambisetty","2026-09-18 06:00:07",1804.4,2,revanthtambisetty
1904,16784401,east,"2026-09-13 07:27:38",1803.7,2,eastxe
1905,16708546,"Blue Rain","2026-09-12 04:15:32",1803.4,2,bluefeather386
1906,16881613,refluxor,"2026-09-12 14:44:46",1803.3,2,refluxor
1907,16842293,"WANG HONGXIANG","2026-09-14 03:46:38",1800.9,2,wanghongxiang
1908,16732727,brightest66,"2026-09-12 13:00:57",1800.6,2,brightest66
1909,16876869,MAGGR,"2026-09-12 18:42:26",1800.1,2,manojmandal
1910,16716012,LaiCxm,"2026-09-18 01:36:12",1799.5,2,laicxm
1911,16854939,nusrati,"2026-09-12 07:49:37",1799.5,2,nusrati
1912,16731983,Gracie,"2026-09-14 14:40:35",1799.3,2,gracie428
1913,16726287,BBaRRel.,"2026-09-12 16:01:24",1799.3,2,yujinkk0609
1914,16644643,today,"2026-09-12 14:43:58",1799.1,2,today55
1915,16672456,hangglider5,"2026-09-12 05:16:44",1798.7,2,hangglider5
1916,16832226,"DI27 RF","2026-09-13 02:34:01",1798.7,2,di27rf
1917,16623716,"tetsuya & yuanzhe & guoqi","2026-09-18 03:06:49",1798.4,2,"guoqingu,tetsuya3510,yuanzhezhou"
1918,16623390,KodamaSec,"2026-09-17 12:21:24",1797.8,2,dfhgfdghfdhg
1919,16669461,"suzy su","2026-09-12 12:38:38",1797.1,2,suzysu997
1920,16665641,"Alexander Shahramanyan","2026-09-16 06:55:41",1796.3,2,alexshah
1921,16674385,"qr farm","2026-09-12 13:59:48",1795.7,2,qrz1201
1922,16839489,Q1du,"2026-09-12 10:12:02",1795.5,2,zjecust
1923,16881267,"juu meng","2026-09-13 07:07:40",1795.3,2,juumeng
1924,16671767,Kaileh57,"2026-09-12 20:58:24",1795.2,2,kaileh57
1925,16771703,"Moomin and his farm","2026-09-12 07:03:58",1795.1,2,ataraxyyeah
1926,16783173,"Michael Shihong Zhang","2026-09-13 05:39:27",1794.6,2,"excelexx,festyve"
1927,16641169,boatlee,"2026-09-12 18:02:28",1793.9,2,boatlee
1928,16728114,yu9824,"2026-09-15 21:41:20",1793.2,2,yu9824
1929,16858414,wantOchange,"2026-09-13 01:00:32",1792.8,2,wantochange
1930,16866014,htsbrer,"2026-09-12 02:53:05",1792.8,2,ht5brer
1931,16805918,"kaito ide 31","2026-09-17 15:28:38",1791.2,2,kaitoide31
1932,16663513,DLTLM,"2026-09-12 08:40:13",1790.7,2,"debayank2024,laveshjadon,laxmikantaroy,moumitaaaaaa,tarunraii"
1933,16790931,100rabh,"2026-09-12 16:42:27",1789.1,2,saurabhkumar234
1934,16743356,"Azat Akhtyamov","2026-09-16 10:40:11",1788.9,2,azakhtyamov
1935,16709463,MKhlystun,"2026-09-14 23:09:29",1786.2,2,mkhlystun
1936,16731270,"Arthurs Torres24","2026-09-18 07:43:51",1785.6,2,arthurstorres24
1937,16744983,Gappy,"2026-09-16 07:16:43",1784.5,2,takahirohigasa
1938,16640873,"Takumu Hata","2026-09-12 21:16:03",1784.1,2,takumuhata
1939,16775473,LuanHengYu,"2026-09-16 19:27:30",1783.5,2,apexml
1940,16654076,"Son Pham","2026-09-18 05:02:25",1783.0,2,sonphamorg
1941,16862806,kitsada,"2026-09-11 06:58:01",1781.5,2,wangwaen
1942,16792799,Kohecchi,"2026-09-15 16:17:53",1780.5,1,kohecchi
1943,16774141,Radiance,"2026-09-12 10:39:19",1779.3,2,"evelyn3976,wangyi01"
1944,16744573,"Oleksandr Kovalchuk","2026-09-13 12:55:29",1779.0,2,oleksandrkovalchuk
1945,16672448,"Crisis Liu","2026-09-18 02:04:56",1778.2,2,crisisliu
1946,16737041,presucc,"2026-09-13 04:13:37",1777.6,2,presucc
1947,16859690,Molood,"2026-09-10 20:30:43",1776.8,2,molooda
1948,16684954,"Suneeth reddy","2026-09-11 18:38:08",1776.7,2,suneethreddy
1949,16861278,"Michael Pershin","2026-09-16 12:22:16",1776.2,2,michaelpershin
1950,16684401,WQAAAA,"2026-09-12 03:28:35",1775.9,2,wqaaaa
1951,16745138,yok,"2026-09-18 07:50:53",1775.5,2,yokoinaba
1952,16730578,BostonKaggle,"2026-09-16 14:00:55",1774.6,2,"isthereanycode,lynnkim0"
1953,16762957,邪悪な暁山瑞希、ジャガイモを量産してフライドポテト市場を独占,"2026-09-17 17:00:18",1774.4,2,yinzimike
1954,16735741,TERMINUS,"2026-09-12 11:24:45",1773.6,2,gdreallygoodman
1955,16665841,"Mohit Rao","2026-09-14 05:22:15",1773.1,2,vmohitrao
1956,16623897,satoooh,"2026-09-12 05:04:15",1772.3,2,satoooh
1957,16797105,"Rahul vats","2026-09-16 15:22:04",1772.3,2,rahulvats20
1958,16709967,Matsu,"2026-09-14 07:44:33",1772.3,2,matsuzawahayato
1959,16798152,"A secretive person","2026-09-17 00:07:16",1772.1,2,asecretiveperson
1960,16630331,"Mohamed El-Nageeb","2026-09-14 23:31:06",1771.6,2,thelastsmilodon
1961,16845258,Squirrel,"2026-09-17 23:26:32",1771.2,2,bunnykeeper
1962,16728262,wakawakayu,"2026-09-14 12:00:12",1770.8,2,wakawakayu
1963,16802486,SHICHIES,"2026-09-14 17:53:39",1769.8,2,shichies
1964,16749034,digitalChaos,"2026-09-12 18:15:34",1769.6,2,digitalchaos666
1965,16731194,"Neglected Turtle","2026-09-14 10:40:18",1769.4,2,pleaselike
1966,16654379,"Sebastian Mateus","2026-09-12 11:45:52",1767.9,2,"brenorb,sebastianmateus"
1967,16847763,MartinZiserman,"2026-09-11 23:53:37",1767.4,2,zarmii
1968,16712329,"Andrej Carpenter","2026-09-16 06:47:14",1767.2,2,andrejcarpenter
1969,16678609,quantcrypto3,"2026-09-15 13:53:25",1766.0,2,quantcrypto3
1970,16745419,elren,"2026-09-14 09:34:15",1763.9,2,elrensmin
1971,16843864,IkeKodd,"2026-09-15 16:02:24",1763.6,2,"ikekodd,pinluk"
1972,16659419,"Chahat Mehra","2026-09-16 17:07:56",1763.3,2,chahatmehra
1973,16659286,shane18,"2026-09-17 14:57:58",1763.2,2,shane18
1974,16844770,Richard,"2026-09-15 02:27:34",1762.5,2,richardwg
1975,16683567,supr3mum,"2026-09-10 11:14:21",1762.4,2,friklez
1976,16714161,Slirche,"2026-09-13 10:56:33",1761.4,2,slirche
1977,16672128,Cliffton,"2026-09-17 15:02:47",1761.3,2,rieltzx
1978,16684402,vn1111,"2026-09-11 16:22:10",1761.0,2,vn1111
1979,16756765,DharmParmar,"2026-09-18 01:50:05",1760.9,2,dharmparmar
1980,16669038,"Nabeel Shar","2026-09-13 09:17:32",1758.1,2,nabeelshar
1981,16880407,kimuraaa,"2026-09-16 23:12:03",1757.8,2,kimuraaa
1982,16841108,"Sean Peppers","2026-09-15 14:38:35",1757.7,2,gagepeppers
1983,16866968,HXS-CF13,"2026-09-18 03:10:15",1757.2,2,hxscf13
1984,16632240,Deepseek的恩情还不完,"2026-09-13 17:54:20",1756.2,2,"iwanys,pedianeko,realybin"
1985,16854842,ijiiok,"2026-09-11 09:11:10",1755.9,2,ijiiok
1986,16857987,fujia,"2026-09-18 07:23:36",1755.5,2,fujiasama
1987,16624979,"Mohamed abdelrazik","2026-09-10 05:10:39",1754.3,2,mohamed3abdelrazik
1988,16751411,"lamb Liu","2026-09-12 08:13:29",1753.8,2,liuxiaohua72
1989,16885599,Suiban,"2026-09-16 05:30:06",1753.5,2,suiban410219
1990,16755705,"Semyon Epanov","2026-09-11 17:22:57",1753.2,2,semyonepanov
1991,16693488,HarvestZero,"2026-09-17 14:13:22",1753.0,2,bernardboatey
1992,16713281,SirShifu,"2026-09-10 22:19:52",1753.0,2,sirshifu
1993,16885509,HAL,"2026-09-14 07:58:55",1751.8,1,"asunalin,ljimmy2005007"
1994,16848765,XJHya233,"2026-09-13 11:56:26",1750.8,2,xjhya233
1995,16774075,"Mohammad Yaser Hussain","2026-09-13 17:55:29",1750.6,2,mohammadyaserhussain
1996,16717756,Dominick,"2026-09-15 05:25:13",1750.2,2,kcinimod
1997,16677568,yarneo,"2026-09-16 10:07:53",1748.2,2,yarneo
1998,16674451,NycteacoBa,"2026-09-14 00:50:27",1747.8,2,nycteaowl
1999,16797847,"levski shampion","2026-09-12 23:19:08",1746.5,2,mariomalev
2000,16660250,Moshel,"2026-09-12 23:06:43",1746.0,2,moshel
2001,16881857,Pheonix,"2026-09-17 11:51:43",1745.9,2,vikasg1711
2002,16746191,たがやす,"2026-09-17 04:53:10",1745.5,2,drktti
2003,16735066,"Saber #2","2026-09-11 16:26:08",1745.3,2,yzheng21
2004,16825815,linchenge,"2026-09-15 13:09:57",1745.1,2,linchenge
2005,16868685,"Kotaro Simizu","2026-09-11 20:39:54",1745.0,2,"kotarosimizu,mahiro1214"
2006,16689183,Hawksartelier,"2026-09-12 15:10:55",1744.3,2,satyapb2002
2007,16722818,"Mukesh R","2026-09-14 09:13:30",1744.0,2,mukeshr06
2008,16630779,Jimmer,"2026-09-18 00:19:43",1743.8,2,przemysawonr
2009,16728076,uuu,"2026-09-13 09:12:31",1741.6,2,vovafinogenov
2010,16784992,Prasad.tgs,"2026-09-17 13:11:20",1741.5,2,sivaprasadnaidu
2011,16621515,"Alexander Gremyakov","2026-09-11 17:04:25",1741.3,2,alexandergremyakov
2012,16740034,BSCode,"2026-09-14 02:27:32",1740.7,2,bscode
2013,16676085,"Giordano Dolenz","2026-09-11 17:20:50",1739.1,2,giordanodolenz
2014,16794309,"Sanyam Jain","2026-09-14 15:58:22",1737.7,2,sjain03
2015,16717794,souldrive,"2026-09-13 13:18:14",1735.3,2,souldrive
2016,16744503,"Jun AKita","2026-09-12 04:12:19",1735.3,2,junakita
2017,16784516,pejipej,"2026-09-16 19:51:06",1734.4,2,pejmaneghbali
2018,16865564,Manat,"2026-09-15 14:42:11",1734.4,2,manatoshoji03
2019,16849377,try,"2026-09-12 20:23:11",1734.1,2,weishanshan033
2020,16857624,flatton,"2026-09-16 23:02:27",1732.7,2,tomokifujihara
2021,16804827,"Bala Baskar","2026-09-18 10:48:45",1732.2,2,balabaskar
2022,16690447,Supermercado,"2026-09-12 11:14:33",1731.7,2,ryotaaaaaa
2023,16674839,"hongqian miao","2026-09-11 11:49:44",1731.5,2,hongqianmiao
2024,16755049,gamesu7107,"2026-09-12 18:24:15",1731.2,2,gamesu7107
2025,16792542,RB25det,"2026-09-18 09:18:08",1730.6,2,rb25det
2026,16741542,"let cats farm","2026-09-18 07:31:28",1729.7,2,amonkizawa
2027,16671292,Yuyajk,"2026-09-13 03:35:26",1729.2,2,yuyajk
2028,16707915,MGöksu,"2026-09-12 16:05:38",1728.7,2,mgoksu
2029,16809842,"zg l1218","2026-09-18 03:29:21",1728.5,2,zgl1218
2030,16682318,Bibek,"2026-09-13 20:49:12",1728.4,2,bibek777
2031,16623385,yurunougyou!,"2026-09-10 12:25:26",1728.3,2,isakatsuyoshi
2032,16661462,"Dania Amer","2026-09-11 21:30:53",1726.8,2,dania35
2033,16808822,-lingluo-,"2026-09-14 01:44:32",1726.5,2,lingluoo
2034,16692725,"Zhen Li","2026-09-12 10:05:10",1726.1,2,zhenlisak
2035,16728084,iwance,"2026-09-13 10:55:14",1725.6,2,iwance
2036,16665294,"Thái Văn Tài","2026-09-17 02:17:37",1725.4,2,thivnti
2037,16757417,otter_0714,"2026-09-18 07:09:43",1725.4,2,otter0714
2038,16876344,Hyunwoo_Park,"2026-09-17 12:05:01",1723.2,2,uts3125014010829
2039,16741178,guruguru000,"2026-09-11 04:31:49",1722.9,2,guruguru000
2040,16664761,"Udit Jain #2","2026-09-12 00:14:14",1722.6,2,iamudit
2041,16751152,"Andrew Reed","2026-09-10 03:42:42",1722.5,2,andrewreed
2042,16858196,"Cường Dược Sĩ","2026-09-14 06:19:02",1721.9,2,cngdcs
2043,16663929,"Erman Man","2026-09-12 02:05:39",1721.7,2,ermanman
2044,16786341,"Farmula One","2026-09-18 07:40:52",1721.3,2,"joesland,mer4yyy,ricaaaovo,zhangxingzhe"
2045,16708791,atsu0905,"2026-09-11 15:08:36",1721.2,2,atsu0905
2046,16697395,darktetradgod,"2026-09-14 15:35:29",1720.8,2,darktetradgod
2047,16775571,Gaurav06520,"2026-09-15 12:38:42",1720.8,2,gaurav06520
2048,16659957,LeFarmers,"2026-09-17 02:17:07",1720.1,2,"jaydonjp,kuantumknight"
2049,16623458,datnt114,"2026-09-18 10:35:23",1720.1,2,kingkong153
2050,16710464,ns0329,"2026-09-12 06:56:56",1718.7,2,ns0329
2051,16793340,bee_lx_xl,"2026-09-18 08:53:35",1717.6,2,beelxxl
2052,16814701,e0970145,"2026-09-10 11:43:21",1717.4,2,maxxtucker
2053,16762019,yukino,"2026-09-10 02:43:41",1715.6,2,"jifengjianhao666,mqingcs"
2054,16735837,yaki-imo,"2026-09-11 04:35:42",1715.1,2,taichiakiyama
2055,16772119,Workybara.ai,"2026-09-12 03:16:14",1714.4,2,workybaraai
2056,16845382,Alpha_Ashwin007,"2026-09-17 04:36:21",1714.1,2,alphaashwin007
2057,16757064,"coke lu","2026-09-16 07:17:49",1713.7,2,cokelu
2058,16730810,mgoto51004,"2026-09-12 16:07:18",1713.2,2,mgoto51004
2059,16659160,"Dmitry Bardonov","2026-09-13 05:47:46",1713.2,2,bdesim
2060,16848952,tubotu,"2026-09-11 14:47:08",1713.1,2,tubotu
2061,16643554,"Arnie Jimenez","2026-09-16 16:50:18",1712.7,2,arniejimenez
2062,16689186,NCK,"2026-09-12 04:31:04",1711.5,2,drnchaitanyakumar
2063,16731839,mamematcha,"2026-09-12 16:29:27",1711.5,2,mamematcha
2064,16862084,weiooocnnnnnn,"2026-09-15 11:52:22",1710.8,2,weiooocn
2065,16852208,"LONG NT123","2026-09-15 13:54:10",1710.6,2,longnt123
2066,16641116,SearchingForWife,"2026-09-16 10:03:56",1710.5,2,darksteeldragon
2067,16880960,Kiriesh,"2026-09-16 18:45:37",1709.3,2,kiriesh
2068,16668056,"Quantum Farm","2026-09-14 11:11:03",1709.1,2,"anselem7,divineokwueze,nnanyereuzoma"
2069,16696738,rekhasri,"2026-09-16 02:36:40",1708.9,2,rekhasri
2070,16771870,"kumi cho","2026-09-10 10:07:29",1707.7,2,kumicho
2071,16678618,"Manu Nicholas Jacob","2026-09-12 02:13:33",1707.7,2,manunicholasjacob
2072,16631115,prvsiyan,"2026-09-18 09:08:21",1707.5,2,prvsiyan
2073,16768603,Kinance,"2026-09-11 13:09:29",1705.6,2,kinance
2074,16658801,"Thuc Nguyen Dang 111","2026-09-13 05:21:36",1704.3,2,thucnguyendang111
2075,16861723,"Landon Hershberger","2026-09-15 22:04:40",1704.2,2,landonhershberger
2076,16862840,"Ammar Aziz","2026-09-12 11:11:53",1703.9,2,cabtainamamr
2077,16701612,Kiki,"2026-09-11 06:43:31",1701.2,2,rouiou
2078,16657796,"parv goyal2","2026-09-18 09:45:41",1701.1,2,parvgoyal2
2079,16774712,icelemon2004,"2026-09-11 04:25:32",1700.8,2,"guanghuchen,icelemon2004,mustard64"
2080,16691270,"Piyal Chowdhury","2026-09-17 05:45:48",1700.5,2,piyalchowdhury
2081,16909485,SatoGo,"2026-09-18 08:52:56",1700.0,2,satogo
2082,16628875,TakahiroHon,"2026-09-17 02:59:51",1699.8,2,takahirohon
2083,16730446,photunix,"2026-09-14 23:06:36",1699.7,2,photunix
2084,16692432,"Les 2 oies","2026-09-18 04:43:05",1699.7,2,"sanarceate,youyoucrf"
2085,16883478,Aggri_goon,"2026-09-16 10:48:29",1699.7,2,ryonagakubo
2086,16627194,GzmCR632,"2026-09-11 07:01:14",1699.1,2,gzmcr632
2087,16879360,"Neural Subscribed Operator","2026-09-12 06:55:46",1698.5,1,nacl3084
2088,16876040,hgh404,"2026-09-17 09:23:07",1698.5,2,"gamejoker,hgh1024"
2089,16711317,"yf D","2026-09-18 09:59:02",1698.5,2,dengvitruviano
2090,16629699,radiant-allomancer,"2026-09-11 00:50:02",1698.4,2,radiantallomancer
2091,16867641,"Yuki TASHIRO","2026-09-10 17:17:04",1698.1,2,yukitashiro
2092,16842384,"Muhammad Mirza Darma Putra","2026-09-13 04:39:08",1698.0,2,mirzadarma
2093,16663252,"MD Concepcion","2026-09-18 03:02:06",1697.8,2,mikedconcepcion
2094,16662735,"Kurian George","2026-09-11 17:16:25",1696.7,2,kuriangeorge
2095,16698726,加油,"2026-09-14 12:25:38",1696.3,2,honeeyl
2096,16791163,woldy,"2026-09-18 03:48:28",1695.8,2,woldywei
2097,16851853,tryagain123,"2026-09-16 02:03:57",1695.3,2,lanqingsong123
2098,16775781,"I am GroOth","2026-09-17 09:54:27",1695.1,2,gideonoba
2099,16654669,"Jordi Corbilla","2026-09-13 22:27:34",1693.4,2,jordicorbilla
2100,16850105,Pantheon,"2026-09-14 07:40:15",1693.2,2,skyenxt
2101,16673524,"Zikai Chen","2026-09-13 04:29:53",1693.1,2,kyrie1102kai
2102,16790603,xinbao,"2026-09-11 15:50:54",1692.6,2,zww123456
2103,16688313,"Gnosys Labs","2026-09-18 00:56:10",1692.6,2,gnosyslabs
2104,16630015,星之海,"2026-09-13 08:50:50",1691.1,2,web3cainiao
2105,16659920,vkhydras,"2026-09-11 12:12:10",1690.4,2,vickimar
2106,16654914,Nozprod,"2026-09-11 14:55:33",1688.2,2,nozprod
2107,16722888,GarrieD,"2026-09-12 14:53:50",1687.4,2,garried
2108,16781506,un0o7,"2026-09-11 13:10:36",1687.0,2,hjhsdsdww
2109,16868001,"Young MacDonald","2026-09-18 08:31:07",1686.8,2,natert
2110,16808020,"Pulkit Arora 🇮🇳","2026-09-11 09:15:58",1686.5,2,pulkittarora
2111,16867005,cryptvector2,"2026-09-11 13:22:09",1686.3,2,cryptvector2
2112,16686918,JustinLee,"2026-09-16 20:40:08",1685.3,2,justin2061
2113,16698560,"Seungjun Lee","2026-09-17 09:29:47",1684.4,2,seungjunleeofficial
2114,16792013,"Alec Polansky","2026-09-10 01:58:49",1683.9,2,alecpolansky
2115,16827224,"[HSE Lyceum ML] zaepupno","2026-09-17 22:57:09",1683.2,2,daniilgoryushin
2116,16868219,"Karim Hamada","2026-09-10 18:14:34",1683.1,1,karimhamada
2117,16855156,"Lior Toledano","2026-09-15 18:15:51",1681.9,2,liortoledano
2118,16630142,zawawannko,"2026-09-11 08:03:32",1681.6,2,zawawannko
2119,16855665,"Yash Yadav","2026-09-13 06:58:11",1681.5,2,yash2072005
2120,16632735,"No Free Lunch, Only Melons","2026-09-11 13:47:28",1681.2,2,kawaharataishi
2121,16677342,Fedor,"2026-09-18 06:52:50",1681.0,2,fedorchuprakov
2122,16670715,i3,"2026-09-17 12:14:55",1680.6,2,ishijima
2123,16886174,ZZDW_,"2026-09-18 03:06:01",1680.5,2,"fufustory,hashak,linjunren1016,mushroom1763,yamaer"
2124,16740420,Laplacenvmv,"2026-09-09 07:42:28",1680.5,2,laplacenvmv
2125,16841595,Jaso1024,"2026-09-10 01:44:10",1679.7,2,jaso1024
2126,16710469,Qimra1729,"2026-09-11 08:09:04",1678.9,2,qimra1729
2127,16641956,SixGODD,"2026-09-16 08:37:53",1678.8,2,sixgodd
2128,16669594,euorrl,"2026-09-14 03:07:02",1677.5,2,euorrl
2129,16659540,"Goua Henri","2026-09-13 21:07:08",1677.3,2,gouahenri
2130,16860566,黄旭伟aaaabbs,"2026-09-10 02:08:34",1676.9,2,aaaabbs
2131,16811605,"Ryu Sonoda","2026-09-13 06:31:50",1676.4,2,ryusonoda
2132,16867327,Zorvella,"2026-09-11 03:16:36",1675.9,2,zorvella
2133,16729765,"Caio Ruiz","2026-09-17 12:56:32",1675.6,2,chvruiz
2134,16770055,"san yin26","2026-09-15 08:14:39",1675.5,2,"amadeusan,sanyin26"
2135,16799598,RameshG888,"2026-09-11 08:42:57",1673.1,2,ramesh888
2136,16750448,"Ansh Agarwal","2026-09-11 07:59:45",1672.7,2,anshagarwal2616
2137,16675960,"Audric LOKO","2026-09-15 10:02:22",1672.5,2,audricloko
2138,16843384,"Anatoly Lyutov","2026-09-11 11:54:44",1671.6,2,anatolylyutov
2139,16671659,Jiang,"2026-09-11 08:12:46",1671.5,2,jncq2006
2140,16858157,osteo,"2026-09-11 01:33:23",1670.9,2,logstwo
2141,16654511,"Syed Shayan Ali Shah","2026-09-14 06:59:51",1670.3,2,dsshayan
2142,16904440,"Orion on earth","2026-09-18 10:47:24",1670.2,2,oriononearth
2143,16755650,"kazuki morikawa","2026-09-10 12:56:10",1670.0,2,kazukimorikawa
2144,16843892,luxinyayaya,"2026-09-15 03:23:21",1669.8,2,luxinyayaya
2145,16741932,"Michael Chen","2026-09-11 05:38:12",1669.4,2,fuqiangchen
2146,16907406,herok0809,"2026-09-16 16:49:09",1669.3,2,herok0809
2147,16766640,watana,"2026-09-11 13:12:40",1669.0,2,yukiwat
2148,16698281,Neural,"2026-09-17 21:47:07",1668.9,2,kevinkoza
2149,16627581,AidenSong123,"2026-09-12 14:15:30",1666.6,2,aidensong123
2150,16661667,"Wufang Hong","2026-09-10 07:14:27",1666.4,2,wufanghong
2151,16802578,Yuuki4543,"2026-09-11 06:18:16",1666.1,2,yuuki4543
2152,16670229,Munshi-PremChand,"2026-09-11 13:26:53",1666.1,2,munshipremchand
2153,16758232,mech_39,"2026-09-10 21:20:57",1665.6,2,mech39
2154,16842828,"Smiley Flour","2026-09-13 17:53:03",1665.5,2,"ddlinh212,nguyenvlm"
2155,16810587,"Avineesh Arora","2026-09-16 12:37:39",1664.6,2,avndope
2156,16847304,"eryue shisi","2026-09-14 02:41:20",1664.3,2,eryueshisi
2157,16843522,clouds111,"2026-09-10 09:00:49",1664.2,2,clouds111
2158,16621063,Broskis,"2026-09-11 03:19:55",1664.1,2,"aikyatansinha,r1cksync,vamshikrishnaemmadi"
2159,16849766,"Uncle Scooge","2026-09-11 13:27:24",1663.0,2,"guzzbr,pascalcoimbra"
2160,16621610,NMarkS,"2026-09-13 18:16:06",1663.0,2,nmarks
2161,16748487,Hiters,"2026-09-11 00:54:16",1662.3,2,mikehongsz
2162,16730676,ActiveMusyoku,"2026-09-15 09:40:07",1662.3,2,"daiki0381,kohei0okazaki,noriyukimori,ryonatori,seipon"
2163,16849053,z7777,"2026-09-10 14:16:42",1661.8,2,songqizhou
2164,16789950,"Zachary Zhang","2026-09-09 05:37:03",1659.2,2,zacharyzhang16
2165,16759508,george-nigmatulin,"2026-09-18 05:45:08",1657.1,2,georgenigmatulin
2166,16871705,Bertholdt,"2026-09-18 07:15:59",1656.6,2,bertholdt
2167,16728910,Thai,"2026-09-11 06:38:31",1656.6,2,hnthai
2168,16775010,"Alexey Kuznetsov","2026-09-15 08:08:45",1656.6,2,legtarrr
2169,16663808,"Fae Gaze","2026-09-10 20:30:29",1656.3,2,achievement
2170,16728238,ubcict232,"2026-09-10 16:19:32",1656.3,2,ubcict232
2171,16722849,"Dhruv Bansal","2026-09-10 22:03:08",1655.8,2,dhruvb2028
2172,16730675,Platycerium,"2026-09-11 17:27:51",1655.7,2,soutasakurai
2173,16630984,TakamaruEX,"2026-09-14 08:20:46",1654.9,2,takamaruex
2174,16732945,"Aru Ohta","2026-09-18 07:41:41",1654.3,2,aruohta
2175,16764089,UtaAzu,"2026-09-11 02:21:40",1653.9,2,utaazu
2176,16668622,"Michael McGrain","2026-09-10 10:38:27",1653.3,2,michaelmcgrain
2177,16623980,Nikita,"2026-09-14 10:05:57",1653.2,2,ivanovnikitawork
2178,16660735,"Bassel Elbahnasy","2026-09-17 12:46:59",1650.7,2,basselashraf
2179,16719364,Yeh!AIGame,"2026-09-17 10:19:15",1649.8,2,"luluyeh,yehshibang"
2180,16659464,"Héctor Valverde","2026-09-12 18:14:21",1649.6,2,hvpareja
2181,16639263,Yam,"2026-09-10 15:44:54",1649.3,2,minyam
2182,16632527,"GIVE ME A JOB","2026-09-10 09:35:11",1648.7,2,tarokogawa
2183,16634519,"Darshan Makwana","2026-09-10 10:17:03",1648.6,2,ellipticaloranges
2184,16859745,111,"2026-09-17 16:23:00",1648.4,2,guoz112
2185,16867407,Lanqira,"2026-09-11 03:08:56",1647.4,2,lanqira
2186,16764349,Solo,"2026-09-12 22:58:37",1647.1,2,solosolo
2187,16720797,"Vibe Farmer","2026-09-11 02:14:27",1646.9,2,pulakkantibhowmick
2188,16729130,KoshinM,"2026-09-12 02:07:32",1646.7,2,koshinm
2189,16806206,"Yuan Yongth","2026-09-18 08:10:04",1646.6,2,"sunnylzheng,yuanyongth"
2190,16857932,"Ahmed Ansari","2026-09-16 11:57:46",1646.4,2,ahmed1ansari
2191,16720696,Ankit0017,"2026-09-09 14:57:00",1646.3,2,ankit0017
2192,16843617,Jenny124685,"2026-09-17 05:29:39",1645.1,2,jenny124685
2193,16781550,Lumberjacks,"2026-09-17 20:19:22",1644.5,2,jamesmcgarryiv
2194,16853132,masa0219,"2026-09-17 13:32:47",1643.9,2,masa0219
2195,16652764,hikahika,"2026-09-11 13:31:34",1643.8,2,naganohikaru
2196,16625082,真的懒,"2026-09-16 04:56:07",1643.5,2,gtccc9
2197,16739578,"Pietro Valocchi","2026-09-15 06:34:30",1643.4,2,pietrovalocchi
2198,16814378,"Jay Prrajapati","2026-09-09 13:53:13",1643.1,2,jayprrajapati
2199,16741321,"S. B.","2026-09-18 10:33:58",1642.7,2,aughra
2200,16890052,Code4life,"2026-09-15 16:46:33",1642.2,2,"huylngcgia,taovietducofficial"
2201,16866424,"gmmm mmod2","2026-09-11 07:38:54",1642.0,2,gmmmmmod2
2202,16662618,"Soledad Santiago","2026-09-13 21:59:18",1641.8,2,soledadsantiago
2203,16767929,Timbydude,"2026-09-14 19:41:18",1641.2,2,timbydude
2204,16790527,Yuta,"2026-09-10 08:33:55",1640.4,2,yutaecon
2205,16854573,"这是 AI 的胜利","2026-09-10 09:15:16",1639.4,2,iaptainmy
2206,16674961,"Ilya & Yurnero","2026-09-09 10:20:15",1639.4,2,"samson8,test7845"
2207,16664788,rian,"2026-09-09 17:32:52",1639.2,2,rian55
2208,16847370,"Suleyman Yollyyev","2026-09-17 15:23:12",1638.0,2,suleyman71
2209,16699586,"Linda Liu","2026-09-17 11:58:32",1637.6,2,lpoint
2210,16841335,abondrn,"2026-09-15 16:55:55",1637.6,2,abondrn
2211,16635062,DL,"2026-09-10 04:16:38",1637.0,2,distiller
2212,16657276,"Пётр П","2026-09-17 14:20:01",1636.9,2,petrinvest
2213,16655411,フナコシ,"2026-09-17 07:46:06",1636.5,2,kokifunakoshi
2214,16635509,simmons1025,"2026-09-10 15:26:38",1636.5,2,simmons1025
2215,16664490,llllllc666,"2026-09-16 09:05:35",1636.1,2,llllllc666
2216,16886357,"Sun Jaden","2026-09-13 21:34:56",1636.0,2,sunjaden
2217,16668610,Sian,"2026-09-12 01:13:24",1634.8,2,arki13
2218,16717549,"Adejumo Boluwatife","2026-09-11 19:09:23",1633.7,2,adejumoboluwatife
2219,16844845,"Dinesh Amalathasan","2026-09-15 19:55:18",1633.0,2,amaldinesh
2220,16863501,ATC,"2026-09-10 01:05:59",1632.8,1,t6ccc2
2221,16831028,"氷見 和","2026-09-10 12:04:15",1631.8,2,himihimi
2222,16906728,"Konstantin Zhar","2026-09-17 20:40:19",1631.7,2,zharkd
2223,16714474,"Glenn Dalbey","2026-09-09 23:44:37",1631.3,2,glenndalbey
2224,16865554,"parker tan","2026-09-18 10:42:33",1628.7,2,parkertan
2225,16746796,kaguramena,"2026-09-10 07:13:17",1628.5,2,kaguramena
2226,16691084,"Ke Ma Ke","2026-09-13 09:01:36",1628.0,2,kemake
2227,16848850,Lazyman,"2026-09-17 10:11:10",1627.8,2,lazyman
2228,16809263,"Bertan Pank","2026-09-09 18:58:46",1627.6,2,bertanpank
2229,16769885,kurushun,"2026-09-10 02:10:21",1627.5,2,kurushun
2230,16852728,"Ryuto Yoda","2026-09-09 11:05:09",1626.5,2,ryutoyoda
2231,16839834,nouvya,"2026-09-10 15:48:43",1625.8,2,nouvya
2232,16802745,"Fuat Çakıcı","2026-09-16 11:56:18",1624.8,2,fuatcakiicii
2233,16653078,pk210495,"2026-09-13 10:56:29",1624.7,2,pk210495
2234,16639731,williamrawling,"2026-09-17 03:18:59",1624.3,2,williamrawling
2235,16864072,"Matvey Skovordin","2026-09-10 04:24:07",1623.5,1,kickassnumberone
2236,16810111,"Saket Singh","2026-09-16 09:03:37",1623.4,2,saketsingh9728
2237,16641230,"An V1","2026-09-12 01:03:30",1622.7,2,barakuga
2238,16736079,Maxy5illion,"2026-09-18 06:03:43",1621.7,2,maxy5illion
2239,16895464,WilsonPzx,"2026-09-18 04:50:41",1621.6,2,wilsonpzx
2240,16676739,"Jonathan Zheng Jiahao","2026-09-10 02:53:21",1621.3,2,jonathanzhengjiahao
2241,16879199,遠藤裕人,"2026-09-18 10:11:26",1620.4,2,back2525
2242,16858418,"Nguyễn Công Tuấn","2026-09-17 11:35:08",1620.1,2,nctuan
2243,16865917,"Yihao Wei","2026-09-13 10:07:46",1619.0,2,yihaowei
2244,16791873,Sanjay,"2026-09-15 13:12:27",1618.5,2,sanjay6727
2245,16622835,"Max Manushin","2026-09-11 01:04:29",1617.9,2,innerf1re
2246,16729186,Virtute,"2026-09-16 06:25:56",1617.0,2,nameless001
2247,16740361,"Suba S","2026-09-12 02:56:32",1617.0,2,jupiter79
2248,16756477,Ender,"2026-09-10 11:10:27",1616.7,2,eamonnkashyap
2249,16722378,waticson,"2026-09-10 14:10:56",1616.6,2,yutodennou
2250,16714365,meryol,"2026-09-18 00:28:34",1616.0,2,meryol
2251,16832866,bgaoi2,"2026-09-09 15:09:29",1615.8,2,bgaoi2
2252,16855492,"Matin Urdu","2026-09-10 19:57:23",1615.2,2,matinurdu
2253,16852910,omoch1,"2026-09-17 09:42:00",1614.6,2,agecom
2254,16709468,"Andrey Chankin","2026-09-17 23:06:08",1613.9,2,bluepill
2255,16759626,"Ghazaros Barseghyan","2026-09-18 10:58:18",1612.6,2,ghazarosbarseghyan91
2256,16658149,X,"2026-09-13 06:37:44",1612.2,2,lohithhb
2257,16866946,truxivan,"2026-09-10 13:46:58",1611.7,1,truxivan
2258,16654109,"Mohamed Amine Aichaoui","2026-09-09 23:50:05",1611.7,2,mohamedamineaichaoui
2259,16757123,"Sripad Modali","2026-09-16 14:48:11",1610.6,2,sripadmodali
2260,16866996,"Marina Afanas'eva","2026-09-10 14:36:18",1609.0,1,proamari
2261,16691451,Nakano,"2026-09-16 15:40:34",1608.8,2,spicatom0914
2262,16806006,2,"2026-09-16 09:59:01",1607.1,2,smallvv
2263,16712751,haruo_tensai,"2026-09-17 12:51:16",1606.7,2,haruotensai
2264,16670276,"Egor Trushin","2026-09-10 08:19:32",1606.2,2,egortrushin
2265,16749257,rsraki,"2026-09-18 01:31:44",1606.1,2,rsraki
2266,16658732,Olympus,"2026-09-12 11:44:20",1605.9,2,jiseungwoo
2267,16689488,"Ming Fong","2026-09-10 02:48:20",1605.7,2,evilpegasus
2268,16677423,songling,"2026-09-12 13:10:57",1605.6,2,"lvbingrong,oralia"
2269,16857939,"Le Duy Dong","2026-09-10 16:11:23",1604.9,1,lduynglduyng
2270,16840617,RyotaroAbe,"2026-09-10 14:03:06",1603.4,2,ryotaro45123
2271,16865693,Eda,"2026-09-10 09:12:31",1602.1,1,edagram
2272,16738822,shakedamo0w0,"2026-09-10 03:38:12",1601.6,2,shakedamo0w0
2273,16809445,takusemba,"2026-09-09 14:50:14",1601.1,2,takusembba
2274,16623309,zyvren,"2026-09-11 15:14:31",1600.8,2,"nusratahmmedmaisha,sharif485"
2275,16677596,Sere1n,"2026-09-11 15:08:02",1600.6,2,chacc0
2276,16712007,"Dipin Kothavoor","2026-09-14 13:54:52",1599.7,2,dipinkothavoor
2277,16779957,养了一群扫福瑞,"2026-09-09 12:13:36",1598.8,2,whq0q7
2278,16855868,PapaSoda,"2026-09-10 17:45:16",1597.7,2,papasoda
2279,16880437,doublek,"2026-09-16 14:20:16",1597.6,2,doublek
2280,16838312,macaron,"2026-09-09 16:09:18",1597.5,2,hayatotech
2281,16630833,"Savan Javia","2026-09-10 10:01:49",1597.3,2,savanjaviya
2282,16859585,momo,"2026-09-10 03:06:37",1596.6,2,fyenneyenn
2283,16870600,"Huayu Wen","2026-09-11 14:17:55",1596.6,2,huayuwen
2284,16659670,MeeMee,"2026-09-10 07:07:22",1596.4,2,yagi46
2285,16845112,"Robert Baburin","2026-09-17 18:23:12",1596.3,2,robertbaburin
2286,16730735,YUK,"2026-09-14 18:00:10",1596.2,2,yu0307
2287,16811247,"Luca Mussino","2026-09-10 20:53:58",1595.9,2,lucamussino
2288,16671596,Sibato,"2026-09-14 12:05:17",1595.3,2,sibato
2289,16661846,"Jeffrey Pike","2026-09-09 16:05:56",1595.1,2,jeffreypikeai
2290,16669441,"Chirag Desai","2026-09-12 04:07:31",1594.9,2,cid007
2291,16657671,CyberRacoon,"2026-09-15 10:38:45",1593.8,2,racoontw
2292,16685047,Yvonne.,"2026-09-12 08:17:01",1593.3,2,zdawer250
2293,16621500,"Reinforcement Larping","2026-09-10 12:02:23",1592.8,2,egortkachenko
2294,16857861,Satua,"2026-09-11 06:36:26",1592.1,2,satyasrinivasanandh
2295,16678061,"Sushanth Tiruvaipati","2026-09-10 06:11:22",1591.9,2,sushanthtiruvaipati
2296,16665233,"Akash Deep","2026-09-13 19:50:04",1591.9,2,akashdeepo
2297,16862155,"Kydyrbek Kozykorpesh","2026-09-09 17:34:41",1591.8,2,kozykappa
2298,16848217,"Yang Bai","2026-09-10 05:49:28",1591.7,2,jackelysia
2299,16782708,lcx666,"2026-09-10 12:33:05",1591.7,1,chengxinliang
2300,16670020,nanare,"2026-09-16 16:43:03",1591.2,2,nanaresudo
2301,16755654,oQo,"2026-09-18 10:57:50",1590.7,2,oqoxodk6
2302,16839821,"Stepan Pankratov","2026-09-09 14:47:50",1590.5,2,infam62
2303,16778334,"Onkar Belure","2026-09-09 16:22:19",1589.5,2,onkarbelure
2304,16631536,kglctf,"2026-09-17 03:25:42",1589.4,2,kglctf
2305,16690805,"Alejandro Ayestaran","2026-09-10 01:37:21",1588.7,2,alejandroayestaran
2306,16625798,grifth,"2026-09-09 08:20:58",1588.3,2,grifth
2307,16857977,namopanda,"2026-09-09 15:41:49",1588.2,2,namopanda
2308,16860160,"Kohei #2","2026-09-09 11:20:08",1587.0,1,confirm
2309,16672997,"Francesco Montone","2026-09-11 10:56:31",1586.0,2,francescomontone
2310,16854090,"Kaichi Morimoto","2026-09-09 11:22:01",1586.0,2,kaichimorimoto
2311,16861998,bobodict,"2026-09-09 17:26:50",1585.9,2,bobodict
2312,16806879,tetsuro731,"2026-09-09 11:46:20",1585.7,2,tetsuro731
2313,16773064,"Sonu Yadav","2026-09-16 20:48:50",1585.4,2,sonuyadav710
2314,16644818,chudddc,"2026-09-09 13:57:18",1585.0,1,chudddc
2315,16669686,"Mert Bayraktar","2026-09-12 18:44:44",1584.8,2,mertbayraktar
2316,16712796,"Kumar Saurabh","2026-09-17 08:13:59",1584.5,2,bakakaka
2317,16866567,Variiiiiii,"2026-09-11 10:09:24",1584.5,2,variiiiiii
2318,16633132,"Kaggledew Valley 🏆","2026-09-18 08:50:48",1584.1,2,yanzhou06
2319,16731836,"Theo Venturian","2026-09-11 18:03:45",1583.6,2,theodorraulventurian
2320,16784485,betterme,"2026-09-09 15:54:54",1583.5,2,betterme12345
2321,16632516,"Jiachen Li","2026-09-09 11:29:38",1582.9,2,llccqq624
2322,16854935,이순신,"2026-09-16 14:35:43",1582.1,2,tenkojun
2323,16698134,Hossein,"2026-09-11 02:29:53",1582.0,2,tomi85
2324,16849330,"Ian Wang","2026-09-16 17:45:54",1581.7,2,ianwang1204
2325,16660987,AdrianWang2003,"2026-09-09 09:32:53",1581.7,2,"adrianwang2003,benlou04"
2326,16682843,underline12311,"2026-09-09 13:17:13",1581.1,2,underline12311
2327,16789509,"Yang Wei Hao","2026-09-09 13:02:55",1580.7,2,aichangeworld
2328,16625219,MJVinay,"2026-09-12 15:54:42",1580.4,2,mallajayanthvinay
2329,16623608,"Dmitry Larko","2026-09-08 23:05:52",1580.4,2,dmitrylarko
2330,16731686,SaiKushal185,"2026-09-10 09:14:13",1580.3,2,saikushal185
2331,16814716,edder0798,"2026-09-12 07:57:25",1580.2,2,"edder0798,wangxi608"
2332,16732696,naniwazu,"2026-09-09 17:15:52",1579.9,2,naniwazu
2333,16870447,"louie lau","2026-09-11 08:22:30",1579.6,1,louielau
2334,16644702,cracker_1_war,"2026-09-10 07:18:48",1579.5,2,cracker1war
2335,16861903,iwa,"2026-09-13 05:12:38",1578.8,2,ichiko
2336,16881694,Novardion,"2026-09-13 11:28:43",1578.7,2,novardion
2337,16758893,"Sercan Yeşilöz","2026-09-09 12:34:34",1578.7,2,sercanyesiloz
2338,16640264,DhanaLakshmiMalla,"2026-09-09 15:01:45",1578.7,2,dhanalakshmimalla
2339,16764386,Troy_xx,"2026-09-09 09:11:26",1577.3,2,troyxx
2340,16859409,wia'ma,"2026-09-09 09:08:21",1577.2,1,wangyiqicy
2341,16732409,kawhi0.0,"2026-09-10 03:44:50",1576.9,2,kawhi00
2342,16750843,jammings,"2026-09-09 13:11:04",1576.7,2,jammings
2343,16640991,sometimeafter,"2026-09-09 17:35:05",1575.9,2,xinyeee
2344,16810499,佐藤滉太,"2026-09-09 16:00:43",1575.8,2,s1300200
2345,16661701,premjampuram,"2026-09-09 11:13:52",1575.7,2,"aasthasinha9,anji2705,premjampuram,sheetallodhi"
2346,16743648,Hei_shao,"2026-09-12 18:48:52",1575.2,2,heishao
2347,16861083,Shoto,"2026-09-09 15:14:42",1574.7,1,bloodymonday
2348,16855111,PixelPuff,"2026-09-11 18:38:03",1574.7,2,krishpatel290895
2349,16841960,WessonZ,"2026-09-10 02:11:20",1574.0,2,wessonz
2350,16766796,panda__MB__maximus,"2026-09-09 09:32:32",1573.9,2,tanishmohokar09
2351,16633793,adakoda,"2026-09-09 11:55:49",1573.6,2,adakoda
2352,16811496,Marie,"2026-09-17 07:10:26",1573.5,2,mariashatrova
2353,16669843,"hikaru kitagawa","2026-09-17 15:32:14",1573.0,2,hikarukitagawa
2354,16634082,"Mikey Marszewski","2026-09-11 02:26:39",1573.0,2,mikeymarszewski
2355,16786092,Shiru2,"2026-09-09 19:34:32",1572.4,2,shiru2
2356,16844456,Touk00,"2026-09-13 04:20:04",1571.7,2,touk00
2357,16862056,konchu2,"2026-09-10 11:32:13",1571.6,2,konchu2
2358,16775474,ERS,"2026-09-10 05:09:16",1571.3,2,shingo257
2359,16798602,uns.t,"2026-09-17 18:03:41",1570.1,2,franksunp
2360,16625214,Malla,"2026-09-09 15:00:57",1569.5,2,mallaphalguni
2361,16810308,Congy,"2026-09-10 05:36:35",1568.4,2,congyingma
2362,16860164,Ry_Sa,"2026-09-09 11:29:06",1568.1,2,ryqsaq
2363,16771337,titako0000,"2026-09-10 09:00:19",1567.9,2,titako0000
2364,16741516,"Anh Tu","2026-09-16 14:00:13",1567.9,2,natcs98
2365,16768047,アメリカ農業研究会,"2026-09-17 13:24:54",1567.7,2,flnkhome
2366,16734914,bharat,"2026-09-16 22:24:49",1566.7,2,bharatmohan
2367,16784691,"Here i come","2026-09-16 10:29:57",1565.6,2,emrekuruba
2368,16623298,Mikhail_Komkin,"2026-09-09 21:21:30",1564.4,2,mikhailkomkin
2369,16710546,"Russlan Ramdowar","2026-09-09 05:03:58",1564.2,2,russlan
2370,16899240,"Abel Mendez","2026-09-17 02:25:28",1564.0,2,abelmendez
2371,16674367,"zongze Yan","2026-09-14 11:54:16",1563.5,2,aaayan
2372,16758629,karinkaito,"2026-09-16 01:08:30",1562.9,2,karinkaito
2373,16842194,threnox,"2026-09-17 03:07:48",1561.7,2,threnox
2374,16853498,MaksKhan,"2026-09-08 15:32:14",1561.6,2,makskhan
2375,16645203,easonyanyan,"2026-09-18 04:58:01",1561.5,2,easonyanyan
2376,16624303,seven,"2026-09-09 09:18:12",1561.3,2,morikawatakeshi
2377,16634104,FarmGoose,"2026-09-10 09:10:47",1561.2,2,yizhanglou
2378,16709501,Galaxantic,"2026-09-09 06:02:29",1561.0,2,neel21yt
2379,16623399,Kendamarron,"2026-09-13 16:11:54",1560.8,2,kazuhirokuriyama
2380,16734667,sadanamaru,"2026-09-10 12:22:11",1560.1,2,sadanamaru
2381,16860118,Hironobukawaguchi,"2026-09-09 11:53:30",1559.8,2,hironobukawaguchi
2382,16664132,kojingbo,"2026-09-12 15:49:01",1559.8,2,kojingbo
2383,16731630,SatoshiN04,"2026-09-18 05:28:51",1559.6,2,satoshinakamura04
2384,16677217,Panos,"2026-09-15 12:44:36",1558.9,2,panosc
2385,16843047,liyuting,"2026-09-10 07:27:21",1558.7,2,lytqwq
2386,16724755,K.nosaka,"2026-09-10 12:07:13",1558.7,2,kenseinosaka
2387,16756972,"Đức Hải Hà","2026-09-18 04:10:18",1558.5,2,tankinguyen
2388,16632612,Farmville,"2026-09-09 16:13:55",1557.9,2,rafaelfigueiredo13
2389,16858828,BlueSky_sora,"2026-09-16 05:31:22",1557.7,2,blueskysora
2390,16863538,e-toppo,"2026-09-10 01:15:27",1557.7,1,masatomatsui
2391,16761173,"Shinzo Takayama","2026-09-11 19:55:50",1556.6,2,shinzotakayama
2392,16859804,seele,"2026-09-09 10:20:41",1555.9,1,seele1917
2393,16674174,"Ramesh Arvind","2026-09-18 09:03:35",1555.4,2,rameshln
2394,16862298,"Varadaraj Borkar","2026-09-13 13:12:11",1554.0,2,varadarajborkar
2395,16779171,Xunden,"2026-09-09 13:35:24",1553.3,2,xunden
2396,16655474,Focus,"2026-09-09 12:04:51",1552.4,2,overvalueawareness
2397,16736838,アナコンダ,"2026-09-09 13:48:32",1552.4,2,"ei1333,unosss"
2398,16661648,"Vân Nguyễn","2026-09-15 14:45:09",1551.6,2,vunnguyen
2399,16790585,wzyxp_123,"2026-09-17 18:26:32",1550.8,2,cloudssdut
2400,16757253,ZEE,"2026-09-16 18:25:15",1550.5,2,randyzhang666
2401,16898290,"Ryan Jonathan Valencia","2026-09-17 17:33:18",1550.2,2,ryanjonathanvalencia
2402,16769277,卡心农场,"2026-09-16 14:24:10",1550.2,2,"hkd2333,hsiaosuan"
2403,16860708,"Nav N","2026-09-10 07:47:42",1550.2,2,navidata
2404,16623708,"Chekhlov Dmitrii","2026-09-09 08:48:18",1549.7,2,zoli800
2405,16870461,Fumi,"2026-09-17 09:03:21",1549.7,2,cheersbeer
2406,16763418,overwhelmer,"2026-09-16 17:39:13",1548.5,2,overwhelmer
2407,16858113,wli889661,"2026-09-09 13:38:01",1548.1,2,wli889661
2408,16656312,"retiring to farm","2026-09-10 15:50:14",1547.0,2,"avnermlim,belati,hilariusjeremy,matthewpramana,nicholasarditirta"
2409,16840536,"Philip Snyder","2026-09-08 05:18:07",1546.8,2,darkhorsecodes
2410,16719123,"Thomas Tschinkel","2026-09-18 08:19:50",1546.2,2,thomastschinkel
2411,16779388,"Mohammad Alnajdawi","2026-09-09 11:27:03",1545.8,2,mohammadalnajdawi
2412,16659843,"Amer Alkhalili","2026-09-14 14:16:24",1545.8,2,ameralkhalili
2413,16752082,"Tian hao Qing Nano7ko","2026-09-09 05:51:47",1545.2,2,tianhaoqingnano7ko
2414,16860251,"Fabian Henning","2026-09-09 11:37:30",1544.8,1,crustacean
2415,16721382,"Milan Leonard","2026-09-12 07:20:12",1543.9,2,milanleonard
2416,16671504,Agentmaster,"2026-09-16 15:21:27",1543.3,2,"kinjaza,shawnno"
2417,16786496,"Lê Quang Cảnh","2026-09-12 05:44:25",1542.7,2,zhincez
2418,16842242,"Scott Kirila","2026-09-08 09:09:58",1542.3,2,scottkirila
2419,16679004,"Kevin Zhao","2026-09-18 09:06:33",1541.3,2,kevinzhao666
2420,16810813,Scorn100,"2026-09-09 17:11:13",1540.7,2,scorn100
2421,16854815,marching_zzz,"2026-09-18 10:21:47",1540.6,2,marchingzzz
2422,16738759,YJR,"2026-09-09 07:24:30",1540.3,2,misakamikoto66
2423,16843203,"Liyi xin jie","2026-09-08 08:39:56",1539.2,2,liyixinjie
2424,16756153,"🪏Harvest Moon","2026-09-18 00:52:13",1538.2,2,"bbrage,bobmyersthesecond,wguesdon,yutomuroshima"
2425,16644578,"Team Name","2026-09-09 03:57:14",1537.1,2,baytree1238
2426,16785321,HaoChi,"2026-09-08 23:38:40",1536.7,2,"lishi321,moxi21"
2427,16766171,Jonaid,"2026-09-10 22:22:27",1536.6,2,jonaidshianifar
2428,16801797,Tv,"2026-09-13 03:11:19",1536.3,2,linyeah
2429,16827290,"Dhruvik Chauhan","2026-09-08 17:25:24",1535.8,2,dangptdawg
2430,16774884,assssstnuar,"2026-09-16 16:08:18",1535.7,2,assssstnuar
2431,16795704,haodada001,"2026-09-10 01:49:03",1534.9,2,haodada001
2432,16669256,Shivam_2212,"2026-09-11 00:46:20",1534.6,2,shivam2212
2433,16690019,Around30,"2026-09-15 14:02:49",1533.8,2,"cyanspring,masahiromatsuda,sutesute000012"
2434,16854616,"Dd National","2026-09-12 13:29:04",1533.8,2,ddnational
2435,16734803,guoziyi123456,"2026-09-09 09:31:56",1533.7,2,"ax1lec,guoziyi123456,linhexlu,xuanzhechen"
2436,16851664,koucha,"2026-09-10 10:18:30",1532.9,2,momotakaaoki
2437,16915014,Boey,"2026-09-18 05:41:21",1532.7,2,boeychenjun
2438,16860559,"Sara Lark","2026-09-12 13:36:51",1532.4,2,saralark
2439,16640701,momoon,"2026-09-15 04:05:16",1532.3,2,nomuraryota
2440,16715729,Ajay_Rao_43,"2026-09-09 05:25:11",1531.2,2,ajayrao43
2441,16854541,yangyiqing6,"2026-09-15 06:14:21",1530.5,2,yangyiqing6
2442,16716867,"Kevin Gemilang","2026-09-17 07:00:19",1530.3,2,kevingemilang
2443,16688130,"Lujia Liang","2026-09-16 21:00:32",1529.5,2,lujialiang123
2444,16838766,"Justin Gao","2026-09-08 08:27:29",1529.2,2,justingao
2445,16840564,starlovelmj,"2026-09-09 02:16:02",1529.2,2,starlovelmj
2446,16679810,"Patrick Joël MAIRLOT-MBEZELE","2026-09-10 17:54:50",1529.0,2,pigenesis75
2447,16767052,KaitoKusumoto,"2026-09-10 12:30:18",1528.5,2,kaitokusumoto
2448,16654403,"Skibidi Six Seven","2026-09-08 14:20:24",1527.8,2,iam4722202468
2449,16793427,wuwuwu,"2026-09-08 00:12:46",1527.7,2,wu1570
2450,16754882,vvs,"2026-09-10 14:35:58",1526.0,2,marvelworld
2451,16794730,Fanch,"2026-09-08 08:29:22",1524.2,2,fanch123
2452,16677847,ShiviWhivi,"2026-09-08 21:01:40",1523.2,2,blackpearls1
2453,16840862,HaoKwok,"2026-09-09 03:50:41",1523.0,2,haokwok2002
2454,16623580,matsu997,"2026-09-09 17:35:42",1522.9,2,mastu997
2455,16679694,"Yaro Perventsev","2026-09-16 19:27:28",1522.7,2,yaroslavperventsev
2456,16635747,"Jeki Wan Taufik","2026-09-08 15:14:33",1522.5,2,jek1wantaufik
2457,16841565,"dar Zaa","2026-09-08 18:04:18",1522.2,2,darzaa
2458,16699246,"Labh Khatke","2026-09-11 15:53:22",1520.5,2,labhkhatke
2459,16756698,savoelh,"2026-09-07 19:39:38",1520.4,2,savoelh
2460,16880953,IAMNAMNAM,"2026-09-16 18:14:09",1520.2,2,iamnamnam
2461,16758709,dk07dk,"2026-09-12 07:13:48",1519.4,2,dk07dk
2462,16808840,Devansh3007,"2026-09-10 05:02:13",1519.4,2,devansh3007
2463,16724806,rin2401,"2026-09-18 07:24:54",1518.9,2,rin2401
2464,16743392,tellurium_rrr,"2026-09-18 03:13:21",1518.2,2,telluriumrrr
2465,16668998,WarRusher,"2026-09-15 18:27:32",1517.6,2,warrusher
2466,16774941,Samvrcai,"2026-09-16 22:56:19",1516.9,2,samvrcai
2467,16754567,"Ashraf 1232","2026-09-17 12:31:12",1516.8,2,ashraf1232
2468,16843635,"Просто Человек","2026-09-08 18:03:16",1516.7,2,gomunkul
2469,16764605,"Bandito Gangesterito","2026-09-08 17:51:50",1516.7,2,"mrtrueteller,restovrator"
2470,16857973,guochangZhang,"2026-09-09 04:24:41",1516.5,1,guochangzhang
2471,16656776,ShaoCharles,"2026-09-09 14:16:17",1515.6,2,shaocharles
2472,16801457,"Anthropic Banned My Account","2026-09-09 08:59:24",1515.6,2,subaru486
2473,16856437,"Roshan S. Chauhan","2026-09-14 09:33:55",1515.1,2,vrosenta
2474,16676278,"Om Sangwan","2026-09-15 02:58:53",1515.0,2,omsangwan
2475,16663851,"Harshith revuru","2026-09-13 00:08:12",1514.8,2,harshithrevuru
2476,16672241,dupakdungking,"2026-09-15 13:32:04",1512.8,2,primarizki
2477,16855268,"Jiayi Du","2026-09-08 16:10:56",1512.4,2,jahyee
2478,16823467,"Riki Uchida","2026-09-08 13:04:02",1512.2,2,rikiuchida
2479,16656806,"Arshad Shemil k","2026-09-09 08:33:09",1511.9,2,arshadshemilk
2480,16841313,"Daniel Harkin","2026-09-09 18:24:13",1511.9,2,danielharkin
2481,16633445,Wal8800,"2026-09-10 06:30:12",1511.9,2,wal8800
2482,16773964,trung,"2026-09-18 06:48:15",1511.2,2,trung2006
2483,16621687,ropeadope,"2026-09-08 10:44:47",1511.2,2,silkross
2484,16669269,"yash bhaskar","2026-09-10 15:11:51",1511.0,2,yash9439
2485,16763897,BackFiring,"2026-09-13 09:41:16",1510.7,2,backfiring
2486,16811571,"Daniel Guo","2026-09-08 07:16:12",1510.7,2,denialguo
2487,16719090,CHSTO,"2026-09-12 21:35:49",1510.6,2,haotianqi
2488,16796901,hanhan761,"2026-09-10 05:31:28",1510.6,2,"hanhan761,kiivii,noice12138,xiaobai0417"
2489,16852605,VTH,"2026-09-08 06:35:01",1509.9,2,storm2501
2490,16791712,"xiang W","2026-09-08 14:24:56",1509.6,2,"dekonsu,xiangwaaaaa"
2491,16717901,"Ahmed Hazem Abdeltawab","2026-09-11 12:10:58",1509.4,2,ahmedhazem23
2492,16779254,MaxZhuCHN,"2026-09-15 03:39:04",1509.4,2,maxzhuchn
2493,16688450,SpiralTip,"2026-09-14 04:11:41",1509.0,2,spiraltip
2494,16700846,"Vaibhav Patel","2026-09-16 08:09:33",1508.8,2,vaibhavpatel
2495,16753710,tax_free,"2026-09-10 17:08:47",1508.6,2,taxfreepython
2496,16641713,"ronsen sun","2026-09-11 08:01:06",1507.7,2,ronsensun
2497,16844672,"sleeping king","2026-09-09 02:11:59",1507.7,2,sleepingking
2498,16700211,miya,"2026-09-18 10:03:32",1507.3,2,miyamuratakeki
2499,16706265,questiondlmarks,"2026-09-10 06:09:35",1506.8,2,questiondlmarks
2500,16786139,Trezerg,"2026-09-09 03:22:46",1506.6,2,progtrollwarrior16
2501,16835851,ruizhichen,"2026-09-17 11:21:28",1506.3,2,ruizhichen
2502,16844344,Hyt9797,"2026-09-09 08:19:53",1506.1,2,hyt9797
2503,16811072,Rafael,"2026-09-08 12:43:08",1503.5,2,rafaeldsjhkas
2504,16829834,Luxuer,"2026-09-09 08:54:11",1502.5,1,luxuer
2505,16634156,"Hiroyasu Okuno","2026-09-13 07:32:33",1502.0,2,hiroyasuokuno
2506,16846958,"Constantin Craciun","2026-09-18 09:35:18",1501.6,2,constantincraciun
2507,16771010,42X,"2026-09-09 13:43:36",1501.0,2,infcyx
2508,16659465,AravindLochan,"2026-09-08 10:00:39",1499.7,2,aravindlochan
2509,16844132,Tamasaki217,"2026-09-07 14:15:02",1499.2,2,tamadesu217
2510,16815985,leemc95,"2026-09-08 21:31:33",1499.2,2,leemc95
2511,16774823,fan2goa1,"2026-09-09 07:23:33",1499.1,2,zfun0926
2512,16670879,"old macdonald","2026-09-07 16:11:15",1498.0,2,djschmit
2513,16673328,"Preetham Prasanna","2026-09-13 10:13:18",1497.8,2,preethamprasanna
2514,16763001,Eb3lss,"2026-09-09 11:08:19",1497.4,2,eb3lss
2515,16846391,"here we go","2026-09-09 05:28:41",1496.9,2,j1aliangx
2516,16733111,qihuaz,"2026-09-13 06:35:14",1496.4,2,qihuaz
2517,16765484,smsxgz,"2026-09-08 19:09:03",1496.3,2,smsxgz
2518,16726559,william,"2026-09-05 02:03:48",1496.2,2,hiricodev
2519,16702674,"Varun S G","2026-09-18 05:49:16",1496.2,2,warun7
2520,16707084,"3G 🐮🍺","2026-09-18 02:34:25",1496.1,2,dfgtde
2521,16658474,huyimin517517,"2026-09-18 05:03:38",1496.0,2,"huyimin517517,touyouzhaji,wumingshi2006,zxinzzzz"
2522,16658300,"Thành Toàn Vương","2026-09-08 14:14:22",1495.7,2,thnhtonvng
2523,16832971,"Scott Willis","2026-09-07 17:02:44",1494.4,2,scottgwillis
2524,16656382,Aevion-Labs,"2026-09-09 03:03:51",1494.1,2,aevionlabs
2525,16854416,"Artemiy Shirokov","2026-09-08 12:53:33",1493.3,1,tema7707
2526,16658665,ChandramouliNagasundaram,"2026-09-17 12:11:49",1492.9,2,"enginegeneral,mouliindian"
2527,16664619,"Trupen Patel","2026-09-08 15:52:17",1492.9,2,trupenpatel
2528,16706410,lixiaoxin25,"2026-09-17 12:26:37",1492.6,2,lixiaoxin25
2529,16808631,ALkkGame,"2026-09-14 15:16:47",1492.6,2,alkkgame
2530,16663999,"Colton Martin","2026-09-14 15:46:31",1492.3,2,coltonmartinnn
2531,16909962,"Peter Shu","2026-09-17 02:29:52",1492.2,2,petershuikun
2532,16840550,henriquejsza,"2026-09-10 13:50:41",1491.8,2,henriquejsza
2533,16855035,"rock paper scissors","2026-09-08 15:03:00",1490.9,1,downbythesallygarden
2534,16848095,"Risha Apps","2026-09-08 15:41:31",1490.5,2,rishaapps
2535,16794758,wppepi,"2026-09-09 03:06:09",1490.3,2,"foxsuzuran,malossov,wppepi"
2536,16849883,"Rifa Tamanna","2026-09-07 22:07:04",1490.3,2,rifatamanna1109
2537,16842482,Wodo888,"2026-09-15 14:04:44",1489.6,2,wodo888
2538,16671012,"Sean Zhang","2026-09-16 01:44:36",1489.2,2,seanzhang2445
2539,16639570,"Vishesh Banna","2026-09-08 13:07:51",1489.0,2,visheshbanna
2540,16842645,zard599,"2026-09-08 16:17:52",1487.8,2,zard599
2541,16841077,melowdramtic,"2026-09-10 02:31:53",1487.8,2,melowdramtic
2542,16661325,"Max Fofanov","2026-09-16 14:48:43",1487.3,2,maxfofanov
2543,16810104,HemanthRaju311,"2026-09-09 13:07:35",1486.9,2,hemanthraju311
2544,16870780,"John Gates","2026-09-16 05:43:38",1486.8,1,johngates
2545,16650824,Orsted_hitogmi,"2026-09-16 07:59:15",1486.2,2,orstedhitogmi
2546,16657341,raccoonForest,"2026-09-08 06:45:18",1485.4,2,gkanamoto
2547,16732352,ORiginators,"2026-09-09 10:47:23",1485.1,2,"sachinpandey721,sunritpal"
2548,16663759,🔥🦫📿🗽,"2026-09-07 19:59:55",1485.1,2,datafad
2549,16759699,"Mason Cao","2026-09-09 06:09:46",1485.1,2,mzcao7
2550,16847189,lonelygolem,"2026-09-09 21:03:51",1485.1,2,rocinantt
2551,16809097,volumatic,"2026-09-10 11:00:51",1484.9,2,"kkeevviinn666,volumatic"
2552,16730473,Kyohei,"2026-09-08 00:42:18",1484.7,2,kyohei3
2553,16679098,"KIRTAN RUPESHBHAI BHOJANI","2026-09-17 16:36:24",1484.6,2,kitran17
2554,16696231,"Oleg Smirnov","2026-09-08 07:17:12",1484.3,2,smirnolegov
2555,16632377,"Legend Brothers","2026-09-07 18:16:02",1484.1,2,"holeguma,shunhirota"
2556,16706576,王一凡,"2026-09-11 07:28:35",1484.1,2,"liuziyang1016,mikakohinata68"
2557,16880278,jiayi2627,"2026-09-17 15:53:33",1484.0,2,jiayi2627
2558,16664760,SN,"2026-09-16 06:11:22",1481.9,2,spirosnianiaras
2559,16842066,Atomo333,"2026-09-08 10:35:55",1480.3,2,atomo333
2560,16773448,"Qamar usman","2026-09-18 08:04:25",1480.1,2,qamarmath
2561,16843221,refine123,"2026-09-08 08:06:29",1479.6,2,refine123
2562,16669826,Jesse,"2026-09-12 07:51:27",1479.0,2,jesneuman
2563,16730719,Xiaowenhao404,"2026-09-18 08:16:47",1478.8,2,xiaowenhao404
2564,16765834,Oakzen,"2026-09-15 04:51:50",1478.8,2,gyx517120273
2565,16838560,Aphrodite,"2026-09-08 03:03:11",1478.4,2,aphrodite874
2566,16842967,yoshiki116,"2026-09-11 05:05:19",1477.8,2,yoshiki116
2567,16695242,"Utkarsh Prakash Srivastava","2026-09-08 15:55:37",1477.6,2,utkarshps
2568,16700501,Konno,"2026-09-08 02:40:46",1477.6,2,nearfield1234
2569,16741997,hikarinosenshi,"2026-09-08 00:50:58",1476.4,2,hikarinosensh1
2570,16672549,"ReinFARMent Learning?","2026-09-11 03:38:53",1476.1,2,arksey
2571,16777406,"Toheeb Ogunade","2026-09-08 22:46:05",1475.5,2,toheebogunade
2572,16724366,"YASH JAIN","2026-09-18 01:17:11",1475.4,2,yashjain911
2573,16849295,"Israa Saede","2026-09-07 17:30:03",1474.4,1,esraaalsaeede
2574,16653805,mohsen2050,"2026-09-14 18:25:43",1474.3,2,mohsen2050
2575,16656810,IskanderAkhmetov,"2026-09-13 18:28:30",1473.9,2,iskander2017
2576,16734979,NiuLAI,"2026-09-09 01:19:57",1473.4,2,"chunsingyu,chunyinhui,jaminmei"
2577,16852377,"Zhong Lyu","2026-09-08 05:20:05",1472.5,2,zhonglyu
2578,16652631,"Panagiotis Anagnostou","2026-09-11 10:00:25",1472.0,2,panosanag
2579,16728959,"no pain no gain","2026-09-11 09:19:44",1471.9,2,ilyayurov2000
2580,16671454,Shadow,"2026-09-17 07:37:02",1471.8,2,uziahmd
2581,16664359,"Apil Khadka","2026-09-18 10:50:19",1471.7,2,apilkhadka
2582,16696997,coolin666,"2026-09-09 00:39:53",1471.6,2,coolin666
2583,16713457,"Poor farmer","2026-09-08 08:45:03",1471.4,2,trnhip
2584,16655109,"Tia He","2026-09-10 00:54:40",1471.4,2,altheahe
2585,16725851,hetspookjee,"2026-09-07 21:54:39",1470.1,2,hetspookjee
2586,16749576,heralces,"2026-09-10 20:20:39",1469.9,2,heralces
2587,16668647,"THIRUPATHI KANNAN K","2026-09-07 14:59:51",1469.2,2,thirupathikannank
2588,16759913,"Peter Cnudde","2026-09-07 20:08:25",1468.6,2,petercnudde
2589,16796014,keith70,"2026-09-08 07:18:36",1468.5,2,keith70
2590,16822395,"Vladimir Galatenko","2026-09-18 04:21:18",1468.4,2,vladimirgalatenko
2591,16771080,"Ricky Shao","2026-09-07 17:16:14",1468.0,2,rickyshao
2592,16884028,"Jayden Y","2026-09-18 04:12:11",1466.9,2,jy0810
2593,16717253,Sybery_AI,"2026-09-13 19:51:41",1466.8,2,syberyai
2594,16777107,Pipiripipap,"2026-09-09 10:03:38",1466.2,2,yohalf
2595,16671425,"Gajenddra Raj","2026-09-11 01:18:29",1466.1,2,gajenddra
2596,16623466,len8487,"2026-09-08 04:47:16",1465.3,2,len8487
2597,16841113,Andy,"2026-09-07 01:22:11",1464.8,2,andrewmedran0
2598,16663748,Calmracer,"2026-09-08 16:17:56",1464.7,2,ethanhall123
2599,16680524,Nealdarkdarkdark,"2026-09-08 04:36:02",1464.6,2,wklyb1
2600,16876071,NITISH5236GOEL,"2026-09-18 10:14:21",1464.5,2,nitish5236goel
2601,16621165,"xisheng feng","2026-09-16 14:27:15",1463.9,2,xishengfeng
2602,16663498,"Braxton Dyer","2026-09-17 17:43:53",1463.2,2,braxtondyer
2603,16898040,王ruizhe,"2026-09-18 00:02:06",1462.7,2,ruizhe28
2604,16916142,aryandongare27,"2026-09-18 10:34:00",1462.6,2,aryandongare27
2605,16727350,"T Hansda","2026-09-08 09:22:20",1461.6,2,hansda
2606,16763200,"Alexander Nord","2026-09-07 18:04:42",1461.2,2,"alexandernord123,pizza987"
2607,16728109,"Sidharth Hulyalkar","2026-09-11 06:16:26",1461.1,2,sidharthhulyalkar21
2608,16723967,dk2lone,"2026-09-07 20:04:25",1461.0,2,dk2lone
2609,16743846,"Hemanth Raja Guttikonda","2026-09-11 09:41:59",1460.8,2,"hemanthrajg,poojithakatta18"
2610,16850198,"Daiki Yasui","2026-09-09 17:54:55",1460.6,1,daikiyasui
2611,16623378,"nvidia fan","2026-09-17 06:46:19",1460.5,2,outwrest
2612,16718823,"Rafael Molina Castaño","2026-09-12 20:45:02",1460.3,2,rafaelmolinacastano
2613,16731776,ASH,"2026-09-08 06:37:07",1460.2,2,pentannnn
2614,16735252,LagrangianLocomotive,"2026-09-11 04:51:51",1459.4,2,lagrangianlocomotive
2615,16672858,Lyesterday,"2026-09-07 10:14:39",1459.0,2,ilyas93
2616,16663175,Anaconda,"2026-09-09 02:32:50",1458.3,2,anaconda
2617,16730375,Floth,"2026-09-07 15:14:58",1457.9,2,suwat513
2618,16842044,StackOverflowed512,"2026-09-07 17:53:32",1457.6,2,stackoverflowed512
2619,16659328,"Muhammed Ashiq Abdul Khader","2026-09-08 05:54:02",1457.4,2,ashiqabdulkhader
2620,16688587,yamashu,"2026-09-18 10:29:18",1455.8,2,yamashuuu
2621,16726431,Manav,"2026-09-07 14:42:18",1455.7,2,manavsangwan
2622,16799362,"James Weatherhead","2026-09-06 21:45:45",1453.1,2,jamesweatherhead
2623,16622567,"Georgy Mamarin","2026-09-17 03:53:39",1451.8,2,georgymamarin
2624,16790472,"Manurupan M","2026-09-17 15:07:46",1451.2,2,manurupanm
2625,16848686,"xiang156 xu","2026-09-08 03:23:16",1451.2,2,xiang156xu
2626,16736542,YuRuiZe,"2026-09-06 10:16:45",1450.9,2,ruoyuruize
2627,16695664,Bantam,"2026-09-18 05:59:58",1450.4,2,bantam
2628,16693272,ush,"2026-09-10 07:22:13",1450.3,2,kusuha
2629,16736120,"Ricky #2","2026-09-08 02:47:36",1450.1,2,rickyds97
2630,16813899,blueshine,"2026-09-18 10:36:06",1449.4,2,minagawateru
2631,16741563,"Paul Pawletta","2026-09-15 09:16:16",1448.4,2,paulpawletta
2632,16845193,Kaan111,"2026-09-17 15:37:21",1447.2,2,kaan111
2633,16768043,"Cropy and Paste","2026-09-13 17:56:08",1445.9,2,tfriedel
2634,16631400,JZ,"2026-09-17 11:57:03",1445.8,2,zhoujiachen
2635,16660020,"Gaddam Shiva Teja","2026-09-14 23:48:42",1445.6,2,shivateja005
2636,16847096,Jackylw,"2026-09-16 05:52:41",1445.3,2,jackylw
2637,16645596,Kosakunin,"2026-09-07 15:14:03",1444.1,2,yugoawawa
2638,16845280,"Samuel Watson","2026-09-11 07:06:59",1443.5,2,scwatson
2639,16687716,"Joshua Fernando","2026-09-16 12:51:45",1443.3,2,joshuafernandoj
2640,16838807,"tony boakye","2026-09-08 11:41:30",1443.3,2,tonyboakye
2641,16723955,chunsuri,"2026-09-17 07:16:26",1442.8,2,chunsuri
2642,16841097,"Arsonist Duck","2026-09-17 20:21:55",1442.5,2,herbertthebird
2643,16744342,"glupez ","2026-09-13 19:15:15",1442.3,2,glupez
2644,16638994,wpl,"2026-09-06 19:44:50",1441.9,2,peilwang
2645,16644480,"Umut Keltek","2026-09-07 20:47:32",1441.4,2,umutkeltek
2646,16671607,"Chanhyuk Han","2026-09-10 06:13:12",1440.1,2,chanhyukhan
2647,16851712,VelloNChiru,"2026-09-17 13:47:43",1439.1,2,janelawrence
2648,16823782,yuyutech(Genuine),"2026-09-08 04:32:19",1439.0,2,yuyutechgenuine
2649,16797036,tksfjn,"2026-09-12 04:06:53",1438.7,2,tks3210
2650,16671088,jasonstillchasin,"2026-09-18 00:17:56",1438.5,2,jasonstillchasin
2651,16675897,"KANG ZHIPENG","2026-09-16 01:26:34",1438.4,2,kangzhipeng
2652,16686424,"Thần Thoại","2026-09-08 16:58:05",1438.3,2,thanthoai
2653,16749520,"Andrey Tikhomirov","2026-09-04 16:24:32",1438.2,2,andreytikhomirov
2654,16738298,tomo0608,"2026-09-06 10:46:22",1438.0,2,tomo0608
2655,16681007,AkiraOnojp,"2026-09-08 18:48:33",1437.4,2,akiraonojp
2656,16870585,ba,"2026-09-11 08:25:46",1436.1,2,yusukebaba
2657,16740464,"Jorrawar Grewal","2026-09-08 00:43:17",1435.9,2,jorrawargrewal
2658,16684250,"Alexander Sokolov","2026-09-06 12:33:49",1435.8,2,cheeec0
2659,16845083,"Restu Anggoro Kasih","2026-09-07 12:44:58",1435.6,1,restuanggorokasih
2660,16622898,"sbol ball","2026-09-09 22:13:42",1435.5,2,"linearbasis,maksimkostritsya"
2661,16754974,BurntPotato,"2026-09-09 00:06:54",1435.3,2,burntpotato
2662,16641099,sieru-copan,"2026-09-05 16:17:32",1434.6,2,sierucopan
2663,16832231,lst1923,"2026-09-11 16:06:58",1434.0,2,lst1923
2664,16848220,ggmljs,"2026-09-10 05:10:42",1434.0,2,ggmljs
2665,16623877,Chikuwabu,"2026-09-08 14:36:45",1433.9,2,prgckwb
2666,16749061,"Wang H2O","2026-09-16 16:07:22",1433.7,2,wangh2o
2667,16847289,"Hengxiang Yu","2026-09-09 13:29:09",1432.8,2,hengxiangyu
2668,16797251,"Nguyễn Mạnh Niên","2026-09-06 11:29:31",1432.7,2,jacobrichard312
2669,16669666,RhoenSprudel,"2026-09-11 19:08:43",1432.4,2,rhoensprudel
2670,16666393,saikyo,"2026-09-07 02:04:55",1431.8,2,kyosaikyo
2671,16777961,qiwaki,"2026-09-07 15:23:00",1430.8,2,resonayu
2672,16759849,kkanayj,"2026-09-17 10:33:52",1430.6,2,kkanayj
2673,16704613,alexbstl,"2026-09-14 01:43:31",1429.8,2,alexbstl
2674,16805940,Foxure,"2026-09-12 01:51:33",1429.4,2,foxure
2675,16664969,subsubsubagent,"2026-09-08 14:01:20",1429.2,2,"estrellasss,kingsley31,smithshine,wuliaoluis"
2676,16791999,"Dashi Tsybikzhapov","2026-09-10 09:40:51",1428.9,2,dashitsybikzhapov
2677,16764342,malone001,"2026-09-11 08:18:49",1428.3,2,malone001
2678,16765151,htnhtn,"2026-09-17 09:14:22",1427.5,2,htnhtn
2679,16658248,Aaweg,"2026-09-17 10:43:21",1427.0,2,aawegbhaladhare
2680,16686444,"Syakirin Pahimi","2026-09-06 16:21:15",1426.8,2,syakirinpahimi
2681,16700510,"Shadow Recon","2026-09-18 09:49:04",1426.7,2,gaurav065
2682,16747408,すずき,"2026-09-11 04:23:39",1426.3,2,shumpeace
2683,16688281,"Luke Stafford","2026-09-15 20:07:13",1426.3,2,luketstafford
2684,16845510,bugkeeper,"2026-09-08 06:24:57",1425.5,2,bugkeeper
2685,16663681,Kometa,"2026-09-07 13:46:54",1424.3,2,petarknezevic1
2686,16707562,Snipine,"2026-09-08 01:17:09",1424.1,2,boluosnow
2687,16730247,DOM-VASCONCELOS,"2026-09-13 10:03:51",1423.1,2,domcreator
2688,16857923,Haruki.O,"2026-09-12 08:23:32",1422.3,2,ho0707
2689,16893007,thegoatman7,"2026-09-18 04:04:52",1421.6,2,thegoatman7
2690,16680290,prospers,"2026-09-08 05:37:42",1421.5,2,prospers
2691,16808905,"Yusaku Muroya","2026-09-07 10:35:52",1421.4,2,ymuroya47
2692,16728229,twomoon,"2026-09-08 05:22:46",1421.3,2,twomoon036
2693,16661970,"BOB'S ROOM","2026-09-09 12:30:24",1419.6,2,"bobpop123447,datasutudent"
2694,16660137,Densike,"2026-09-09 17:32:51",1419.3,2,densike
2695,16845063,"Gaston Zarate","2026-09-15 14:42:36",1419.2,2,gastonz195
2696,16840338,"Shoma Arakawa","2026-09-12 08:55:21",1419.1,2,shomaarakawa
2697,16667922,JungHwan,"2026-09-06 00:05:59",1418.7,2,najunghwan
2698,16657637,"Ronnie Atuhaire","2026-09-15 14:11:38",1418.3,2,ronnieatuhaire
2699,16755229,theearthcheng,"2026-09-06 07:09:16",1417.9,2,theearthcheng
2700,16802719,uta_ccc,"2026-09-06 07:15:44",1416.9,2,utaccc
2701,16653927,"Fernando GH H","2026-09-05 20:04:42",1416.4,2,fernandoghh2
2702,16817923,"Adhiraj Jagtap","2026-09-17 08:26:34",1416.2,2,adhirajjagtap
2703,16654042,B.Pushpanjali,"2026-09-11 14:13:52",1415.8,2,"bpushpanjali,vinithwade"
2704,16634128,ZechHuang,"2026-09-09 08:22:39",1415.3,2,zechhuang
2705,16810490,katlun,"2026-09-13 03:25:31",1415.3,2,"hoyin1212,katlun"
2706,16824014,"Kotaro Kikuchi","2026-09-07 10:57:06",1415.0,2,kotaro1129
2707,16637241,M4nd4l0r14n,"2026-09-07 21:50:19",1414.8,2,thiagobcunha
2708,16736404,¡olé!,"2026-09-08 04:30:34",1414.5,2,hjx1024
2709,16724993,Bonkoturyu,"2026-09-10 07:59:12",1414.4,2,bonkoturyu
2710,16870986,Taeyang,"2026-09-18 03:12:29",1414.3,2,taeyangg4
2711,16644160,"Saravana Rajan B","2026-09-07 15:04:38",1413.4,2,saravanarajanb
2712,16640785,"syouya tobita","2026-09-16 17:43:22",1413.3,2,syouyatobita
2713,16738820,"Ying Li","2026-09-14 15:06:54",1412.9,2,lyee919
2714,16824564,"piu ATI","2026-09-06 10:02:27",1412.8,2,piuati
2715,16715358,wuy1hao,"2026-09-07 10:23:01",1412.7,2,wuy1hao
2716,16633688,Ryo,"2026-09-06 06:44:25",1412.6,2,ryosukekurakami
2717,16806556,KyryloBakumenko,"2026-09-18 09:05:17",1411.9,2,kyrylobakumenko
2718,16748527,Tsubasa_00,"2026-09-10 00:22:27",1411.4,2,tsubasa00
2719,16739537,"Bina Salama","2026-09-14 00:25:30",1411.3,2,binasalama
2720,16707561,"Nick Rom111","2026-09-18 00:13:02",1410.3,2,nickrom111
2721,16667020,SCLim2022080004,"2026-09-06 22:26:21",1410.3,2,sclim2022080004
2722,16764476,daviddnd,"2026-09-15 07:40:48",1408.9,2,daviddnd
2723,16832556,"Harshit Raj #2","2026-09-10 16:45:16",1408.6,2,harshitraj2123221
2724,16661768,"Lợi Trần Bảo","2026-09-13 19:43:53",1408.2,2,litrnbo
2725,16731822,Senn88,"2026-09-08 13:54:19",1408.0,2,senn88
2726,16640878,"Krishna Yadu","2026-09-06 08:18:51",1407.9,1,krishnayadav456wrsty
2727,16667998,Speril,"2026-09-11 03:51:03",1406.5,2,speril
2728,16783721,lc今天刷了吗,"2026-09-18 09:38:05",1406.3,2,"alkaidchen,limufeng"
2729,16838898,"Minh Trịnh","2026-09-06 13:38:05",1406.0,2,minhtrinh2002
2730,16853941,"Baha Enes Ören","2026-09-08 14:52:10",1405.8,2,bahaenesren
2731,16659711,williams,"2026-09-06 23:23:25",1405.6,2,williams
2732,16671520,sci-shi,"2026-09-07 10:17:00",1405.0,2,scishi
2733,16844769,phi,"2026-09-09 18:19:54",1404.5,2,fahisplr
2734,16806809,air,"2026-09-06 09:54:14",1404.3,2,air041001
2735,16765207,Cathy,"2026-09-10 01:48:38",1404.1,2,cathyyou
2736,16623806,黒田彩人,"2026-09-07 21:37:20",1403.8,2,ayato0705
2737,16839343,"SAURABH VISHWAKARMA","2026-09-15 17:13:31",1403.1,2,surabhv21
2738,16862895,"Quinn Brighton","2026-09-12 00:01:22",1402.9,2,quinnbrighton
2739,16758982,Boredom,"2026-09-08 01:50:36",1402.8,2,cudacoding
2740,16642662,CdeTilly,"2026-09-12 22:09:47",1402.3,2,cdetilly
2741,16842273,2424,"2026-09-08 14:29:16",1402.2,2,takutonishi
2742,16708880,yotsutose,"2026-09-10 10:18:49",1402.2,2,yotsutose
2743,16814637,random_numb,"2026-09-11 05:08:06",1402.2,2,randomnumb
2744,16840452,pan6628,"2026-09-10 04:38:21",1401.9,2,pan6628
2745,16639800,"Yong Ming-Jia","2026-09-15 06:14:00",1401.6,2,ymingj
2746,16830390,"Hajime Kumami","2026-09-07 00:06:54",1401.4,2,hajimekumami
2747,16732666,"Stefano Blando","2026-09-17 15:20:48",1401.3,2,stefanoblando
2748,16848929,"Nikoo Yu","2026-09-15 05:06:17",1400.3,2,nikooyu
2749,16854744,"Rostislav Epifanov","2026-09-10 12:14:58",1399.9,2,rostepifanov
2750,16805509,"Adel Zebiche","2026-09-06 17:28:28",1399.3,2,adelzebiche
2751,16654463,Mark,"2026-09-04 19:38:01",1399.1,2,robotmf
2752,16779942,"YueKai Yu","2026-09-07 01:12:38",1398.7,2,yuekaiyu
2753,16885137,"Manjunadh Padarthi","2026-09-18 08:39:42",1398.4,2,manjunadhpadarthi
2754,16793083,"🐚seek inspiration🐚","2026-09-13 13:05:06",1397.0,2,kurupical
2755,16725081,ZhouYongqi,"2026-09-06 14:55:06",1396.1,2,xy0v0zhang
2756,16792123,coder2403,"2026-09-12 17:08:38",1395.2,1,coder2403
2757,16893831,"Sasan Nazari","2026-09-16 00:07:26",1395.1,2,sasannazari
2758,16792927,EnricRovira,"2026-09-12 21:58:31",1394.7,2,enric1296
2759,16727536,lelelove1225,"2026-09-06 12:58:48",1394.6,2,lelelove1225
2760,16810472,YuanKing77,"2026-09-06 03:11:18",1393.8,2,yuanking77
2761,16842187,"rongkai bao","2026-09-06 05:34:57",1393.6,2,rongkaibao
2762,16838588,"Nadeem Ishikawa","2026-09-08 23:04:10",1393.4,2,nadeemishikawa
2763,16757635,"Sridip Basu","2026-09-05 15:36:55",1393.1,2,sridipbasu
2764,16653199,Koba,"2026-09-17 21:28:08",1393.0,2,zone0906
2765,16782564,"Chris Tu","2026-09-04 05:14:36",1392.6,2,christu831004
2766,16707057,tamo,"2026-09-06 07:44:38",1391.6,2,ryotakasuya
2767,16652750,"Bahadir Selim Bakla ","2026-09-15 14:37:30",1391.4,2,bahadirselimbakla
2768,16707639,Fujinawa,"2026-09-15 12:14:48",1390.8,2,wasshoiwasshoi
2769,16843173,"Hansen Zhong","2026-09-06 15:51:46",1390.6,2,onegameonedream
2770,16783328,AggriTrader,"2026-09-15 13:56:09",1390.6,2,leoluo
2771,16841542,Smmyth,"2026-09-06 22:18:52",1390.1,2,smmyth
2772,16634336,"Arko Bera","2026-09-08 19:08:41",1390.1,2,cartoonistbeard
2773,16783517,"dongdong zhang","2026-09-07 03:22:34",1389.1,2,mcdongdongzhang
2774,16818508,"Napster Y","2026-09-06 08:55:35",1388.6,2,napstery
2775,16745949,"Miaohua Zhang","2026-09-15 05:48:03",1388.2,2,miaohuazhang
2776,16768016,JohnBlake,"2026-09-17 06:43:57",1388.2,2,jaybeeja
2777,16830000,"Danilo Lapegna","2026-09-17 04:38:46",1388.2,2,danilolapegna
2778,16843555,sol12378,"2026-09-07 02:34:09",1387.2,1,sol12378
2779,16845366,cdaden,"2026-09-08 06:00:19",1387.0,2,cdaden
2780,16918646,MsMarch.7,"2026-09-18 09:12:24",1387.0,2,msmarch7
2781,16730484,Esperanza,"2026-09-10 00:42:17",1386.4,2,deanpixton
2782,16841276,EmmaL09,"2026-09-09 22:09:29",1386.3,2,emmal09
2783,16683952,"Maksimov Evgeniy","2026-09-04 01:23:59",1386.1,2,maxevg
2784,16743484,"薄和叶 Lv.INF","2026-09-03 14:24:47",1385.8,2,lumine01
2785,16683435,CoorDi,"2026-09-08 02:13:42",1385.7,2,bxy0125
2786,16758839,"Yusuf Murtaza","2026-09-06 10:23:21",1385.2,2,yusufmurtaza01
2787,16689366,"Cuong Le","2026-09-06 15:24:57",1385.2,2,ad1999
2788,16843986,"Young Jim","2026-09-07 00:05:04",1384.3,2,youngjim
2789,16821420,Sight,"2026-09-18 07:19:49",1384.3,2,"cai12341234,jingwenxu85"
2790,16662121,One-For-All,"2026-09-03 23:10:22",1384.0,2,indarkarhana
2791,16796600,skyShenzi5822,"2026-09-08 08:06:25",1384.0,2,skyshenzi
2792,16715383,"Leo Lilley","2026-09-09 03:36:39",1383.9,2,leolilley
2793,16689748,cheesytoasts,"2026-09-05 17:01:10",1383.0,2,cheesinnn
2794,16826561,"ANJAN B","2026-09-13 15:34:02",1382.9,2,anjan4646
2795,16839429,"Igor Aranovsky","2026-09-08 08:55:51",1382.5,2,igoraranovsky
2796,16749342,crasal,"2026-09-16 17:34:41",1382.3,2,crasal
2797,16803592,"Bishal Lamichhane","2026-09-16 13:33:25",1380.5,2,bishallamichhane44
2798,16677107,gagacrow,"2026-09-07 16:11:58",1380.0,2,gagacrow
2799,16800076,xinwang,"2026-09-07 05:13:34",1379.5,2,xxxtetantion
2800,16699455,vijaikm,"2026-09-17 03:30:33",1379.0,2,vijaikm
2801,16866086,"Table Feng","2026-09-15 15:22:21",1377.9,2,tablefeng
2802,16750726,prince22466,"2026-09-15 15:37:55",1376.7,2,prince22466
2803,16675684,washamba_bots,"2026-09-13 07:38:38",1373.2,2,"billygmwangi,futurecentaur,peterkibetspidey,stephanenjoki"
2804,16822414,Yassinovich,"2026-09-06 12:50:02",1373.1,2,yassinovich
2805,16697205,"Gould Research","2026-09-08 17:19:28",1373.0,2,"georgeking1,gouldh,gradybos,shanemullahy"
2806,16700767,tkpmnlms,"2026-09-08 19:50:42",1372.5,2,"mikhailkachalin,roniuhle"
2807,16777894,"Matthew Neba","2026-09-06 21:37:08",1371.4,2,matthewneba
2808,16805370,"Gaiar Baimuratov","2026-09-04 16:33:11",1371.2,2,baimuratov
2809,16750314,Captainuknow,"2026-09-14 07:39:43",1370.9,2,captainuknow
2810,16712258,Yizhou,"2026-09-06 02:15:23",1370.5,2,yaphellee
2811,16682867,sneaky6767,"2026-09-18 00:18:17",1370.2,2,sneaky6767
2812,16640683,Jason-Oh,"2026-09-17 18:30:08",1369.9,2,dossantoss
2813,16888093,"Alejandro Izaguirre","2026-09-16 18:19:44",1369.6,2,alejandroizag
2814,16819030,sunyuxiang136,"2026-09-18 10:57:38",1368.2,2,"hqy0619,orangetailfish,sunyuxiang136,tshen12"
2815,16780141,"One Zero001","2026-09-03 08:43:16",1368.0,2,onezero001
2816,16727147,"Alan Smith","2026-09-09 11:26:14",1367.9,2,acorncupcake
2817,16669715,housssaamos,"2026-09-06 19:42:41",1367.2,2,housssaamos
2818,16654068,"Renoir Vieira","2026-09-05 17:42:47",1366.3,2,renoirvieira0
2819,16627906,"Tergel Munkhbat","2026-09-17 07:04:41",1365.6,2,tergelmunkhbat
2820,16836457,Andrew9603,"2026-09-06 12:28:37",1365.5,2,benxvyan
2821,16845426,"Erlik Khan","2026-09-13 23:03:03",1364.8,2,erlikkhan
2822,16860587,"Mayo Mafia","2026-09-14 12:41:03",1364.5,2,vasujain12344
2823,16805340,"Md. Rafiul Islam","2026-09-15 12:36:12",1364.4,2,rafiulislamrafi
2824,16721237,phoenixai0,"2026-09-08 14:15:57",1364.4,2,phoenixultra
2825,16660281,"xiy lin","2026-09-08 12:05:25",1364.2,2,xiylin
2826,16621481,"zero waste","2026-09-05 14:22:46",1363.9,2,chinnaphatkhun
2827,16719758,pangzi233,"2026-09-18 10:31:17",1363.2,1,pangzi233
2828,16796840,ezalbxx,"2026-09-10 04:09:31",1362.9,2,ezalbxx
2829,16806535,"zhangzhuang li","2026-09-03 18:31:12",1361.7,2,zhangzhuangli
2830,16661034,"Devesh Mehta","2026-09-16 12:32:14",1361.6,2,deveshmehtaaie
2831,16779321,HarryP12,"2026-09-11 16:45:35",1361.1,2,harryp12
2832,16891588,Krtecek,"2026-09-17 19:16:41",1360.6,2,krtecek
2833,16644452,Durlabh_Jha,"2026-09-17 19:53:47",1360.3,2,durlabhjha
2834,16842817,darcy132,"2026-09-06 13:16:34",1360.3,2,darcy132
2835,16718138,Haalandspring,"2026-09-04 22:46:54",1360.1,2,haalandspring
2836,16811890,Bobbbbbbbbx,"2026-09-03 15:25:01",1359.5,2,bobbbbbbbbx
2837,16810859,"Michael Silverblatt","2026-09-06 12:39:49",1359.3,2,msilverblatt
2838,16771397,its_mrz,"2026-09-07 17:48:52",1358.9,2,itsmrz
2839,16801995,"XD tsui","2026-09-03 20:41:03",1358.0,2,xdtsui
2840,16672033,"Mohan Prasath P","2026-09-07 09:39:23",1357.9,2,mohanprasath21
2841,16626979,"An - Claudex","2026-09-12 15:08:43",1357.5,2,myotterspace
2842,16822602,haru0707,"2026-09-04 08:37:59",1356.7,2,"haru0707,kiduna"
2843,16695931,"Kers Aoyagi","2026-09-05 19:24:41",1356.5,2,kersaoyagi
2844,16781110,yqz,"2026-09-04 17:57:19",1356.2,2,yuqizheng
2845,16803141,"Verdant Meridian","2026-09-08 14:13:17",1355.9,2,xinweizhang003
2846,16790359,"laoma fighting","2026-09-07 05:30:45",1355.9,2,laomafighting
2847,16796574,cununn,"2026-09-04 18:08:46",1355.3,2,w007425y
2848,16775190,bianfu,"2026-09-18 05:11:18",1355.0,2,bianfu
2849,16666296,A.P.R.I.L,"2026-09-12 16:42:30",1354.9,2,puneeth333
2850,16884338,"Emmet Banker","2026-09-17 04:35:45",1354.7,2,emmetbanker
2851,16641138,"Bharath Varma","2026-09-18 09:33:56",1354.6,2,bharath111l
2852,16662204,SM_30,"2026-09-05 15:45:06",1354.2,2,sagarmane104
2853,16676321,"tao wu11","2026-09-06 08:52:36",1354.2,2,"taowu11,xujchill"
2854,16664293,"Adam Lloyd","2026-09-05 07:12:04",1353.8,2,alloyd256
2855,16726889,stnick,"2026-09-05 19:13:36",1353.6,2,stnick
2856,16809249,Moro,"2026-09-06 02:48:13",1353.1,2,moromoromoro
2857,16790652,"Pengchao Zheng","2026-09-06 07:45:17",1353.0,2,"mengyihu,pengchaozheng"
2858,16644255,Rister,"2026-09-04 00:05:35",1352.2,2,"rister101,stharundhatri"
2859,16654332,"Borys Tymchenko","2026-09-06 13:18:48",1351.9,2,spsancti
2860,16660220,tomo11111,"2026-09-05 23:47:27",1351.3,2,tomo11111
2861,16662176,"jorge fabian avila","2026-09-04 21:59:02",1351.2,2,jorgefabianavila
2862,16722995,July,"2026-09-10 10:42:05",1350.5,2,julyzseven
2863,16784056,"anh nông dân may mắn","2026-09-15 01:47:35",1350.4,2,nguyen1tri
2864,16750364,Tangruichen,"2026-09-13 20:00:08",1350.3,2,device666kunkun
2865,16719578,blueblue222,"2026-09-11 04:36:53",1350.1,2,blueblue222
2866,16707702,"anton leyn","2026-09-08 16:30:11",1349.5,2,antonleyn
2867,16657198,Eldritch,"2026-09-10 15:14:36",1349.1,2,thefool00
2868,16795131,XuanxuChem,"2026-09-11 13:18:00",1349.0,2,zhaonoah
2869,16715205,GCarnovale,"2026-09-18 01:20:01",1348.1,2,gcarno
2870,16805882,nmdcddwzml,"2026-09-10 11:46:04",1346.5,2,mujian63
2871,16802630,takotakosan,"2026-09-09 03:10:10",1346.3,2,takotakosan
2872,16775506,"lin qiy","2026-09-05 13:32:19",1345.4,2,linqiy
2873,16669148,"Syed Muhammad Gillani","2026-09-03 19:55:34",1344.7,2,syedmuhammadgillani
2874,16741683,"Lance Wu","2026-09-05 02:17:10",1344.6,2,lancewu722
2875,16662810,HarshitSama,"2026-09-15 19:22:03",1344.6,2,harshitsama
2876,16622934,"Ümit Anık","2026-09-05 13:54:40",1344.5,2,mitank
2877,16732433,syuuuuu,"2026-09-06 12:53:05",1343.8,2,syuuuuukun
2878,16734290,CodeAMANSA,"2026-09-09 14:52:52",1343.1,2,bcollazo
2879,16765327,master_ssx,"2026-09-04 20:02:23",1342.8,2,masterssx
2880,16639369,"Kyuhwan Cho","2026-09-17 23:23:08",1342.4,2,octoarden
2881,16697877,"Sky kun","2026-09-13 22:36:13",1342.3,2,skykun
2882,16654791,"Dev Rath","2026-09-10 16:32:18",1342.0,2,devbratrath
2883,16630548,"YJ Wee 2807","2026-09-08 08:37:02",1341.8,2,yjwee2807
2884,16667964,Shuiys,"2026-09-05 18:41:46",1341.2,2,ysshui
2885,16838953,HHHyyds,"2026-09-05 12:31:34",1341.1,2,hhhyyds
2886,16683488,"Ripudaman Parmar","2026-09-14 19:40:39",1340.9,2,"ktkgpt,ripudamanparmar"
2887,16654585,"David Pedersen","2026-09-18 08:58:24",1340.7,2,semalytics
2888,16817077,"Dinesh kumar Thiyagarajan","2026-09-11 08:55:04",1340.5,2,dineshkumar0705
2889,16717665,"Christoffer Thimsen","2026-09-18 04:47:50",1340.2,2,lowasitgoes
2890,16745351,ChrisXie,"2026-09-08 02:14:19",1340.0,2,chrisstan
2891,16706898,Simiyon,"2026-09-08 15:35:12",1339.5,2,blackscythe123
2892,16644287,"Ryo Hasegawa","2026-09-08 16:54:03",1339.2,2,ryohasegawa926
2893,16672040,"Tom Yim","2026-09-07 04:31:34",1338.3,2,tomyim
2894,16799554,dengddd,"2026-09-03 15:30:23",1336.6,2,dengdgq
2895,16635910,K3V1NM,"2026-09-17 18:26:32",1336.0,1,k3v1nm
2896,16804549,Feidudu,"2026-09-04 15:51:54",1336.0,2,zenanshao
2897,16869870,"Electric Weasle","2026-09-13 15:27:16",1335.8,2,electricweasle
2898,16771785,"Mencius silverio MENSAH","2026-09-16 16:59:06",1335.4,2,menciussilverio
2899,16743788,"Emmanuel Lo","2026-09-04 13:07:50",1335.4,2,emmanuello
2900,16741819,"Paritosh Kumar Tripathi","2026-09-06 11:51:20",1335.4,2,paritoshtripathi5
2901,16660046,"Ikki Katsuyama","2026-09-06 15:46:09",1334.7,2,kacchanwriting
2902,16739419,danilka200300,"2026-09-06 12:33:53",1334.6,2,daniilsergeevda
2903,16634239,"Radhakrishnan Guhan","2026-09-05 19:54:20",1334.3,2,rmsgrk
2904,16810060,galileo680,"2026-09-05 23:45:08",1334.1,2,keter333
2905,16816445,"Danila Lebedev","2026-09-08 13:54:33",1333.4,2,danilalebedev
2906,16789561,"Rohan Kishibe","2026-09-16 06:58:20",1333.1,2,anbianluban1
2907,16734813,"Johan BONILLA MENDIETA","2026-09-05 15:23:38",1333.0,2,johanbonillamendieta
2908,16773607,sky1,"2026-09-04 13:54:00",1332.7,2,skyk1jn
2909,16624253,DTrieu,"2026-09-05 13:09:24",1332.6,2,hodinhtrieu
2910,16839548,"Александр Прохоров","2026-09-08 12:30:54",1332.4,2,obbwd12
2911,16663626,"yvn kaggriculture","2026-09-17 20:08:35",1332.3,2,"garnikdavtyan,mikayelgr"
2912,16730707,"James Michael","2026-09-04 14:12:29",1331.9,2,ingenio
2913,16786126,"Max Bloom","2026-09-16 19:07:33",1331.4,2,maxbloom
2914,16779451,kibuna,"2026-09-18 06:34:02",1331.3,2,kibuna
2915,16851444,"Vũ Tuấn","2026-09-16 04:05:20",1330.2,2,vtunksdlvnj6
2916,16778388,"straw hats","2026-09-05 07:07:33",1329.8,2,rushikeshgaonkar
2917,16838520,"Niu Yuanfang","2026-09-07 07:50:24",1329.5,2,niuyuanfang
2918,16713291,Lperalt,"2026-09-14 08:27:47",1328.9,2,lucianobastidas
2919,16806587,"Dear Shark","2026-09-17 07:12:32",1328.9,2,dearshark
2920,16725195,易研学社,"2026-09-06 07:27:43",1328.5,2,"chency17,fengwann,mingyingxin,sjojasdq,tbtbbb"
2921,16661702,"Chattso-GPT (Yasuhito Yanagisawa)","2026-09-05 09:33:14",1327.4,2,yasuhitoyanagisawa
2922,16639746,"Kyle Wang","2026-09-04 15:12:00",1327.2,2,ky1ewan9
2923,16772109,Yashvs56,"2026-09-04 08:45:23",1326.5,2,yashvs56
2924,16674720,"Prathmesh Lagdive","2026-09-09 10:44:33",1326.4,2,"aglavevaibhav,prathmeshlagdive,shriyashkurud"
2925,16794696,"Paul Bryan Elefante","2026-09-08 00:39:10",1326.3,2,heuljax
2926,16855857,tchufers,"2026-09-18 00:39:22",1326.1,2,viniciusraupp
2927,16808433,thenokol,"2026-09-07 12:26:33",1326.0,2,thenokol
2928,16802039,"Anna Currie","2026-09-04 10:24:33",1325.8,2,hcnfgxsghvbkhbty
2929,16742470,AK,"2026-09-06 07:57:50",1325.8,2,aman1391
2930,16786255,OceFFFF,"2026-09-17 06:46:41",1325.5,2,oceanfujimoto
2931,16678462,"Eric Han Wang","2026-09-06 00:10:04",1325.4,2,ericwang03
2932,16783521,xiannaix,"2026-09-04 09:28:00",1325.2,2,xiannaix
2933,16654752,Agrofitting,"2026-09-12 18:17:22",1325.1,2,"evvfebruary,vinch97"
2934,16655912,sssskilo,"2026-09-17 09:36:10",1324.3,2,wellkilo
2935,16918151,"Hidenori Sasaki","2026-09-18 04:47:47",1323.8,2,hidenorisasaki
2936,16782954,"Team Dajiang","2026-09-05 03:10:18",1323.0,2,"jihuaye,toolazyhhh123"
2937,16811433,"Bx LLLLLLLL","2026-09-05 21:54:10",1322.7,2,bxllllllll
2938,16635065,T88,"2026-09-07 09:02:57",1322.3,2,t88take
2939,16732221,ringbearer,"2026-09-03 21:56:31",1321.4,2,mehmetbarankrat
2940,16851959,Darren0724,"2026-09-11 12:15:26",1320.4,2,darren0724
2941,16623630,noobanot,"2026-09-03 12:05:20",1320.4,2,noobanot
2942,16750273,"Nil Lic","2026-09-14 16:44:57",1319.8,2,nillic
2943,16657449,Timass,"2026-09-03 07:28:02",1319.8,2,timmass2
2944,16660444,"Сергей Мизин","2026-09-12 08:30:25",1319.1,2,seeergo
2945,16655383,MtN,"2026-09-18 10:41:26",1318.9,2,mariotrsn
2946,16793656,王子铖,"2026-09-04 12:26:08",1318.6,2,aurantium
2947,16858618,NaokaK,"2026-09-09 06:58:14",1318.1,1,naokak
2948,16645705,wataru420,"2026-09-18 00:24:03",1318.0,2,wataru420
2949,16738810,mararaa,"2026-09-04 10:21:18",1317.7,2,mararaa
2950,16639520,"Cary Jin","2026-09-05 22:54:44",1317.3,2,strigiformes
2951,16659210,HASHP100D,"2026-09-05 11:23:41",1316.9,2,hashp100d
2952,16841827,"pohang milk collector","2026-09-10 07:05:12",1316.8,2,"duckhun,idearendil"
2953,16626462,mango,"2026-09-04 01:11:13",1315.8,2,mango789
2954,16765763,latter0206,"2026-09-06 07:00:54",1315.7,2,shoheiyamanaka
2955,16657904,xfhdh1,"2026-09-06 09:51:45",1315.4,2,xfhdh1
2956,16795982,Vordax,"2026-09-03 18:17:12",1314.3,2,vordax
2957,16668157,"vineet dairashri","2026-09-13 17:23:11",1313.8,2,vineetdairashri
2958,16811637,mohui666,"2026-09-03 09:21:41",1312.9,2,mohui666
2959,16838305,"Zhiyan Chen","2026-09-05 09:20:32",1312.5,2,zenosga
2960,16683199,"Filippo Gombac","2026-09-02 17:16:47",1312.4,2,filippogombac
2961,16654266,古德拜吃,"2026-09-03 11:26:52",1311.9,2,nosaewang
2962,16824069,"Phương Nguyễn Việt","2026-09-04 03:52:08",1311.5,1,phngnguynvit
2963,16652173,"Shardul Gharat","2026-09-18 06:19:36",1311.5,2,shardulgharat
2964,16815841,"Sunshine through fog","2026-09-15 05:48:01",1311.1,2,sunshinethroughfog
2965,16658287,ArturoSirvent,"2026-09-12 05:20:34",1311.1,2,arturosirvent
2966,16702429,iamlonely,"2026-09-08 16:27:53",1310.8,2,iamlonely
2967,16639771,"DK Armada","2026-09-06 06:33:12",1310.4,2,dkarmada
2968,16695229,X1a0Ch3n,"2026-09-04 16:14:07",1310.2,2,xiaochen20236673
2969,16718649,"Zakaria Aala","2026-09-05 19:32:26",1310.2,2,zlordgrim
2970,16716475,"dong & shen","2026-09-03 04:47:45",1310.2,2,"dongcookies,muyouqian4"
2971,16775076,hiros,"2026-09-03 04:15:51",1309.9,2,hiroshige1
2972,16631215,"Hira Norm","2026-09-05 00:18:00",1309.8,2,hiranorm
2973,16799934,auhulu,"2026-09-03 12:11:03",1309.8,2,auhulu
2974,16679812,"Xiang Li","2026-09-07 00:00:24",1309.7,2,xianglipee
2975,16824101,"Bala Murugan AIML","2026-09-04 02:20:12",1309.7,1,balamuruganaiml
2976,16822109,Meticulousss,"2026-09-10 16:32:31",1309.5,2,meticulousss
2977,16659430,"John Keith Weber","2026-09-06 16:32:54",1308.2,2,johnkeithweber
2978,16808178,qianyuatkaggle,"2026-09-08 00:37:32",1307.9,2,qianyuatkaggle
2979,16825772,liujieyou,"2026-09-14 12:01:35",1307.8,2,liujieyou
2980,16634149,"Hozuma ITOBAYASHI","2026-09-12 10:50:17",1307.4,2,hozumaitobayashi
2981,16654995,"Artem Voronov","2026-09-14 11:14:51",1307.3,2,artemyvoronov
2982,16899030,CardPilotLab,"2026-09-17 00:32:05",1307.2,2,EldieEnfiel
2983,16799797,"Zimin Zhong","2026-09-05 15:40:17",1307.1,2,zhongzinmin
2984,16772090,"SHIVAJI SHAIK","2026-09-14 13:12:51",1307.1,2,shivajishaik
2985,16633850,Pascal,"2026-09-05 04:01:56",1305.9,2,pascalledesma
2986,16846525,Dwaslaop,"2026-09-13 13:24:30",1305.8,2,"dwaslaop,haorunjia"
2987,16654490,"Furious Monk","2026-09-16 07:39:44",1305.6,2,furiousmonk
2988,16682195,celefefwefwe1,"2026-09-02 16:48:52",1305.2,2,celefefwefwe1
2989,16657395,"Uchechukwu Ajuzieogu","2026-09-03 14:10:11",1304.4,2,uchechukwuajuzieogu
2990,16773069,Grant,"2026-09-05 10:49:32",1304.0,2,leolin05
2991,16717186,"Roumak Das","2026-09-04 03:41:55",1304.0,2,roumak77
2992,16820116,cotora2121,"2026-09-05 17:42:49",1303.6,2,cotora2121
2993,16665700,张广麒,"2026-08-31 08:41:33",1302.7,2,zzggqq
2994,16655311,"Plant City Planter","2026-09-02 19:03:12",1301.7,2,michaellombard
2995,16749205,"Wish Coding Guy","2026-09-02 10:33:15",1301.1,2,tommycyd
2996,16654715,"Aqib Raza","2026-09-02 19:21:26",1299.9,2,aqibrazadev
2997,16747577,"Nolan BONHOMME","2026-09-03 13:22:05",1298.7,2,nolanbonhomme
2998,16753646,"[Deleted] 7d100524-25e6-4751-98db-b4fdce26a5ee","2026-09-02 14:22:45",1298.6,2,del=effabded1aa6d176
2999,16734447,"Ali Bauyrzhan","2026-09-13 13:12:11",1298.5,2,alibauyrzhan
3000,16891911,N_noa21,"2026-09-17 10:09:41",1298.1,1,nnoa21
3001,16794740,"Alexander R Luz","2026-09-11 16:15:45",1297.7,2,alexanderrluz
3002,16839209,yuuuu.T,"2026-09-06 02:01:37",1297.6,2,yuuuut
3003,16735253,银龙,"2026-09-07 07:00:02",1297.4,2,boyanyanbo
3004,16713540,Anruan,"2026-09-05 16:45:53",1296.7,2,xiaowanshen
3005,16688642,"Natalia Mawyin","2026-09-05 11:08:38",1296.6,2,nmawyin
3006,16664518,senxichong,"2026-09-18 08:01:00",1296.1,2,senxichong
3007,16760490,"nir afek","2026-08-30 21:08:22",1295.9,2,nirafek
3008,16808352,Rheinmetall,"2026-09-11 14:27:52",1295.2,2,rheinmetall
3009,16820988,人畜无害,"2026-09-05 05:01:40",1293.8,2,slowmo19
3010,16786357,guoyihui,"2026-09-05 05:53:59",1293.4,1,guoyihui
3011,16659776,"Ben Hamilton","2026-09-08 23:36:18",1293.1,2,kineticaxisstudio
3012,16721688,"Hi Im Ryo","2026-09-04 15:05:22",1293.1,2,loto610
3013,16763767,"Carson Zhang","2026-09-13 10:53:55",1292.6,2,zmcddn
3014,16786158,"Yi-Chia Chen","2026-09-05 14:14:40",1292.0,1,threerabbits
3015,16673250,Prashant,"2026-09-04 16:46:37",1290.7,2,"kajalsinghrajpoot,prashantxo"
3016,16674102,没落者,"2026-09-05 11:02:50",1290.4,2,needless090
3017,16803930,"Farrukh Ismoilov","2026-09-02 11:30:29",1290.4,2,fismoilo
3018,16818589,"Rachmat S. Haryadi","2026-09-10 16:48:09",1289.4,2,rachmatsharyadi
3019,16790658,lxymmd,"2026-09-10 07:59:16",1288.9,2,lxymmd
3020,16725793,Krilin,"2026-09-03 18:41:48",1288.4,2,krilin
3021,16657594,"Wojciech Krasowski","2026-09-02 20:37:04",1287.8,2,ci3l4k
3022,16796484,"Ryutaro Tsujii","2026-09-04 00:07:32",1287.3,2,ryutarotsujii
3023,16798174,"Jan Bartos","2026-09-07 22:28:55",1287.2,2,janbartos
3024,16871907,"Junya _318","2026-09-14 04:15:18",1286.8,2,junya318
3025,16730834,TomoyaM,"2026-09-10 00:00:39",1286.7,2,tomoyamiyaake
3026,16728996,autowin,"2026-09-05 16:20:27",1286.4,2,atharvjairath
3027,16752104,WYSSR1225,"2026-09-06 01:09:01",1286.3,2,wyssr1225
3028,16779831,地里偷偷尿尿,"2026-09-06 14:21:55",1286.3,2,jjsdfd22
3029,16730049,"r2d2 Dasari","2026-09-07 02:53:56",1286.0,2,r2d2dasari
3030,16632231,"Samrish B","2026-09-05 18:17:55",1285.8,2,samrishb
3031,16623480,xmaster6y,"2026-09-08 18:26:54",1285.6,2,xmaster6y
3032,16737937,xamad,"2026-09-01 13:19:27",1285.0,2,giannicerrato
3033,16693382,Sandrone,"2026-09-07 15:57:25",1285.0,2,luvgoelo
3034,16679987,"Said Mohamed Omary","2026-09-09 21:02:21",1284.6,2,saidmohamedomary
3035,16746507,Ushimaru,"2026-09-18 07:57:32",1284.2,2,behindkun
3036,16668162,AlejandroAlvarez,"2026-09-11 10:49:13",1284.2,2,theworm
3037,16686513,Vipul_Kumar75476,"2026-09-17 00:05:50",1284.1,2,vipulkumar75476
3038,16756902,"Matt Palmer","2026-09-06 04:17:51",1283.7,2,palmsey
3039,16771558,"Vitalie Cervinschi","2026-09-01 00:08:11",1283.7,2,vitaliecervinschi
3040,16663827,magoemu,"2026-09-03 22:08:53",1282.9,2,magoemu
3041,16657228,"Vladimir Babin","2026-09-15 04:59:07",1282.2,2,vovababin
3042,16848645,"Chee Keong Sim","2026-09-10 14:59:11",1282.2,2,cheekeongsim
3043,16802752,hako22,"2026-09-05 13:11:51",1282.1,2,hako22
3044,16838956,"Michael Brown","2026-09-18 05:25:45",1281.1,2,michaelbrown4343
3045,16670948,wally0593,"2026-09-02 08:31:29",1280.8,2,wally0593
3046,16728103,Immutable,"2026-09-06 21:33:16",1280.6,1,dishcleaner
3047,16797393,lingmingzi,"2026-09-05 04:36:26",1280.6,2,lingmingzi
3048,16736050,SuperZero11,"2026-09-10 07:44:19",1280.4,2,anandaverma
3049,16754112,"rhythm master","2026-09-02 02:01:23",1280.2,2,"lukaswong,nairurga,zaynedong"
3050,16655633,johnny,"2026-08-31 04:55:56",1279.9,2,jonykarki
3051,16682932,"Iulian Curte","2026-09-13 10:07:59",1279.9,2,iuliancurte
3052,16659215,"Zhizhou Sha","2026-08-31 12:43:52",1279.4,2,zhizhousha
3053,16729092,"ayman elamin","2026-09-09 12:02:46",1279.2,2,aymanelamin
3054,16697923,"Vincent Debout","2026-09-12 22:24:00",1279.0,2,vdebout
3055,16625908,trantrikien239,"2026-09-18 10:11:13",1278.0,2,trantrikien239
3056,16773039,zyiqun,"2026-09-04 06:12:36",1277.5,2,zyiqun
3057,16727544,"Mostafa H","2026-09-01 10:03:53",1277.5,2,mostafahaghiri68
3058,16841667,Zwxiang123,"2026-09-06 01:27:21",1276.3,1,zwxiang123
3059,16714057,"T0m0t0m0 W","2026-08-30 07:55:00",1276.3,2,t0m0t0m0w
3060,16775286,DanilAbdullin,"2026-09-02 05:42:51",1275.4,2,danilabdullin
3061,16877958,"Igor Buinyi","2026-09-11 23:06:07",1274.7,1,buinyi
3062,16810802,"Musa Khan","2026-09-03 16:40:12",1274.2,1,lazer999
3063,16783124,Logorhythms,"2026-09-11 12:28:36",1273.5,2,mohammadsaidulislam
3064,16668532,"Nir Aberman","2026-09-17 11:58:59",1273.0,2,niraberman
3065,16866689,snehitha,"2026-09-16 07:46:47",1272.7,2,andapallysnehitha
3066,16743191,"Ryoya Kochiyma","2026-09-05 13:28:19",1271.9,2,"kazutotakekuma,ryoyakochiyma"
3067,16742825,"Ritwik Raha","2026-09-05 00:03:10",1271.0,2,ritzraha
3068,16778792,"Karthik #2","2026-09-02 17:15:47",1270.1,2,karg14
3069,16778072,oonumberone,"2026-08-30 02:54:33",1270.1,2,oonumberone
3070,16755414,Danzzzl,"2026-09-05 16:14:12",1269.8,2,okunevda
3071,16838821,小等等,"2026-09-16 07:41:23",1269.0,2,atwelve
3072,16825340,xiaoBOSS97,"2026-09-18 04:40:22",1268.6,2,xiaoboss97
3073,16721805,kavunidze,"2026-09-03 11:04:48",1268.3,2,kartu72
3074,16770089,ouga,"2026-09-18 00:11:31",1268.3,2,ouga1shizawa
3075,16717113,"Dovydas Ruokis","2026-09-11 19:58:21",1268.1,2,dovydasruokis
3076,16740851,Zefirrr,"2026-09-01 16:46:15",1268.1,2,zefirrrr
3077,16795798,"Refrain 1","2026-09-01 09:36:19",1268.0,2,"chisatoy,refrain1"
3078,16774727,"Dannya AbdulHadi","2026-09-04 11:48:50",1267.9,2,dannyaabdulhadi
3079,16651792,LX,"2026-09-02 10:29:49",1267.8,2,sunnylx
3080,16734822,Zcy,"2026-08-30 15:01:54",1267.8,2,laura831
3081,16791943,tamref,"2026-09-05 02:59:16",1267.2,2,tamreff3290
3082,16713543,"Rustam Bazarbayev","2026-09-17 09:21:40",1267.0,2,rustambazarbayev
3083,16632214,roomer,"2026-09-05 03:55:23",1266.4,2,"matsuphy,mqme526,yasunamiura"
3084,16657825,MilanJoshi,"2026-09-01 12:04:31",1266.4,2,mlnjsh
3085,16665191,JoJa,"2026-09-17 04:57:01",1266.1,2,"mojyou,noahzx"
3086,16885684,LiYiTingTom,"2026-09-17 17:01:11",1265.6,2,liyitingtom
3087,16686827,Kronki,"2026-09-05 12:24:58",1265.1,2,kronki
3088,16797063,Nianhua1,"2026-09-05 03:35:11",1264.9,2,nianhua1
3089,16655169,Musliadi,"2026-08-31 05:51:39",1264.5,2,timscientia
3090,16764068,"Chika Komari","2026-09-02 11:18:48",1264.5,2,gothamjocker
3091,16694016,"Prajwal M","2026-09-02 16:15:52",1264.0,2,estrick
3092,16828244,AGSaturn,"2026-09-06 19:42:52",1262.7,2,polyuhst
3093,16747036,Illusion,"2026-09-04 13:34:36",1262.6,2,briankimtaikab
3094,16734225,"Vijay athithya ","2026-09-02 07:06:29",1262.5,2,vijay09
3095,16719083,"Justin Mai 16","2026-09-07 22:30:10",1262.1,2,justinmai16
3096,16675739,"Jithendra Maddala","2026-09-12 05:12:26",1261.8,2,jithendramaddala
3097,16721980,pend_ts19,"2026-09-03 03:03:36",1261.3,2,pendts19
3098,16706442,tipstar0125,"2026-09-05 11:50:46",1261.1,2,dragonty
3099,16682283,"RL is all you need","2026-09-08 13:59:11",1260.3,2,"bpmf577,junzhejiao,jwj1342,liaodid,mrschang"
3100,16734199,Iliamna,"2026-09-06 20:44:33",1260.1,2,decotoj
3101,16621831,"Tsung-Yeh, Hsieh","2026-09-09 18:31:09",1260.0,2,"tsungyehhsieh,xinyuloong"
3102,16626203,"Manish Kumar Maurya","2026-09-13 13:29:42",1260.0,2,manishkumarmaurya11
3103,16761324,WLYYYo,"2026-09-14 03:11:51",1259.6,2,wlyyyo
3104,16771605,Psyrax,"2026-09-17 16:00:11",1259.3,2,psyrax012
3105,16656659,"James Y","2026-08-31 09:51:47",1258.1,2,redoctopusk
3106,16732813,Soomana1z,"2026-09-08 17:20:16",1257.9,2,soshionodera
3107,16779652,cheezyp,"2026-08-31 06:26:25",1257.7,2,cheezyp
3108,16806394,Flowers,"2026-09-02 04:03:16",1256.8,1,"guyueyuan,oliver34,wu12138test"
3109,16771456,"Tianrun Liao","2026-09-14 16:08:41",1255.7,2,tianrunliao1
3110,16638019,Randynho,"2026-09-15 16:13:30",1255.7,2,randynho
3111,16783459,LKQ669,"2026-09-02 14:33:50",1255.6,2,lkq669
3112,16703315,"Ryan Triplett","2026-09-17 20:41:39",1255.1,2,ryantriplett
3113,16843970,dharana77,"2026-09-13 03:41:27",1254.4,2,ylee4574
3114,16623890,"rapika rosalia","2026-09-01 17:40:24",1254.2,2,rapikarosalia
3115,16793478,noisyislands,"2026-09-17 12:12:43",1254.1,2,noisyislands
3116,16623691,KevlarZanderChi,"2026-08-31 17:19:02",1254.1,2,kevlarzanderchi
3117,16658962,"Fabian Friedland","2026-09-01 02:35:18",1254.0,2,fabotelli
3118,16785924,Abhinav_26104,"2026-08-31 15:17:41",1253.8,2,abhinav26104
3119,16638651,Emre,"2026-09-17 20:14:06",1253.8,2,emre690
3120,16628456,kiro,"2026-09-08 06:39:53",1252.4,2,kirosamurai
3121,16694186,souju00,"2026-09-14 10:52:51",1249.5,2,souju00
3122,16725410,LE4VES,"2026-09-08 09:27:15",1248.5,2,le4ves
3123,16791752,bayachay,"2026-09-13 02:26:18",1248.4,2,bayachay
3124,16732484,tanzaku,"2026-09-06 07:58:50",1248.1,2,tanzaku
3125,16701638,"John Stupid","2026-08-30 09:28:55",1248.0,2,bryxosmmm
3126,16860049,Himanshu,"2026-09-15 12:12:33",1247.0,2,himanshuffbfujbf
3127,16669810,CREART,"2026-08-29 16:06:18",1246.6,2,gustardust
3128,16794841,thisArmin,"2026-08-31 04:29:30",1245.7,1,thisarmin
3129,16665311,"huayang sun","2026-09-05 06:20:01",1244.0,2,okami001
3130,16737237,"Ayodeji Adesegun","2026-09-02 12:09:57",1243.9,2,ayodejiadesegun
3131,16626655,"Surya milenial","2026-08-30 08:21:22",1243.6,2,suryamilenial
3132,16779598,RiverStead,"2026-09-11 12:27:06",1243.5,2,riverstead
3133,16658409,AlexMasip,"2026-09-03 15:37:32",1243.4,2,alexmasip
3134,16795391,MECHINE,"2026-09-01 03:05:47",1243.0,2,nainglinwai
3135,16768323,thuvuduy16,"2026-08-31 18:59:54",1242.9,2,thuvuduy16
3136,16748187,"Violet Notes","2026-09-09 13:20:38",1242.7,2,dominicjamil
3137,16662222,MinerUNLEASHED,"2026-08-24 16:28:40",1242.5,2,minerunleashed
3138,16768143,KingDellaFarm,"2026-09-02 12:49:02",1242.5,2,"alessandrodestasi,disteroas"
3139,16839975,AlexHan,"2026-09-05 13:16:50",1241.9,1,gksgusrb1212
3140,16677252,カワシギ,"2026-09-03 05:11:27",1241.9,2,kawashigi
3141,16716613,Arvin,"2026-09-08 01:18:15",1241.4,2,chesterx
3142,16798544,esprit,"2026-08-31 23:47:56",1241.1,1,takuji
3143,16659627,"Lam Dang","2026-09-17 18:56:36",1240.4,2,lamdang
3144,16675351,-Beterraba,"2026-09-05 18:45:27",1240.4,2,"afonsoo,miguelottoni"
3145,16777138,"Anna Pakhaliuk","2026-09-16 12:24:12",1240.2,2,annapakhaliuk
3146,16821542,"Hıdır BozkurtT","2026-09-15 16:56:04",1239.6,2,hdrbozkurtt
3147,16659467,AlexMoura2026,"2026-09-16 20:32:34",1239.2,2,alexmoura2023
3148,16664609,Re2lawd,"2026-08-31 05:42:43",1239.0,2,re2lawd
3149,16639979,naphthalene,"2026-09-01 10:40:26",1238.9,2,"aaa0342,leehyungjoon,minjek,trv449"
3150,16655381,"Varshith K","2026-09-10 22:42:07",1238.6,2,var3604
3151,16757418,Janus,"2026-09-04 11:49:23",1237.8,2,khaled1alhasan
3152,16761641,Diavolo,"2026-09-05 09:31:08",1237.6,2,jeanmarcbah
3153,16622919,Waffle,"2026-09-03 00:25:52",1237.5,2,waffle3z
3154,16805609,Gleb,"2026-09-01 22:11:48",1237.4,1,korelin
3155,16760158,"apple farmer","2026-08-30 01:15:01",1237.0,2,gustavoknudsen
3156,16756633,TheDanKing,"2026-08-31 05:49:23",1236.6,2,thedanking
3157,16667724,"Masashi Onda","2026-09-02 12:43:58",1236.6,2,masashionda
3158,16641183,"Team Name Pending","2026-08-30 15:18:19",1235.5,2,"abdaathaillahhadyan,oliverspiby"
3159,16795041,"Denis Revenko","2026-09-01 13:02:36",1235.2,2,denizzko
3160,16632708,__Taichicchi__,"2026-09-17 02:18:01",1234.9,2,hutch1221
3161,16757704,Faustine,"2026-09-10 12:37:00",1234.4,2,faustine649
3162,16841061,"Artin yzn","2026-09-09 12:20:47",1233.2,2,artinyzn
3163,16718956,hassan,"2026-09-01 16:14:25",1233.2,2,hasankhhan
3164,16661393,"razab Bawa","2026-09-06 12:43:30",1233.0,2,razabbawa
3165,16652912,"Kyle Ellard","2026-09-04 11:51:13",1232.1,2,kyleellard
3166,16760656,CharTFboy,"2026-08-24 09:19:37",1231.9,2,chartfboy
3167,16793344,zyichi,"2026-09-02 06:41:30",1231.4,2,zyichi
3168,16660121,10pi,"2026-09-02 01:21:07",1230.4,2,meredith10pi
3169,16793287,"Kim Jinseo","2026-08-30 13:47:02",1230.3,2,kimjinseo1
3170,16725564,NoPlanB,"2026-09-17 02:57:18",1229.9,2,kduncanrobertson
3171,16806048,duck_raccooon,"2026-09-02 15:03:04",1229.8,2,duckraccooon
3172,16729906,"Krzysztof Madziar","2026-08-28 05:05:13",1228.8,2,krzysztofmadziar
3173,16774475,LoveB4Sunrise,"2026-09-01 04:42:09",1228.5,2,demacia1314
3174,16660477,SeaGoat,"2026-09-16 20:48:30",1227.4,2,vbandaru
3175,16822745,Jetpack,"2026-09-17 13:41:07",1227.1,2,"m1ngch1,victorye04"
3176,16771361,"It's Ratcha","2026-09-07 18:59:25",1227.1,2,itsratcha
3177,16696762,SOSyuki,"2026-08-31 15:37:09",1227.1,2,sosyuki
3178,16771457,"HK Fama","2026-09-05 17:51:47",1226.5,2,kenho211
3179,16793106,"Пал Лаич","2026-08-30 12:45:34",1226.4,1,skypunkaudiowalker
3180,16730705,chris,"2026-09-18 01:18:51",1226.2,2,chris62
3181,16702590,"Aashka Kapadia","2026-09-17 07:51:18",1225.7,2,aashka
3182,16765154,dreamcxy,"2026-08-31 03:54:16",1225.6,2,dreamcxy
3183,16854250,"Jenil Emp","2026-09-15 13:36:48",1225.1,2,jenilemp
3184,16670999,Maksonch1k,"2026-08-28 23:01:42",1223.2,2,maksonch1k
3185,16753515,"Yosif EL-Rammaal","2026-08-25 16:57:09",1223.0,2,yosifelrammaal
3186,16766941,"S Kim","2026-09-10 22:16:57",1222.7,2,sunnyk92
3187,16709872,"Tim McGarvey","2026-09-18 03:45:53",1222.0,2,timmcgarvey
3188,16758279,"GO HIROSHIMA 2","2026-08-29 02:51:47",1221.9,2,gohiroshima2
3189,16730076,SJY321,"2026-09-18 10:44:38",1221.6,2,sjy321
3190,16785753,"Mizero Lucky Gall","2026-09-03 17:36:59",1221.5,2,mizeroluckygall
3191,16641982,ZotAZaw3,"2026-08-28 09:43:47",1221.2,2,zotazaw3
3192,16757384,straw_Yu,"2026-09-09 01:41:11",1220.9,2,strawyu
3193,16667147,"Daksh Bhalala","2026-08-26 06:41:04",1220.6,2,dakshbhalala
3194,16709115,"PARK HYUNSIK","2026-08-26 01:51:31",1220.0,2,hyunsikpark
3195,16623856,aowhite,"2026-09-03 06:12:31",1219.9,2,brandnewyork
3196,16686583,techtech69,"2026-09-18 09:20:15",1219.5,2,techtech69
3197,16706523,"Aussie lover","2026-09-04 06:20:53",1219.2,2,aussielover
3198,16773170,"yy li","2026-09-17 05:25:39",1218.9,2,yangyili11
3199,16741551,"Vedant Tiwari","2026-09-02 20:48:05",1218.8,2,vedant7312
3200,16756630,Shreyas,"2026-08-30 09:58:08",1218.3,2,shreyasdongre25
3201,16748647,"Adar Cohen","2026-08-24 21:27:43",1217.9,2,adarcohen
3202,16856449,Sting,"2026-09-16 17:12:20",1217.4,2,sarlnovax
3203,16773020,HyperNeonByte,"2026-09-18 02:31:39",1216.6,2,hyperneonbyte
3204,16689266,"Oleksandr Dudnev","2026-09-09 06:14:10",1216.5,2,dantist
3205,16768676,Doit,"2026-08-25 02:09:47",1216.3,1,aifccnb
3206,16697411,VynoDePal,"2026-09-18 10:06:46",1215.4,2,kvynodjo
3207,16654196,"Aryaman Chokhani","2026-08-31 06:30:01",1215.3,2,"aryamanchokhani,pranrocky"
3208,16774410,"Rishabh Roy","2026-08-26 09:01:38",1214.6,1,rishabhr0y
3209,16653260,"Kadouci Abdelhak","2026-08-29 00:16:50",1214.3,2,kadouciabdelhak
3210,16771843,"Surekha Ramireddy","2026-09-01 15:34:18",1214.0,2,surekharamireddy
3211,16823626,Korokke3,"2026-09-13 14:08:54",1213.2,2,korokke3
3212,16665224,tyz123456,"2026-09-17 16:51:50",1213.0,2,tyz123456
3213,16779007,"Teoh jia sheng","2026-09-18 08:47:08",1212.8,2,"nathanael19,teohjiasheng"
3214,16700771,"Disuru Coba Ama Jaki","2026-08-31 09:50:50",1212.8,2,reiiihel
3215,16762537,Controlvector,"2026-08-25 08:28:11",1212.4,2,"controlvector,yxdu01"
3216,16780317,jrcjrcjrc,"2026-09-04 06:03:51",1212.3,2,jrcjrcjrc
3217,16637458,OlivierS,"2026-09-09 03:41:58",1212.1,2,oliviers
3218,16670527,"Balram Gupta","2026-09-18 05:06:28",1211.6,2,"akankshaparab,bg28898"
3219,16759250,"Harsh Jain","2026-08-28 06:55:29",1211.5,2,harshjain123
3220,16755921,"Natnael Yerga","2026-08-24 16:43:22",1209.8,2,natnaelyerga
3221,16658618,"philip georgiev","2026-09-17 12:53:42",1208.9,2,philipgeorgiev
3222,16738279,zhangshuosc,"2026-08-26 05:11:57",1208.3,2,zhangshuosc
3223,16672468,ComposeMage,"2026-09-08 01:51:40",1208.3,2,composemage
3224,16853131,"Awesome Egg","2026-09-10 07:27:41",1208.2,2,newegg
3225,16662696,"Cengizhan Tümer","2026-08-31 20:54:21",1207.2,2,cengizhantmer
3226,16764431,"William Diment","2026-09-14 07:50:42",1205.8,2,williamdiment
3227,16734699,PangMinShih,"2026-08-28 08:39:27",1205.6,2,shihbonbon
3228,16770397,Ryu,"2026-09-03 20:15:16",1205.5,2,bexultanashenov
3229,16727214,"Jaivardhan Raahi","2026-09-04 05:49:08",1205.4,2,jaivardhanraahi
3230,16657887,"Yermak Petro","2026-09-18 08:09:58",1204.7,2,yermakpetro
3231,16775443,NoName,"2026-09-04 23:49:43",1204.1,2,thesonalsingh
3232,16729225,"Aayush Sigdel","2026-09-03 15:47:50",1203.7,2,aayushsigdel
3233,16770927,kaptaan45,"2026-08-28 08:06:32",1203.6,2,kaptaan45
3234,16691247,"Aneesh Rao","2026-08-27 17:11:07",1203.2,2,sidrao2006
3235,16661304,"Jonathan Roy","2026-09-14 17:05:57",1203.1,2,jonathanroy7
3236,16630711,"Aleks Lviv","2026-08-30 11:46:50",1202.7,2,alekslviv
3237,16783630,"fan yanbing","2026-08-30 11:33:12",1202.4,2,jackpudding
3238,16698340,"Yanxi Jiang","2026-08-26 03:24:55",1202.2,2,yanxijiang
3239,16852043,"pig da","2026-09-08 05:32:31",1201.8,2,qijunjie
3240,16689569,JovanaLab,"2026-08-27 22:43:51",1201.0,2,"choonesenlu,joxitsai"
3241,16759058,Miz,"2026-09-17 08:22:50",1200.9,2,ryota040
3242,16770998,ket,"2026-08-31 22:14:53",1200.8,2,kentken
3243,16692744,"VAIBHAV RASTOGI 90","2026-09-03 23:43:33",1200.3,2,vaibhavrastogi90
3244,16635029,"Oleg Melnik","2026-09-17 16:28:52",1200.0,2,olegmelnik
3245,16753194,"Saicharan Ramineni","2026-08-26 19:33:02",1199.9,2,godlydonuts
3246,16748907,EdwardHwang@123,"2026-08-24 15:32:00",1199.8,2,edwardhwang123
3247,16622627,"Erik van de Ven","2026-09-07 13:01:31",1199.8,2,erikvdven
3248,16760509,"gnanadeepika karanam","2026-08-29 03:35:25",1199.5,2,gnanadeepikakaranam
3249,16844154,シュークリーム,"2026-09-07 03:31:45",1198.8,2,syucream
3250,16745416,yamato035073,"2026-08-30 22:24:34",1198.6,2,yamato035073
3251,16796980,ChenyuBaii,"2026-09-11 09:56:01",1198.5,2,chenyubaii
3252,16761788,"Corenthin Buffard","2026-08-26 13:16:28",1198.3,2,cbuffard
3253,16742232,"Prema Ananda","2026-09-18 08:31:04",1197.7,2,premaananda108
3254,16671476,"Mingkang YAN","2026-08-26 08:13:57",1197.0,2,mingkangyan
3255,16778808,"Candace Dudleson","2026-08-31 23:19:12",1196.8,2,candacedudleson
3256,16890669,"Fuchun Wang","2026-09-18 10:53:39",1196.5,2,wangfuchunag
3257,16848720,嘎达嘎达,"2026-09-08 07:39:07",1196.2,1,eggyeggygggy
3258,16769028,"Rishabh Yadav","2026-09-17 01:59:59",1195.2,2,riishabhhh
3259,16784611,sardarkhanyadav,"2026-08-28 16:45:33",1195.1,2,sardarkhanyadav
3260,16790391,"Kevin Cao","2026-08-29 13:38:03",1195.0,1,kevincao2
3261,16669403,mrgrishninsb,"2026-09-13 13:22:10",1194.1,2,mrgrishninsb
3262,16774129,"Chen Audrey","2026-09-04 13:38:19",1193.9,2,chenaudrey
3263,16634153,AnpAn_Men,"2026-08-29 19:47:31",1192.3,2,anpanmen
3264,16791549,"Eugenio Schiavoni","2026-08-31 19:14:40",1191.9,2,eugeniokukes
3265,16764738,Lucasty,"2026-08-25 07:04:36",1191.4,2,lucaswty
3266,16664002,"Guilherme Zanini de Sá","2026-09-18 04:00:21",1191.1,2,guilhermezaninides
3267,16733708,RyanHo,"2026-08-29 03:59:12",1191.0,2,ryanrx
3268,16782193,nal_nh906,"2026-09-02 01:42:32",1190.9,2,hhan09
3269,16790233,"prateek chandra","2026-08-30 15:55:55",1190.6,2,prateekchandra7005
3270,16879133,xiepengo,"2026-09-13 14:05:18",1190.4,2,xiepengo
3271,16811502,"Avi Porath","2026-09-14 04:33:01",1190.3,2,aviporath
3272,16778019,Mr.Frundles,"2026-09-03 02:21:58",1190.0,2,watehell
3273,16665753,"Mansour A. S. Ataa","2026-08-26 10:28:34",1189.6,2,profmansoor
3274,16654526,"Jin Niu","2026-08-26 18:25:33",1189.6,2,gufanmingmie
3275,16838736,"kauan cassiano","2026-09-05 06:42:48",1189.5,1,kauancassiano
3276,16752733,zjukop1,"2026-08-25 03:29:28",1189.0,2,zjukop1
3277,16738895,SangGold,"2026-09-13 09:18:56",1188.5,2,sanggold
3278,16707453,"Kaan Dınız","2026-08-28 09:11:10",1188.3,2,kaandnz
3279,16762139,AltriaE,"2026-08-25 15:27:52",1187.8,2,altriae
3280,16675777,"Ml BOY","2026-09-07 18:15:38",1187.6,2,mlboy1
3281,16726547,"Ezra Kho","2026-08-28 04:04:46",1187.5,2,ezrakho
3282,16740392,"Amey Thakur","2026-08-25 12:01:41",1187.4,2,ameythakur20
3283,16842071,buddyY26,"2026-09-07 13:06:08",1187.2,2,buddyy26
3284,16668756,"Clark Kitchen","2026-09-09 00:54:50",1186.4,2,clarkkitchen
3285,16685450,Nadeem,"2026-08-25 09:21:14",1186.0,2,nadeembinshajahan
3286,16802775," SonSheungmin","2026-09-03 06:55:03",1185.8,2,sonsheungmin
3287,16635681,"Shubham Phapale","2026-09-05 12:46:36",1185.5,2,shubhamphapale
3288,16744905,"Nator X","2026-08-26 22:15:29",1185.3,2,natorx
3289,16627472,CloverFarm,"2026-09-08 13:23:55",1185.2,2,ljs2546
3290,16800775,SunSeeker染汐,"2026-09-01 16:47:33",1185.1,2,sunseekerrx
3291,16755244,SZU蓝心,"2026-09-01 11:50:45",1184.7,2,jiazhanliu
3292,16732586,Juniex,"2026-09-09 22:25:54",1184.3,2,juniex
3293,16753125,"Rudransh Singh Rathore","2026-08-26 03:10:23",1184.1,2,rudranshsinghrathore
3294,16770299,"أحمد فهد الربيش","2026-08-25 09:55:13",1183.8,2,ghr111
3295,16863344,masat,"2026-09-09 23:46:30",1183.7,1,masatttt
3296,16621497,"Victor @ Tufa Labs","2026-08-26 20:41:50",1183.2,2,vmerckle
3297,16758791,"qw yi123","2026-09-10 08:06:11",1182.5,2,qwyi123
3298,16752121,adhsdrtjh,"2026-08-23 15:02:25",1181.7,2,adhsdrtjh
3299,16778358,"Lê Nguyễn Việt Cường","2026-08-28 03:46:51",1181.6,2,lengvietcuong
3300,16658280,"Hemanth Reddy Katta","2026-09-14 22:15:43",1181.5,2,hemanthreddykatta
3301,16729554,"JingSong Yang","2026-08-28 05:33:55",1181.3,2,jingsongyang
3302,16716549,notoverkil,"2026-08-28 08:16:38",1180.6,2,notoverkil
3303,16692443,xmkevin2004,"2026-09-08 15:10:46",1180.3,2,xmkevin2004
3304,16738626,李BCDEFGA,"2026-08-25 06:55:39",1180.0,2,bcdefga
3305,16712714,MiMi,"2026-08-31 08:39:16",1179.9,2,"frank0921,rickytsou"
3306,16769116,qiuqiu,"2026-09-11 13:33:23",1179.6,2,qiuqiuh
3307,16745499,"lurs lurs","2026-08-29 02:02:15",1179.2,2,lurslurs
3308,16704818,probably6767,"2026-09-18 00:18:06",1179.1,2,probably6767
3309,16713007,"Jerry Hwa","2026-08-23 12:20:13",1178.8,2,"jerryhwa,richarrdyu"
3310,16666165,ChrisLeiteScha,"2026-08-24 15:20:36",1178.7,2,chrisleitescha
3311,16763274,vinceybb,"2026-09-10 23:56:06",1178.6,2,vinceybb
3312,16664537,"Lenin Goud","2026-08-27 01:07:37",1178.5,2,leningoud
3313,16807054,"JSU xiaopoche","2026-09-03 06:35:02",1177.9,1,xhmuvw
3314,16775771,"Ewia Tng","2026-09-09 04:57:46",1177.3,2,ewiatng
3315,16706185,"Bab Kek","2026-08-25 21:04:53",1177.1,2,babkek
3316,16673881,"Sebastian Johansson","2026-09-15 08:15:02",1176.9,2,sebbejohansson
3317,16838843,"qiu ji123","2026-09-12 02:58:46",1176.7,2,qiuji123
3318,16623736,Garigariyong,"2026-09-01 04:31:17",1176.6,2,garigariyong
3319,16918530,lingsio,"2026-09-18 07:52:19",1176.2,2,shinshengchiou
3320,16689274,Anyeson,"2026-08-30 09:24:43",1175.2,2,anyeson
3321,16741826,StackKnight,"2026-08-28 02:12:12",1175.1,2,stackknight
3322,16670883,G*Sim,"2026-08-28 07:55:59",1175.0,2,guillaumesimiand
3323,16664683,"Halapeño Farms","2026-09-14 00:35:12",1174.7,2,haladaj
3324,16662651,CoatiAI,"2026-09-16 11:06:40",1174.5,2,gjhordan
3325,16655255,MalelizarazoP,"2026-08-26 13:34:53",1174.1,2,malelizarazop
3326,16712432,hengck23,"2026-08-25 17:58:30",1173.8,2,hengck23
3327,16674447,"Nathan Thor","2026-09-15 15:17:28",1173.1,2,devofpie
3328,16830753,"youyi li","2026-09-06 02:50:01",1172.9,2,liyouyi
3329,16704603,Tmaxxer,"2026-08-28 14:45:38",1172.6,2,tmaxxer
3330,16630516,"Seb (allegedly)","2026-09-09 09:22:48",1171.2,2,sebmallia
3331,16844277,"Akash Chanran","2026-09-09 16:48:32",1170.4,2,"akashchanran,shruti9345"
3332,16657553,graceyunliu,"2026-09-16 02:43:23",1169.7,2,graceyunliu
3333,16904612,"Naveen Reddie","2026-09-18 04:19:28",1169.5,2,naveenreddie
3334,16764206,yanjixiang,"2026-08-25 11:37:34",1169.3,2,yanjixiang
3335,16793261,Von_Feynman,"2026-08-30 13:35:43",1168.7,1,terrenceluo1017
3336,16666195,"Yihan Guo","2026-08-28 08:44:06",1168.3,2,yihanguo
3337,16725304,"Alexandru A","2026-08-29 07:34:25",1168.0,2,alexandrua01
3338,16769082,"Little Xi","2026-08-26 03:31:32",1166.5,2,littlexi0
3339,16672202,HealthStone,"2026-08-29 21:04:07",1165.7,2,healthstone
3340,16748000,"Rohit Raj Singh","2026-09-15 13:50:22",1165.3,2,rohitrajsingh555
3341,16768955,Hunedjekdsfkd,"2026-08-25 03:56:30",1165.1,1,hunedjekdsfkd
3342,16728774,あなまか,"2026-09-12 13:08:44",1165.1,2,arakish
3343,16684994,"Katasonov Evgeny","2026-08-30 01:39:34",1164.7,2,katasonoveugene
3344,16778489,dataWr3cker,"2026-08-28 20:40:52",1163.9,2,gourabr0y555
3345,16666468,"J Penman","2026-09-09 07:04:10",1163.8,2,jpenman
3346,16733932,"Jasper Turnidge","2026-08-24 06:36:23",1163.6,2,jasperturnidge
3347,16630323,kaggricultureomnidimensionalut,"2026-08-28 10:51:28",1163.0,2,kumarandatascientist
3348,16724228,LSS0334,"2026-08-26 00:15:54",1162.9,2,lss0334
3349,16659972,"Pelamovic ","2026-08-25 18:03:34",1162.6,2,pelamovic
3350,16716081,"dunky su","2026-08-23 06:36:50",1162.4,2,dunkysu
3351,16722731,"E&M Pioneer","2026-08-30 11:18:55",1161.4,2,hzq2004
3352,16674310,"Ayaz Ahmed Kazi","2026-08-29 18:49:13",1161.2,2,ayazahmedkazi
3353,16664379,N_Matsumoto24,"2026-09-02 08:17:44",1161.0,2,nmatsumoto24
3354,16759075,"Michael Day","2026-08-24 10:38:52",1160.9,2,michaelday99
3355,16782984,crinoid,"2026-09-02 10:59:06",1160.3,2,takemi
3356,16675655,TrebolNoir_,"2026-09-01 12:59:42",1160.1,2,trebolnoir
3357,16660492,"Deven Bagul","2026-08-29 11:56:30",1159.8,2,devenbagul
3358,16725432,Ezra,"2026-09-10 21:42:30",1159.8,2,ezberch
3359,16665337,BHackers,"2026-08-26 17:13:11",1159.1,2,clarencepagaduan
3360,16740159,CY,"2026-09-05 09:33:08",1158.5,2,aimeny
3361,16693663,"YoungCheol Son","2026-08-27 00:51:34",1158.4,2,sonyc5720
3362,16709824,pizzahut,"2026-09-17 22:33:20",1158.4,2,csalazoltntams
3363,16763437,"⸻AgentZZ ⸻","2026-08-23 20:47:44",1158.3,1,agentzz
3364,16742267,chandora,"2026-09-08 11:13:06",1158.3,2,chandora
3365,16762940,"Davide Andreolli","2026-09-06 09:20:28",1158.1,2,davideandreolli
3366,16716930,"Direc M","2026-08-31 04:54:06",1158.0,2,direcm
3367,16773320,kaka,"2026-09-17 08:53:18",1157.5,2,kakawin
3368,16746632,tingyu516,"2026-08-24 06:05:33",1156.6,2,tingyu516
3369,16677577,"Harsha Vardhan Konisa","2026-09-13 17:33:53",1155.9,2,harshavardhankonisa
3370,16844148,Ethereal49,"2026-09-11 04:17:57",1155.8,2,ethereal49
3371,16786013,sakarush,"2026-09-02 13:17:42",1155.0,2,sakarush
3372,16639796,rmizuta,"2026-08-28 15:07:43",1154.6,2,rmizuta
3373,16691154,UnknownRobi,"2026-08-31 22:50:27",1154.5,2,canrobichaud
3374,16742228,"bangqun ZHAO","2026-08-27 05:20:56",1154.0,2,bangqunzhao
3375,16848207,vlad,"2026-09-15 11:56:09",1154.0,2,khizanov
3376,16782227,"chen yue li","2026-09-03 01:34:30",1153.8,2,yueelc
3377,16658245,ziliangCok,"2026-08-28 16:08:13",1153.7,2,ziliangcok
3378,16847725,SOLUCIENCE,"2026-09-10 08:06:08",1153.7,2,solucience
3379,16763813,Sydney,"2026-09-10 21:54:55",1153.7,2,n3yan7
3380,16805870,"Ngo Trung","2026-09-12 17:12:53",1152.5,2,trungngotdt
3381,16758634,Ernnnn4u,"2026-08-24 17:00:46",1151.5,2,ernnnn4u
3382,16767625,"Saurabh Yadav","2026-08-24 17:56:22",1151.3,1,saurabhyadav1305
3383,16707193,"radji kraim","2026-08-26 11:53:17",1151.3,2,radjikraim
3384,16738657,Mactorr,"2026-09-02 22:44:15",1151.1,2,mactorr
3385,16727529,윤영일,"2026-09-10 14:44:20",1150.8,2,iongil
3386,16761019,"yiwen hou","2026-08-25 14:48:43",1150.2,2,hevenhina
3387,16737843,"Muhammad Shoaib Memon","2026-08-23 19:52:52",1150.1,2,muhammadshoaibmemon
3388,16732851,chenry2003,"2026-08-24 02:27:53",1148.9,2,chenry2003
3389,16832186,"Noah Öksüz","2026-09-15 13:38:56",1148.8,2,noahksz
3390,16692038,CodeHacker,"2026-09-15 14:53:16",1148.6,2,junhanzangai
3391,16845965,Oldplaykid,"2026-09-18 02:51:50",1148.6,2,"tonf3195,zerethon"
3392,16736138,Anand,"2026-08-21 06:00:12",1148.3,2,gazzal
3393,16753831,zhangjiaweii,"2026-09-04 07:26:21",1147.7,2,zhangjiaweii
3394,16793229,"Waseem Mushtaq","2026-08-30 13:38:14",1147.6,1,waseemmushtaq045
3395,16726011,"Dawid Fleischer","2026-08-25 18:37:25",1147.5,2,dawidfleischer
3396,16664477,"The T-MAN","2026-08-26 18:51:40",1146.9,2,otmaneelmahda
3397,16876214,Yunfei_Z,"2026-09-17 16:32:21",1146.7,1,zhaoyunfei
3398,16670659,saumyagupta12,"2026-09-07 11:24:23",1146.0,2,saumyagupta12
3399,16766320,vp_mass,"2026-08-25 20:19:08",1146.0,2,vpmass
3400,16771994,"Jaden Tang","2026-09-15 09:28:23",1145.9,2,"aayanshah,jadentang17"
3401,16758152,MiguelLFCG,"2026-08-30 11:20:49",1145.8,2,miguellfcg
3402,16666054,Ani,"2026-09-04 21:33:20",1145.5,2,anirudhk333
3403,16737057,Wiz,"2026-08-24 03:15:13",1145.3,2,williamzhou001
3404,16675161,iVl44d,"2026-09-18 10:54:18",1145.0,2,ivl44d
3405,16661772,R3ddrag0n,"2026-09-02 19:43:09",1144.3,2,r3ddrag0n
3406,16745312,"Alexie Huynh","2026-08-22 08:27:27",1144.0,1,alexiehuynh
3407,16840001,agheieff,"2026-09-05 13:16:29",1143.7,1,agheieff
3408,16726281,rperez04,"2026-08-22 23:15:13",1143.0,2,rperez04
3409,16709246,"Tariku Mehdi","2026-09-03 00:25:56",1142.7,2,tarikumehdi
3410,16898651,Kitsune0o,"2026-09-18 08:31:40",1142.7,2,theodaimones888
3411,16685342,"Kanth Da","2026-09-09 14:24:45",1142.6,2,"kanthda,riteeshreddybysani"
3412,16757566,"Ankit Kumar","2026-08-23 12:03:53",1142.3,2,imankit57
3413,16654091,webmaking,"2026-08-19 05:28:56",1142.2,2,webmaking
3414,16693193,"Efrain Garay","2026-09-04 20:55:13",1141.5,2,efraingaray7
3415,16732446,"Nuri DUDAK","2026-08-29 09:00:59",1141.5,2,nuridudak
3416,16861578,Markura,"2026-09-14 11:07:06",1141.4,2,markura
3417,16723991,"James Holland","2026-08-17 01:40:17",1140.9,2,jkhollandjr
3418,16769795,"Edi Marian","2026-08-25 11:01:09",1140.7,2,edimarian
3419,16675704,reeemii,"2026-08-26 08:51:15",1140.5,2,reeemii
3420,16794205,"kiwi apple","2026-09-01 18:56:25",1140.5,2,kiwiapple
3421,16666578,STRAF,"2026-08-23 23:07:25",1140.4,2,nikosstraf
3422,16688907,青烟,"2026-08-24 12:39:28",1140.4,2,"imagine4391,mortal4416"
3423,16782196,"jingyang tu","2026-09-01 01:49:08",1139.5,2,jingyangtu
3424,16662041,"Sarah Ng","2026-09-18 09:45:46",1139.3,2,thunguyen1510
3425,16727784,Baen,"2026-08-24 06:44:33",1139.3,2,cairh22
3426,16765313,Hosuke,"2026-09-01 04:19:31",1139.3,1,hosuke
3427,16730706,flaty,"2026-09-06 07:05:52",1139.3,2,flat831
3428,16739898,"solo levelling","2026-08-18 21:08:16",1138.3,2,munibmemon
3429,16729640,"Наталья Скляр","2026-08-21 18:11:07",1138.1,2,natsklyar
3430,16759705,2nod,"2026-08-23 03:42:04",1137.9,2,tsunoten
3431,16718033,TheMightiestMan,"2026-09-18 10:40:58",1137.9,2,themightiestman
3432,16755071,"Varun Rao","2026-08-26 18:46:59",1137.7,2,varunraosfanlkan
3433,16735232,"Johnson Chishimba","2026-09-03 04:13:50",1137.2,2,johnsonchishimba
3434,16764545,ArX,"2026-08-24 09:44:45",1136.5,2,arx1993
3435,16763444,"crazy achiever","2026-08-28 18:51:13",1136.2,2,crazyachiever
3436,16872073,"Positive Quark","2026-09-17 22:33:42",1136.0,2,quarkliu
3437,16664566,"Lormann ","2026-08-23 06:24:29",1135.8,2,lormann
3438,16658983,"Titi Huang","2026-09-13 08:28:29",1135.6,2,titihuang
3439,16875537,HeIIo.Darkness,"2026-09-13 23:22:12",1135.5,2,heiiodarkness
3440,16677592,keniii,"2026-08-25 00:29:31",1135.4,2,kartheeswaran28
3441,16779780,SiVitr2fDrXS.2N,"2026-08-30 15:06:17",1135.4,2,sivitr2fdrxs2n
3442,16662819,THeLAB,"2026-08-17 18:55:16",1133.9,2,feuorme
3443,16743904,minamoto,"2026-08-25 16:53:16",1133.6,2,usermina
3444,16675486,"SALAH ELDIN ELNABARAWY","2026-08-18 21:17:22",1133.5,2,salaheldinelnabarawy
3445,16870771,wangxt1,"2026-09-11 06:19:14",1133.4,2,wangxt1
3446,16692272,Ddere008,"2026-08-21 18:43:56",1133.3,2,ddere008
3447,16863329,"Alvaro Mendizabal","2026-09-17 20:17:22",1132.5,2,alvaromendizabal
3448,16664573,AdhithyaRokhith,"2026-08-22 20:34:38",1132.3,2,adhithyarokhith
3449,16743216,xerkey,"2026-09-08 13:52:41",1131.9,2,xerkey
3450,16654662,"2/3 rounded to two decimals","2026-08-22 00:36:50",1131.1,2,rnold2
3451,16661362,BEETRiX🦋,"2026-08-11 14:42:28",1130.8,2,johannaleighdeley
3452,16730320,Rosebuddychomp,"2026-09-12 07:54:11",1130.6,2,rishabhshetye
3453,16841296,Flesymevoli,"2026-09-06 08:49:58",1130.5,2,flesymevoli
3454,16654021,"Swachhith B","2026-08-24 08:40:04",1130.5,2,swachhithb
3455,16708965,"Witold Dziurdz","2026-08-23 16:33:47",1130.2,2,witolddziurdz
3456,16732792,amaotone,"2026-08-20 14:27:36",1130.2,2,amaotone
3457,16784133,"HASNAIN HAIDER","2026-09-01 17:02:27",1130.2,2,techzero
3458,16664232,"Eddy Despradel","2026-09-01 23:58:35",1129.5,2,eddydespradel
3459,16732654,Goated_Farmers,"2026-08-23 17:09:50",1129.2,2,"mugundhjb,srinathduvvuri"
3460,16908829,Trafun,"2026-09-18 03:41:57",1129.0,2,alfredoachondo
3461,16711608,"Thomas Greissler","2026-08-24 00:01:46",1128.8,2,thomasg22202020
3462,16828844,"SHOUHEI IKEDA","2026-09-06 23:29:56",1128.8,2,shouheiikeda
3463,16690308,"Fatima Sarhan","2026-09-15 16:52:37",1128.6,2,fatimasarhan
3464,16886319,novacryptic,"2026-09-13 12:37:51",1128.3,2,novacryptic
3465,16845582,"Julio Cesar Filho","2026-09-08 06:10:03",1128.2,2,juliocesarfilho
3466,16746112,"Jonathan Martschinke","2026-08-24 08:52:51",1126.9,2,jonathanmartschinke
3467,16621741,"Andrey Naymushin","2026-08-24 09:46:41",1126.8,2,andrewsokolovsky
3468,16743016,"MD Zeeshan","2026-08-20 18:13:32",1126.1,2,makrovh
3469,16675610,"Srikar Medisetti","2026-08-30 12:06:25",1125.8,2,deathaunter
3470,16683193,Paami,"2026-08-24 01:21:00",1124.9,2,coldpaami
3471,16757903,"Om Singh","2026-08-27 07:05:06",1124.3,1,spoilyfrog
3472,16740399,"Lynn Pigott","2026-08-24 03:32:08",1124.3,2,lynnpigott
3473,16736250,Yizhi,"2026-08-31 06:03:48",1123.7,2,yizhitao
3474,16738745,"Anh Quân","2026-08-24 13:41:30",1123.3,2,qunanh
3475,16726994,bird,"2026-08-23 05:00:19",1122.9,2,whitebird
3476,16675905,HydFarms,"2026-08-30 11:22:11",1122.9,2,"kumaramar,ronithjaju,shiveshcgatech,vidhishah115"
3477,16729273,"Munib Ur Rehman Memon","2026-08-24 20:48:08",1122.4,2,muniburrehmanmemon
3478,16846297,"Zihan Ni","2026-09-07 08:06:53",1122.3,2,lunangai
3479,16870431,"Adam Brink","2026-09-11 11:09:17",1122.3,2,adambrink
3480,16663767,"Tommy Mancino","2026-08-31 23:03:57",1122.1,2,tommymancino
3481,16748933,Lixrixy,"2026-08-26 06:11:03",1122.1,2,lixrixy
3482,16735341,Ryui68925,"2026-08-24 16:22:30",1121.9,2,ryui68925
3483,16753618,mushichou4,"2026-08-22 10:20:51",1121.5,2,mushichou4
3484,16738721,"Luan Kunyu","2026-09-04 07:05:21",1121.3,2,luankunyu
3485,16720720,道海孤舟,"2026-08-21 06:59:41",1121.1,2,unseenanch
3486,16779275,XuetingWang,"2026-09-01 08:50:53",1121.0,2,snoopy262
3487,16690970,"Raoul Biagioni","2026-08-22 06:37:40",1120.7,2,raoulbiagioni
3488,16744127,Faiz,"2026-08-21 20:33:33",1120.6,2,souraditya26
3489,16635668,"Mirza Yasir Abdullah Baig","2026-08-21 14:13:17",1120.6,2,myab07
3490,16637329,Rucbic,"2026-08-19 17:32:21",1120.5,2,rucbic
3491,16665543,"Charan Manthena","2026-09-06 08:59:20",1120.3,2,charanmanthena
3492,16754086,Beenvvv,"2026-08-25 05:57:29",1120.3,2,beenvvv
3493,16769769,"Artur Shafiev","2026-08-29 05:29:31",1120.2,2,arturshafiev
3494,16664762,"John Marinton","2026-09-09 06:09:18",1120.2,2,marintonjohn
3495,16670297,"Gebreab K. Zewdie","2026-08-26 00:22:15",1120.0,2,gzewdie
3496,16732104,sizumita,"2026-09-12 01:21:14",1120.0,2,sizumita
3497,16712185,"Vishal Khomane","2026-09-02 15:32:38",1119.4,2,vishal567
3498,16709203,Ayush_Patel,"2026-08-25 03:34:12",1118.4,2,ayushpatel1305
3499,16685074,"Emir Can","2026-08-30 20:16:36",1118.1,2,aerospacer
3500,16752018,三浦桂基,"2026-08-30 04:00:30",1117.9,2,keikipc
3501,16655718,eveyxy,"2026-09-05 08:58:28",1117.8,2,eveyxy
3502,16667843,"durgesh dere","2026-08-21 16:10:13",1117.5,2,durgeshdere08
3503,16795086,Leroll,"2026-09-01 01:54:12",1117.4,2,leroll
3504,16778410,"uriel villegas govea","2026-08-28 00:25:47",1117.3,2,urielvillegasgovea
3505,16628664,"Anton Tikhonov","2026-08-17 16:05:18",1116.9,2,itwastony
3506,16725335,"Chris #2","2026-08-29 15:32:47",1116.6,2,kagglecompetechris
3507,16721453,"Random Mambo","2026-09-01 09:41:19",1116.6,2,beaten67
3508,16634093,gezi,"2026-09-09 08:07:03",1116.0,2,goldenlock
3509,16655195,Pirhosseinlou,"2026-08-24 18:17:43",1115.9,2,pirhosseinlou
3510,16665214,Epiphany_Thu,"2026-08-21 12:06:53",1115.8,2,epiphanythu
3511,16771277,zhaowenyi7,"2026-08-31 09:18:04",1115.7,2,zhaowenyi7
3512,16662949,"Will English","2026-08-18 17:13:22",1115.5,2,dubascudes
3513,16663240,"Rilen T. L.","2026-08-18 13:45:46",1113.7,2,"jairosilvabastos,rilentl"
3514,16656394,"Pushkar K.G","2026-08-18 09:29:08",1113.4,2,dejokz
3515,16756750,Charu,"2026-08-22 00:45:03",1113.0,2,charu13a
3516,16699772,MrAnalyst,"2026-09-05 10:43:49",1112.8,2,mranalyst
3517,16870452,SakuraSSS,"2026-09-17 20:47:12",1112.8,2,sakurasss
3518,16638177,stpete_ishii,"2026-08-30 05:35:41",1112.5,2,stpeteishii
3519,16739363,kulukkuluu,"2026-09-16 18:56:17",1112.4,2,kulukkuluu
3520,16707749,Yuzu,"2026-09-04 10:22:41",1112.2,2,yuzuoctopus
3521,16691506,Dipak_ISM,"2026-08-29 13:07:18",1112.0,2,dipakism
3522,16778417,"TANG BUDU 19SD195","2026-09-06 21:01:57",1112.0,2,tangbudu19sd195
3523,16665352,"Paul Nassiri","2026-08-22 20:15:33",1111.0,2,laszlolevray
3524,16725441,lemon1219,"2026-08-21 15:37:35",1110.7,2,lemon1219
3525,16632262,Milkomeda,"2026-08-19 13:45:02",1110.5,2,milkomeda74583
3526,16713267,"yq l68135","2026-08-21 21:35:52",1110.4,2,yql68135
3527,16666665,Team-Veraxion,"2026-08-31 08:24:24",1110.3,2,"anuragvelekat,ayushiitomar,faizmemon,hariharigandikota"
3528,16839557,Superspork,"2026-09-08 03:25:46",1109.8,1,superspork
3529,16709214,"Ariel Suntasig","2026-08-17 19:46:09",1109.5,2,arielsuntasig2001
3530,16780130,与君作田,"2026-08-29 14:01:35",1109.5,2,zhaoxi1244
3531,16738899,Grayden_Lee,"2026-08-21 11:42:07",1109.4,2,haozelii
3532,16714498,Zubekanov,"2026-08-18 01:14:49",1109.4,2,zubekanov
3533,16623368,"Evgeniy Veselkov","2026-08-18 05:26:04",1109.4,2,evgeniyveselkov
3534,16715579,Uvais,"2026-08-24 00:58:56",1109.2,2,joshuaedwinjacobv24f
3535,16696098,Valmorlee,"2026-08-23 19:40:07",1108.9,2,valmorlee
3536,16719262,sadjeen00,"2026-08-14 02:15:50",1108.8,1,sadjeen00
3537,16728914,d0gied,"2026-08-17 15:12:08",1108.8,2,d0gied
3538,16754560,Kam,"2026-08-21 14:02:39",1108.7,1,kamting
3539,16663445,"ali dzaki","2026-09-13 14:59:25",1108.6,2,alidzaki
3540,16760295,"Luke Hurt","2026-08-24 01:03:42",1108.6,2,lukehurt
3541,16722319,"༺ANIS YT༻","2026-08-19 13:08:47",1108.1,2,anisyt
3542,16738145,綿鍋だよん,"2026-09-16 16:34:12",1107.8,2,potrue
3543,16689697,Kmart0112,"2026-09-15 13:52:01",1107.5,2,kmart0112
3544,16701633,"Jacob Davis","2026-08-23 15:06:50",1107.3,2,jacobtdavis
3545,16719536,"Mandy Lin","2026-08-14 03:18:29",1107.2,2,ydnamlin
3546,16662051,"Salem Ali","2026-08-26 07:57:33",1106.2,2,salemali7
3547,16736685,kentaro_kato,"2026-09-12 13:34:11",1105.5,2,kentarokato
3548,16660268,"Sébastien Mametz (Pixs)","2026-08-14 09:08:39",1105.4,2,sbastienmametzpixs
3549,16733297,sohasoha42,"2026-08-18 17:50:51",1104.5,2,sohasoha42
3550,16736969,"york li13","2026-08-19 01:07:02",1104.3,2,yorkli13
3551,16741131,"Adarsh Balanolla","2026-08-23 19:09:08",1104.2,2,adarshreddyb
3552,16646679,tong00,"2026-08-17 12:02:11",1103.9,2,tong00
3553,16655501,Savko,"2026-08-21 00:33:21",1103.8,2,savchenko
3554,16882868,"Yash Mohan","2026-09-12 20:42:05",1103.3,1,yashm917
3555,16683865,Shin7jp,"2026-08-14 09:51:13",1103.1,2,shin7jp
3556,16639250,"Hamed Seyed-allaei","2026-08-21 19:11:09",1102.9,2,pinocchio
3557,16732685,Tanmay,"2026-08-23 18:16:07",1102.4,2,blankkz
3558,16664128,"Michael Todd Overdorf","2026-08-17 00:32:51",1102.3,2,michaeltoddoverdorf
3559,16668721,"Efe Can Celiksoy","2026-08-13 22:00:41",1102.3,2,efecnc
3560,16822583,"TA ME CHEM","2026-09-13 09:26:11",1102.0,1,tamechem
3561,16725342,little_d1d1,"2026-08-16 04:24:39",1101.9,2,littled1d1
3562,16841536,"Berkay Hasret","2026-09-07 00:29:45",1101.7,2,berkayhasret
3563,16679560,LEET,"2026-08-15 00:45:52",1101.7,2,soufianelasfar
3564,16666939,20237208_黄奕恺,"2026-08-22 12:53:27",1101.3,2,mrhuangyy
3565,16716697,"Habil Tobi","2026-08-28 20:57:52",1101.1,2,habiltobi
3566,16722120,nekoha,"2026-08-15 15:01:16",1101.1,2,nekoha
3567,16724452,Jay,"2026-08-20 00:34:34",1101.0,2,jayshimada
3568,16750457,"Adrian Ricardo da Silva","2026-08-25 11:21:43",1100.6,2,adrianricardodasilva
3569,16712943,"Cesar Marcondes","2026-09-04 13:20:02",1100.6,2,cmarcond
3570,16730688,zy,"2026-08-27 07:25:40",1100.4,2,justforwin
3571,16664120,SaiDuttaAbhishekDash,"2026-08-21 20:30:01",1100.4,2,saiduttaabhishekdash
3572,16666057,StopPlantingStartGameTheorying,"2026-09-08 07:53:27",1100.3,2,mymelodyenjoyer
3573,16665336,"maoyuan ma","2026-08-18 11:41:09",1099.9,2,maoyuanma
3574,16742048,SuperGiantLam,"2026-08-25 02:08:17",1099.9,2,zptpsz
3575,16697922,TingyuanLi277,"2026-08-21 03:39:03",1099.7,2,tingyuanli277
3576,16722112,nyori,"2026-08-18 10:35:38",1099.2,2,nyoriworks
3577,16653129,"Prashanth Reddy Biyyani","2026-08-20 13:53:37",1098.9,2,"prashanthbiyyani,shivagurrala,sumu1526"
3578,16623152,"agentic warriors","2026-08-21 08:59:44",1098.9,2,"ibadia,isabellawoo01"
3579,16730462,"Xiang Tang","2026-08-28 15:11:51",1098.8,2,flyonthewater
3580,16890232,"Yihan Guo #2","2026-09-18 02:40:07",1098.6,2,kagglebushswill
3581,16675503,"Jeff Marc E. Cadet","2026-08-30 17:56:07",1098.5,2,jeffmarcecadet
3582,16685160,Yura,"2026-08-17 07:27:50",1098.5,2,yuratrubitsyn
3583,16729691,YinuoChen271,"2026-08-17 15:42:51",1098.1,2,yinuochen271
3584,16759625,gkg223,"2026-09-03 19:17:02",1097.8,2,gkg223
3585,16724060,"Mạnh Linh Hoàng","2026-08-15 15:54:52",1097.8,2,manhlinh1501
3586,16701362,"Papa Annan","2026-08-20 21:26:39",1097.6,2,papaannan
3587,16710389,GuerillaMoon,"2026-08-19 22:33:46",1097.1,2,guerillamoon
3588,16632476,"Назар Коваль","2026-09-10 09:02:44",1096.8,2,miickey
3589,16739488,Restodecoca,"2026-08-19 16:42:34",1096.8,2,restodecoca
3590,16725403,tabetai28,"2026-08-18 14:38:57",1096.4,2,taichiabewaseda
3591,16632777,"Alexandrine Cakpo","2026-08-20 10:20:22",1096.2,2,alexandrinecakpo
3592,16815017,Humanitis,"2026-09-17 20:53:50",1096.0,2,humanitis
3593,16727191,"Alexander Kokshenin","2026-08-20 02:08:15",1095.9,2,kokshenin
3594,16716991,XristosFilip,"2026-08-18 16:43:34",1095.7,2,xristosfilip
3595,16893654,"Arhaan Aggarwal","2026-09-18 01:47:38",1095.6,2,arhaanaggarwal2
3596,16665927,"bhavya shah","2026-08-17 11:06:22",1095.4,2,bhavyashah007
3597,16692639,"Bharat Kumar0925","2026-09-04 19:52:25",1095.3,2,bharatkumar0925
3598,16724351,"Luxshan Thavarasa","2026-08-24 09:58:38",1095.1,2,luxluxshan
3599,16675807,cubreto,"2026-08-26 15:00:34",1094.9,2,cubreto
3600,16689601,"Prathmesh Adsod","2026-08-18 03:55:13",1094.8,2,prathmeshadsod
3601,16841647,patitod,"2026-09-06 01:22:09",1094.4,2,anasofaescobar
3602,16728067,"Chenzhao Li","2026-08-18 08:04:21",1094.0,2,heartquest
3603,16733576,"Ojas Aklecha","2026-08-17 18:34:02",1093.8,2,ojasaklecha
3604,16655877,"Harish K","2026-08-25 19:09:49",1093.6,2,harishk2209
3605,16632164,"Tim Shini","2026-08-30 18:04:29",1093.6,2,timshini
3606,16727842,"Iadh Jarray","2026-08-17 13:45:11",1093.5,2,iadhjarray
3607,16715244,uri_kkyhr,"2026-08-15 04:53:37",1093.1,2,urikkyhr
3608,16721070,LiuChen1350,"2026-08-26 05:30:30",1092.4,2,liuchen1350
3609,16712535,"Benjamin Beaujard","2026-08-18 11:03:03",1091.8,2,benjaminbeaujard
3610,16724584,"Jinx JK","2026-08-18 09:08:26",1091.7,2,jinxjk
3611,16630839,steubk,"2026-08-21 21:55:39",1091.7,2,steubk
3612,16723941,teraSurfer40141,"2026-08-16 01:16:49",1091.4,2,r00tt00r
3613,16710128,"KeHao Liu","2026-08-14 01:52:29",1091.0,2,kehaoliu
3614,16721079,"six seven swag","2026-08-23 09:08:28",1090.8,2,polinababiichuk
3615,16729054,"Shantanu Kesarkar","2026-08-27 05:50:23",1090.6,2,shantanukesarkar
3616,16634172,"Mario Cicala","2026-09-05 03:06:37",1090.4,2,mariocicala
3617,16661352,"Porch Goose","2026-08-21 02:52:24",1090.4,2,jaclyndeem
3618,16653379,"Asakawa Ruriko","2026-08-30 00:31:08",1089.9,2,asakawaruriko
3619,16726071,"PDF ULTRA","2026-08-20 19:36:33",1089.9,2,"alengevorgyan,gab0yan"
3620,16736435,Dieter,"2026-09-18 10:39:46",1089.8,2,"arc144,christofhenkel,crodoc"
3621,16765953,"Muhammad Ahmed","2026-08-26 13:46:48",1089.7,2,muhammad4hmed
3622,16661754,edwinis,"2026-09-18 10:41:06",1089.5,2,edwinis
3623,16719414,SahilKumarTolani,"2026-09-10 16:16:07",1089.5,2,sahilkumartolani
3624,16673234,MACvengers,"2026-08-19 16:34:04",1089.4,2,"astrojaswanthkumar,ikpikp"
3625,16709529,alhlbx5,"2026-09-03 22:48:54",1089.3,2,alhlbx5
3626,16743124,"Leo's Demiurge","2026-09-08 15:06:04",1089.3,2,jelurge
3627,16651672,"Xiaolei Lian","2026-08-19 03:18:04",1089.1,2,xiaoleilian
3628,16659123,sd,"2026-08-18 17:46:56",1088.7,2,siddharthadevkota
3629,16698930,MrKiwi,"2026-08-19 09:34:31",1088.7,2,mrkiwi
3630,16720088,"Oiti Roy","2026-08-14 06:26:04",1088.6,1,oitiroy
3631,16625856,takai380,"2026-09-01 02:34:05",1088.5,2,takai380
3632,16735582,"Tumaini Makena","2026-08-18 06:01:09",1088.3,1,tumainimakena
3633,16651833,"Hồ Khánh Duy","2026-08-14 17:52:23",1088.2,2,hkhnhduy
3634,16660233,ko9ma,"2026-09-08 08:42:33",1088.0,2,kohojung
3635,16715506,"Moo Point","2026-08-17 21:44:26",1087.9,2,"gnarlycow,tianmeiwang"
3636,16720841,liuhc1017,"2026-09-14 12:24:08",1087.7,2,liuhc1017
3637,16621163,john,"2026-08-16 14:06:25",1087.5,2,jaejohn
3638,16668700,"Pranshu Ghori","2026-08-17 22:02:35",1087.3,2,pranshughori
3639,16731432,sieradni,"2026-09-01 06:12:00",1087.3,2,sieradni
3640,16701868,AJ,"2026-09-09 20:53:34",1087.2,2,abduljabbarcalica
3641,16709295,"Isaac Owomugisha","2026-08-20 16:22:52",1086.8,2,cmplxxyttmt
3642,16694091,"Nan Leng","2026-08-23 07:41:41",1086.6,2,nleng66ca
3643,16659614,"Heikki Leskelä","2026-08-22 16:35:42",1086.5,2,heikkileskela
3644,16738278,yansf677,"2026-09-01 12:24:29",1086.3,2,yansf677
3645,16680065,Vishodhan,"2026-08-14 23:46:15",1086.1,2,vishodhan
3646,16790548,"Francesco Del Sesto","2026-08-31 10:47:27",1085.6,2,francescodelsesto
3647,16774237,"Dennis SH Lai","2026-08-30 17:21:31",1085.4,2,dshihlai
3648,16734492,Orynx,"2026-08-19 08:01:33",1085.3,2,"inderj1,jayveersingh6"
3649,16678346,"Farhan Abid","2026-08-16 08:41:15",1085.1,2,farhanabidtech786
3650,16724353,PrathamGupta,"2026-08-17 02:04:38",1084.9,2,prathamguptaaaaaaa
3651,16698884,VVVoyager,"2026-08-14 03:55:10",1084.4,2,"haoxuanshan,hengnui"
3652,16678872,ibrahim,"2026-08-17 19:30:32",1083.8,2,skyfish77
3653,16694710,ponsuk,"2026-08-17 19:01:09",1083.8,2,ponsuk
3654,16683813,WangQrkkk,"2026-08-17 06:54:07",1083.0,2,wangqrkkk
3655,16672003,carlscamt,"2026-08-14 17:19:42",1082.5,2,carlscamt
3656,16667324,"Muhammed selim Bilic","2026-08-26 17:02:17",1082.3,2,muhammedselimbilic
3657,16654548,DataSluts,"2026-08-28 07:00:12",1082.1,2,"rahulmedida,siddarthnayak50,sivasu07"
3658,16663590,"Jakub Dolének","2026-08-13 13:08:32",1081.7,2,dolenek
3659,16656931,pns,"2026-08-15 09:45:46",1081.6,2,"nikhilkasyap07,premsivasai,saranboddu"
3660,16770884,VegetabledogNeo,"2026-08-31 01:23:25",1081.4,2,vegetabledogneo
3661,16658931,"somewhere after","2026-08-19 08:16:29",1081.3,2,amaterasuuuuu
3662,16721383,"Emon xu","2026-08-21 16:14:05",1080.7,2,emon0xuyym
3663,16682471,Soumya2003,"2026-09-17 09:22:26",1080.7,2,soumya2003uyvv755
3664,16656584,Spintronic,"2026-08-19 15:24:17",1080.5,2,spintronic
3665,16728901,dqvide,"2026-08-17 19:53:39",1078.9,2,dqvide
3666,16633222,maxingkong733,"2026-08-18 23:32:58",1078.5,2,maxingkong733
3667,16725346,sokoranohimazin,"2026-08-18 19:39:07",1078.3,2,sokoranohimazin
3668,16697458,"Lissandra Kruse Fuganti","2026-09-01 15:19:00",1078.2,2,lissandrakruse
3669,16744355,"Sameera T","2026-08-22 10:13:47",1077.8,2,sameeramaq
3670,16765215,"arlenjim ","2026-08-24 19:32:48",1077.4,2,arlenjim
3671,16737561,"Raj Aryan Singh","2026-08-18 11:50:54",1077.1,2,kratos14raj
3672,16696607,"Manish modak","2026-08-16 07:37:54",1076.8,2,manishmodak
3673,16764422,"ong bee","2026-09-09 02:25:57",1076.6,2,ongbee
3674,16718572,MLarpers,"2026-08-22 14:06:48",1076.4,2,"koteikachannel,mrhornetik"
3675,16735075,"Ronchen Luo","2026-08-18 04:29:47",1076.4,2,ronchenluo
3676,16690612,"Mina Gayid","2026-08-16 12:59:16",1076.3,2,minagayid
3677,16670791,Hugelidus,"2026-08-25 03:43:18",1076.2,2,hugelidus
3678,16705907,Adrià,"2026-09-11 10:14:39",1075.8,2,adriamb3
3679,16732381,Raphdraft,"2026-09-03 01:11:34",1075.7,2,raphdraft
3680,16633096,anvai_agents,"2026-08-20 05:50:45",1075.6,2,"anandgaikwad7781,vaidehidhamnikar"
3681,16643125,"CARLOS CAADA ROSTRO","2026-08-21 19:23:34",1075.6,2,carloscaadarostro
3682,16658150,Gravity-x73d,"2026-08-17 09:16:29",1074.6,2,gravityx73d
3683,16698576,monnu,"2026-08-19 05:55:01",1074.6,1,fuumin621
3684,16698223,"Feng Jiahui","2026-08-18 08:35:04",1074.4,2,junipersky
3685,16661784,"XU XUXIANG","2026-08-27 12:57:06",1074.0,2,"mikeaaaa14,xuxuxiang"
3686,16656399,CROW,"2026-08-14 04:59:30",1073.6,2,"aaayangxh,hanifnoerrofiq"
3687,16675873,"Zhu Liang","2026-09-18 03:26:47",1073.5,2,paradite
3688,16695615,Celinao,"2026-08-14 08:02:47",1073.4,2,celinao
3689,16691946,"Hassan Algizani","2026-08-13 20:20:09",1073.3,2,hassanalgizani
3690,16623470,rurumi,"2026-09-02 05:21:15",1072.9,2,rurururumi
3691,16709339,"Mohammad Javad Dianat","2026-09-08 12:14:33",1072.6,2,dianatofficial
3692,16678172,"Eishkaran Singh","2026-08-19 19:12:02",1072.4,2,eishkaran
3693,16634166,Yuki.O,"2026-08-19 01:38:42",1072.4,2,yukiohkawa
3694,16644877,lu_fish,"2026-08-16 14:13:53",1072.3,2,thefish114514
3695,16729372,"Gaspard Plt","2026-08-17 21:58:55",1072.3,2,gaspardplt
3696,16623445,"Hasin Raihan Dhrubo","2026-08-16 09:28:12",1072.1,1,hasinraihandhrubo
3697,16715319,ocha_heaven,"2026-08-19 13:10:14",1071.9,2,ochaheaven
3698,16748246,"Eric S","2026-08-26 12:50:54",1071.5,2,ericsangberg
3699,16671424,cicen1139,"2026-08-22 09:37:51",1071.4,2,cicen1139
3700,16674684,next-best-agent,"2026-08-17 15:28:53",1071.1,2,"minhduy13ly,tdtu981"
3701,16621355,Raiden.B,"2026-09-15 17:53:51",1071.1,2,raidenb
3702,16634238,SoWwe,"2026-08-29 18:17:46",1070.6,2,sowwe4
3703,16672530,GUGUGAGA,"2026-08-14 04:33:54",1070.6,2,"ruiyangzhang23,taoguo079"
3704,16638375,"Tran H Hoang","2026-08-14 17:01:27",1070.2,2,tranhhoang
3705,16724262,"Obu obu","2026-08-15 10:48:05",1069.7,2,obuobu
3706,16708185,XiaoYan12,"2026-09-13 17:57:28",1069.6,2,xiaoyan12
3707,16759813,tyf_scu,"2026-08-23 17:11:18",1069.1,2,tyfscu
3708,16694138,Alex,"2026-09-01 18:56:13",1069.0,2,alex789
3709,16693934,evnchn,"2026-08-23 15:41:50",1068.8,2,evnchn
3710,16756557,"Marius Heuser","2026-08-24 21:41:31",1068.7,2,mariusheuser
3711,16743790,"yuji y","2026-08-28 10:53:06",1068.6,2,yujiyyy
3712,16670118,"Álvaro Benítez","2026-08-29 15:46:04",1068.3,2,lvarobentezlvarez
3713,16639732,"Junbeom Lee23","2026-08-15 02:45:23",1068.3,2,junbeomlee23
3714,16726660,"Prime Leo","2026-08-23 14:21:53",1068.1,2,primeleo
3715,16622242,"Robert Koval","2026-08-15 07:02:17",1067.9,2,robertkoval
3716,16635317,"KAKA Minishijie","2026-08-26 04:36:55",1067.8,2,kakaminishijie
3717,16727090,"Deep Blue Pasture","2026-08-17 02:28:34",1067.6,2,shamanah
3718,16781170,"Ulugbek Salohiddinov","2026-08-28 02:38:15",1067.2,2,ulugbeksalohiddinov
3719,16661509,JSON_Voorhees,"2026-09-03 00:14:35",1066.9,2,michaelgreenhut
3720,16708624,"Aboubacar HEMA","2026-08-19 14:24:02",1066.7,2,"aboubacarhema,marcmare,wilfredkouadjo"
3721,16677945,"Quân Trần","2026-08-25 06:43:39",1066.2,2,wuntrn
3722,16881350,xwl_tree,"2026-09-18 10:40:29",1066.2,2,xwltree
3723,16682557,"Soumalya Mandal","2026-08-14 14:57:29",1066.1,2,mrcyberhunter
3724,16655368,"Mohammed Maqsood L","2026-08-19 10:40:17",1065.9,2,mohammedmaqsoodl
3725,16722330,"Jean-Louis Roy","2026-08-31 07:44:08",1065.5,2,jeanjean111
3726,16759652,Fnoa,"2026-08-23 12:26:39",1065.4,2,trasibulo
3727,16670569,Ezzzzzekki,"2026-09-17 22:02:42",1065.1,2,abdullahelzeki
3728,16771780,Trichoderma,"2026-09-06 04:58:38",1064.8,2,brunoescalhao
3729,16687068,digiliwigili,"2026-08-22 12:49:07",1064.3,2,kukchyievervin
3730,16716698,gisgisgis,"2026-08-15 05:35:47",1064.2,2,gisgisgis
3731,16710141,htatsumi,"2026-08-15 01:07:11",1064.0,1,tatsumihasebe
3732,16625241,"Mutoy Choi","2026-09-01 07:42:20",1063.9,2,mutoy1
3733,16660601,"Rabbiya affan","2026-09-17 09:55:48",1062.9,2,rabbiyaaffan
3734,16715628,Dian,"2026-08-17 01:57:33",1062.4,2,clas233
3735,16721947,groots,"2026-08-16 06:32:40",1062.2,2,muhammadismail433
3736,16659763,clarkzhang1031,"2026-08-13 12:27:10",1062.0,2,"clarkzhang1031,huafeihuang"
3737,16727019,uitsnf,"2026-08-23 15:45:22",1062.0,2,uitsnf
3738,16651402,"Mille Initiate","2026-08-31 04:04:11",1061.7,2,milleinitiate
3739,16691976,"Harini Panigrahi","2026-08-14 16:57:32",1061.2,1,harinipanigrahi
3740,16663818,"Mike Mordetsky","2026-08-18 11:49:58",1061.1,2,mikemordetsky
3741,16802892,YUYA,"2026-09-06 08:34:05",1061.0,2,yuyaizumikawa
3742,16705499,byncpy,"2026-08-17 17:18:47",1060.8,1,jinliangbi
3743,16667734,SuroRitch,"2026-08-15 16:23:52",1060.5,2,suroritch
3744,16651623,"Sarvesh Talele","2026-08-28 05:18:58",1059.9,2,sarveshtalele
3745,16841344,"Abdoul Ahad Diop","2026-09-10 20:22:54",1059.1,2,abdoulahaddiop
3746,16664164,"Elzandi Irfan Zikra","2026-08-15 15:53:21",1058.9,2,"dyahayuretnoningsih2,zangetsufuin"
3747,16667787,"Daryl Brach","2026-08-17 09:41:51",1058.8,2,dbrach
3748,16644145,"Mehdi Azouz","2026-09-07 11:22:07",1058.8,2,mehdiazouz
3749,16748421,lulzx,"2026-08-20 17:52:11",1058.7,2,lulzxy
3750,16631595,CuteClaw,"2026-08-14 01:25:52",1058.5,2,bloodmoonwq
3751,16713155,AdarshAleti,"2026-08-18 05:39:57",1058.0,2,adarsh1077
3752,16707598,Kamazarashi,"2026-08-18 05:40:15",1057.7,2,kamazarashi
3753,16623370,kenmatsu4,"2026-08-14 09:03:08",1057.6,2,kenmatsu4
3754,16722303,JohannPongratz,"2026-09-10 08:07:38",1057.4,2,johannpongratz
3755,16724947,teacherli0,"2026-08-16 03:09:09",1057.3,2,teacherli0
3756,16636094,Hax2456,"2026-08-15 10:05:01",1056.5,2,hax2456
3757,16708226,asi1024,"2026-08-16 13:14:53",1056.5,2,asi1024
3758,16722986,"Abhiram 9803","2026-08-15 18:43:09",1056.5,2,abhiram9803
3759,16701897,"Alejandro Lavandeira Casais","2026-08-14 12:56:12",1056.4,2,alejandrolavandeira
3760,16680967,Tyooughtul,"2026-08-16 00:58:06",1056.2,2,yooughtul
3761,16657803,"Arya Mazloomi","2026-08-14 00:17:11",1054.9,2,aryamazloomi
3762,16860813,hirayuki,"2026-09-18 09:03:01",1054.9,2,hirayukis
3763,16744043,Take,"2026-08-23 14:17:27",1054.5,2,takeuchidaisuke2001
3764,16675088,"Andrei Chulkov","2026-08-15 19:43:12",1054.4,2,andreichulkov
3765,16662940,"The Coder Geek Squad Leader","2026-08-17 09:23:58",1053.6,2,soulemaneisissifou
3766,16653890,YUKRUB,"2026-09-11 08:55:14",1053.4,2,yukrub
3767,16622367,mg,"2026-08-23 17:49:21",1053.3,2,"egorkashpar,sashaboriskin,smooky"
3768,16771677,"hedy huangyuheng","2026-08-27 02:13:28",1052.7,2,hedyhuangyuheng
3769,16674683,"Ali Esam","2026-09-11 17:00:03",1052.7,2,zyxsu0
3770,16692851,ichnixhelle,"2026-08-12 22:20:24",1052.5,2,ichnixhelle
3771,16724109,"small fry in the underworld","2026-09-11 05:51:16",1052.1,2,wwwwhitley
3772,16807038,mitsuki,"2026-09-12 01:22:28",1052.0,2,mk00000
3773,16698214,Juandix,"2026-08-18 03:35:51",1051.7,2,juandix
3774,16770785,Brahim,"2026-09-08 09:20:24",1051.7,2,brahimdriss
3775,16729421,Oblivix,"2026-09-02 04:16:25",1051.6,2,"aradhyatiwariii,oblivix"
3776,16665596,chunhu666,"2026-08-30 07:05:40",1051.6,2,chunhu666
3777,16671694,evananann,"2026-08-19 07:46:36",1051.5,2,evananann
3778,16703300,"Fahd EL ANSARI","2026-08-15 23:47:17",1051.0,2,fahdelansari
3779,16672199,Vachan,"2026-08-20 07:33:48",1051.0,2,vachanpadival
3780,16715024,"Ömer Özbek","2026-08-22 13:50:34",1050.0,2,omerozb
3781,16739298,"ricardo assaad","2026-08-18 19:03:22",1049.8,2,ricardoassaad
3782,16713178,Funno,"2026-08-19 17:32:54",1049.5,2,yes711
3783,16665125,"David Schindler15","2026-08-14 04:58:39",1049.3,2,"davidschindler15,mz3207"
3784,16699745,"Norbert Szolnoki","2026-08-18 11:39:55",1049.2,2,norbertszolnoki
3785,16664860,ANUJPUROHIT18,"2026-09-01 05:03:07",1049.2,2,anujpurohit05
3786,16719002,Astraeus,"2026-09-14 15:53:57",1048.3,2,astraeusdotdev
3787,16702547,Dean0016,"2026-08-13 17:56:10",1048.3,2,dean0016
3788,16695093,"Ryota Murai","2026-08-27 15:28:04",1047.6,2,rmuraix
3789,16750344,Vaasu0501,"2026-08-28 16:49:39",1047.6,2,vaasu0501
3790,16719100,"Abhiraj Singh","2026-08-14 12:02:33",1047.3,2,cyberdrago
3791,16717792,han10086,"2026-08-13 15:05:21",1047.0,2,han10086
3792,16697936,"Sami Cakiral","2026-08-15 19:43:40",1046.9,2,samicakiral
3793,16726064,"sana slama","2026-08-15 17:01:13",1046.8,1,sanaslamamm
3794,16654381,"Dmitry Belan","2026-08-30 17:16:29",1045.7,2,dimong4
3795,16719006,bouiboui,"2026-08-20 18:55:02",1045.5,2,bouiboui
3796,16668069,jackhsia,"2026-08-23 15:56:13",1045.5,2,jackhsia
3797,16713127,Felis,"2026-08-25 20:07:16",1045.1,2,ilyaafanasenko
3798,16728723,"Ronith Rashmikara","2026-08-18 03:28:52",1044.9,2,ronithrr
3799,16638823,YDDDDDD999,"2026-09-06 18:22:40",1044.8,2,ydddddd999
3800,16727379,"Nicholas Chua","2026-08-20 16:28:44",1044.6,2,nickckb
3801,16651088,ych~sun,"2026-09-11 13:06:05",1044.4,2,ychsun
3802,16745294,"Ahmed Ehab Fathi","2026-09-05 01:27:13",1044.1,2,ahmedehabfathi
3803,16664759,OrGanAIc,"2026-08-14 22:58:18",1044.0,2,arghyaranjandas
3804,16705176,"Ruslan Raupov","2026-08-20 09:10:24",1044.0,2,ruslanraupoff
3805,16712459,松原琉喜,"2026-08-14 14:54:47",1043.7,2,ryuki12kyo
3806,16658081,ando,"2026-08-20 01:52:23",1042.0,2,andoshunsuke
3807,16621219,"Inna Campo","2026-08-15 09:08:23",1041.9,2,innacampo
3808,16750477,"Tapabrata Biswas","2026-08-25 13:11:13",1041.7,2,"dumbakaash,ishanhira"
3809,16691524,"Martim Nascimento","2026-09-05 15:54:47",1041.6,2,martimnascimento
3810,16634143,"manual player","2026-08-14 00:41:13",1041.6,2,prospal
3811,16691830,"Nikita Lugovoy","2026-08-15 03:39:17",1040.8,2,nikital7
3812,16785505,"Rishiraj Acharya","2026-09-08 04:26:42",1040.4,2,rishirajacharya
3813,16687596,AjPrem,"2026-09-14 02:49:09",1040.3,2,"ajprem,jefferysingh,neelcasula"
3814,16649313,"Jiajun HAN","2026-08-14 07:13:57",1039.6,2,jiajun1
3815,16696631,"saya akan lawan!","2026-08-21 18:42:23",1039.6,2,nurhadibudhy
3816,16659715,masb,"2026-09-17 07:40:20",1039.5,2,affansaied
3817,16680931,"Rattan Singh","2026-08-16 04:23:37",1038.4,2,rattans
3818,16726232,"sayed rafi","2026-08-18 21:13:00",1038.4,2,sayedrafi
3819,16691987,0xalgos,"2026-08-17 09:35:28",1038.0,2,anandvashishtha5362
3820,16656519,"Chris Laska","2026-08-25 19:45:39",1038.0,2,chrislaska
3821,16695691,neural-canvas,"2026-08-12 20:46:37",1037.0,2,mrsanap
3822,16697689,"Pavel Pakhmutov","2026-08-12 23:11:23",1036.8,2,pavelpakhmutov
3823,16685850,K,"2026-08-14 06:37:41",1036.3,2,kolci017
3824,16840694,"cory cozy","2026-09-06 11:48:38",1036.3,2,corycozy
3825,16624896,"Akmal Azzam o'g'li","2026-08-18 06:03:51",1036.1,1,akmalmir
3826,16749618,Fon1as,"2026-08-21 09:36:42",1035.5,2,fon1as
3827,16672653,Cultuurstelsel,"2026-08-13 16:59:47",1034.8,2,ryuorlandotamin
3828,16634691,bot-farmer,"2026-08-19 06:16:19",1033.9,2,shauryam25
3829,16756415,"Mihai Balan","2026-08-31 06:39:25",1033.8,2,mihaibalan
3830,16692548,"Rockstar Farmer","2026-08-19 05:15:37",1033.3,2,yuhaili
3831,16690113,m0chi1216,"2026-08-16 15:07:24",1033.0,2,m0chi1216
3832,16728272,"Daris Dzakwan Hoesien","2026-08-16 10:48:22",1032.9,1,darisdzakwanhoesien2
3833,16628295,qwertykeypadapple,"2026-08-13 19:05:04",1032.8,2,qwertykeypadapple
3834,16655179,"I Need an Internship","2026-08-15 02:39:23",1032.5,2,dimasibnumuthi
3835,16749347,Shibungi,"2026-09-01 06:52:21",1032.5,2,shibungi
3836,16623226,"Hafida Belayd","2026-09-05 17:12:33",1032.4,2,hafidabelayd
3837,16766905,Antigone_duckduck,"2026-08-24 16:38:37",1032.3,2,antigonexzh
3838,16640368,"Nkosi Ndwandwe","2026-09-06 05:03:26",1032.3,2,nkosindwandwe
3839,16763706,断罪の孤高の神・大宇宙草莓覇皇,"2026-09-18 04:53:27",1031.8,2,qilejiang76
3840,16770648,"Yoshitaka Nozaki","2026-08-26 00:38:06",1031.6,1,yoshitakanozaki
3841,16719238,"Rômulo Siqueira","2026-08-20 00:15:16",1031.1,2,romulosiqueira
3842,16830837,"Damilare Olayemi","2026-09-08 08:35:23",1030.8,2,damilareolayemi
3843,16710421,SZ_00_zyz,"2026-08-20 02:54:53",1030.5,2,sz00zyz
3844,16732428,"Darren Amadeus Martin","2026-08-19 00:48:02",1030.1,2,darrenamadeusmartin
3845,16722902,"Grigorii IU","2026-08-22 01:54:09",1029.8,2,grigorii220
3846,16710094,winwinwin,"2026-09-03 13:22:51",1029.8,2,"ouyangruize,teecemackenieo"
3847,16750317,"ELhamdaoui AM","2026-08-30 19:29:43",1029.3,2,elhamdaouiabdelmajid
3848,16634650,UnfriendlyAI,"2026-08-24 11:44:47",1029.0,2,unfriendlyai
3849,16688368,"Lam Vo","2026-08-15 16:39:23",1029.0,2,nhatlam
3850,16691702,kss,"2026-08-13 19:30:20",1028.5,2,l0glikelihood
3851,16670755,"Amine zeDDouk","2026-08-18 09:37:41",1028.2,2,aminezeddouk
3852,16672243,"Fazil Putra","2026-08-14 01:24:17",1028.1,2,fazilputra
3853,16655335,Justus,"2026-08-19 14:18:38",1028.1,2,justus0
3854,16721259,Qsj,"2026-08-28 09:20:10",1027.7,2,qiaoshiji
3855,16729828,spunkrock,"2026-08-16 20:08:06",1027.6,1,spunkrock
3856,16724795,yangqi1234,"2026-08-23 08:26:23",1027.3,2,yangqi1234
3857,16698256,Mint,"2026-08-17 18:39:08",1027.3,2,rorandangerous
3858,16842806,"Yan Tao Tang","2026-09-07 10:41:41",1026.7,2,yantaotang
3859,16674479,"Alan Rosston","2026-08-14 08:20:49",1026.7,2,alanrosston
3860,16714902,HunterBlue,"2026-08-13 18:54:47",1026.6,2,marianacodebase
3861,16772993,"dirty farmers","2026-08-26 06:33:12",1026.6,2,jamesgui2007
3862,16781516,"Hongbin Guokaggle","2026-08-29 04:16:00",1025.8,2,hongbinguokaggle
3863,16666018,"H vv sathwik","2026-08-26 06:49:10",1025.7,2,hvvsathwik
3864,16821267,1417,"2026-09-11 13:14:32",1025.4,2,"dongyuhao,liuyihang026,yejialin"
3865,16731751,"Nikita Pudovkin","2026-08-17 09:15:54",1025.2,1,nickpudovkin
3866,16725642,"Arav Sharma","2026-08-17 03:51:14",1025.2,2,aravsharma26
3867,16718947,"Dani Ortega","2026-08-25 07:07:35",1024.7,2,daniortega99
3868,16700737,HechtJP,"2026-08-13 11:12:06",1024.5,2,hechtjp
3869,16793535,Pink,"2026-09-15 08:44:32",1024.4,2,farjanaafrinswarna
3870,16738825,RishabhSpark,"2026-08-28 05:11:27",1024.1,2,rishabhspark
3871,16666884,"Antonio Stanciu","2026-08-15 14:33:52",1023.6,2,stanciuantonio
3872,16856021,PSI,"2026-09-08 19:26:40",1023.3,1,vinayak121
3873,16786603,"Shutong Hou","2026-09-18 09:20:53",1023.1,2,praxel123
3874,16841176,"Bruce Cole","2026-09-09 00:39:28",1022.1,2,brucecole
3875,16723132,Bridgeport,"2026-08-21 20:25:32",1021.9,2,bridgeport
3876,16713771,bndang,"2026-09-18 10:51:30",1021.5,2,bndang
3877,16663584,"Deployable LLMs","2026-09-18 05:35:18",1021.4,2,"lucasveronese,planetoidleser,sinhakprat"
3878,16710587,durgasai,"2026-09-01 13:14:36",1020.9,2,dsainvg
3879,16700995,"Maram Ali","2026-08-15 09:13:15",1020.5,2,msama01
3880,16759864,exaucedossou,"2026-08-22 17:56:40",1020.4,2,exaucdossou
3881,16917382,"Anand Singh","2026-09-18 10:39:04",1018.3,2,anandsingh8687
3882,16697223,"Azizii Gill","2026-09-09 21:27:12",1018.3,2,aziziigill
3883,16763978,"Swayam Gode","2026-09-07 16:15:33",1017.9,2,swayamgode2
3884,16839110,0x3f,"2026-09-16 12:47:20",1017.6,2,zhangbowen1005
3885,16735238,DHKim0324,"2026-08-25 08:49:34",1017.1,2,dhkim0324
3886,16679443,albu,"2026-08-15 19:22:12",1017.0,2,albuslaev
3887,16729484,"Sankalp Nagineni","2026-08-16 17:35:31",1016.4,2,sankalpnagineni
3888,16689447,"Ivan Berrutto","2026-08-13 04:14:38",1016.4,2,ivanberrutto
3889,16803651,gyujinst,"2026-09-05 01:44:38",1016.4,2,gyujinst
3890,16732754,ikeuchy,"2026-08-29 04:10:41",1015.8,2,ikeuchy
3891,16636909,"wking edewd","2026-08-21 11:21:57",1015.5,1,wkingedewd
3892,16623020,Muhandro,"2026-08-20 16:29:57",1015.2,2,muhandro
3893,16663229,kakuteki,"2026-08-28 04:08:43",1014.9,2,kakuteki
3894,16765065,"Rohith T R","2026-08-26 13:28:38",1014.7,2,rohithtrgod
3895,16729874,"Shane Schisler","2026-09-15 20:11:48",1014.5,2,seschis
3896,16729488,"Bala vighnesh Reddy","2026-09-08 07:38:03",1014.0,2,balavighneshreddy
3897,16766840,"Andrey ","2026-08-24 14:27:38",1014.0,1,anti1111
3898,16725354,"Swaroop piduguralla","2026-08-19 14:23:28",1014.0,2,pnsaimanitejaswaroop
3899,16696208,"kazwzn S","2026-09-18 09:54:28",1013.3,2,kazwzns
3900,16701759,xycai,"2026-08-14 17:23:35",1013.3,2,xycaipku
3901,16773559,"Abhishek Mahto","2026-08-26 06:40:07",1013.1,1,abhishek3115
3902,16663694,"Dimitri ZABRE","2026-08-12 21:00:12",1013.0,2,dimitrizabre
3903,16726115,helloworld311,"2026-08-17 05:52:20",1012.6,2,helloworld311
3904,16725242,chinchilla,"2026-08-19 10:53:07",1012.4,2,tgwstr
3905,16639230,Rylan,"2026-08-15 13:15:45",1012.2,2,"liuruihan333,wangxiaodundun"
3906,16622939,"Kamal Das","2026-08-27 12:47:13",1012.0,2,kmldas
3907,16740320,NguyenAn27,"2026-08-20 00:46:32",1011.9,2,nguyenan27
3908,16650372,Greed,"2026-08-12 17:18:47",1011.0,2,greedshen
3909,16735102,"Zhiqi Liu","2026-08-31 02:57:12",1010.7,2,crazyqiqi
3910,16770952,"Satyajeet Kumar","2026-08-25 20:42:40",1010.2,2,m4rcuseryx
3911,16665919,"Labmem Tang","2026-08-31 03:06:37",1010.1,2,labmemtang
3912,16630315,janson,"2026-08-19 10:54:37",1009.4,2,johnjanson
3913,16764850,"cy zhang","2026-08-27 11:08:45",1009.3,2,zcy20051117
3914,16651052,lty,"2026-08-18 02:33:01",1009.2,2,linwei9
3915,16717630,Amer,"2026-08-13 21:23:41",1009.2,2,amerhu
3916,16664334,"Satishvaran Ragu","2026-08-28 03:07:19",1009.2,2,satishvaranragu
3917,16696983,"JKM Ventures","2026-08-17 22:58:03",1009.1,2,jeffreydrew
3918,16629292,"Syed Saad Hasan Emad","2026-08-17 06:14:38",1008.9,1,syedsaadhasanemad
3919,16663969,"Aarush Kute","2026-08-19 22:06:48",1008.6,2,aarushkute
3920,16701969,旧楚狂人,"2026-08-15 14:20:59",1007.9,2,jiuchukuangren
3921,16690020,shantaitichu,"2026-08-17 09:40:30",1007.9,2,shantaitichu
3922,16766982,"Sir Dona ","2026-08-25 15:54:46",1007.6,2,sirdona
3923,16632444,"Issac “Izreal” Davis","2026-08-13 20:42:03",1007.2,2,issacizrealdavis
3924,16851557,SunaoCool,"2026-09-11 04:15:13",1006.9,2,yoshikinishita
3925,16743737,"Joanna C.","2026-08-20 23:07:09",1006.7,2,joannaciesielski
3926,16675831,"Thayaparan Kumarakuru","2026-09-15 09:17:55",1006.1,2,"kavishkasubashana,mrkala,thayaparankumarakuru"
3927,16718937,62326368,"2026-09-11 22:58:43",1006.1,2,mooniim
3928,16634824,yuki16,"2026-08-27 02:55:04",1005.9,2,yuki16
3929,16704589,"Lobato MBA IA Big Data","2026-09-16 00:02:11",1005.9,2,lobatombaiabigdata
3930,16655632,"Dmitry Kozlov","2026-08-28 10:06:54",1005.9,2,dkozlov
3931,16785100,5386,"2026-09-10 11:08:04",1005.7,2,"ismktkaggle,rairai314,satosis"
3932,16775412,"moo moo","2026-09-08 15:54:28",1005.6,2,"amrof122,yassinamr11"
3933,16768647,vaultguard,"2026-09-14 21:08:32",1005.5,2,vaultguard
3934,16623791,rakumo,"2026-08-19 23:46:04",1005.3,2,sirakumo
3935,16894541,"Deepak Mahajan","2026-09-17 05:27:59",1005.3,2,xdipzz
3936,16769866,"Suzuki Riki","2026-08-25 12:11:09",1005.2,2,suzukiriki
3937,16691012,"Sanzhar Almasuly","2026-08-29 07:28:34",1005.2,2,sanzharalmasuly
3938,16655305,"Junior Sohou","2026-08-14 00:15:42",1005.0,2,juniorsohou
3939,16770282,colt,"2026-08-25 09:55:29",1004.6,1,xiaomaguo
3940,16697024,"Jiri Prudky","2026-09-06 06:00:57",1004.0,2,jiprud
3941,16632788,"Bright O.H.","2026-08-23 03:45:36",1003.9,2,brightoh
3942,16633178,"Cow Boy","2026-09-17 14:53:13",1003.3,2,shanzhong8
3943,16726512,shash,"2026-08-15 19:41:18",1003.0,1,zshashz
3944,16712888,Vux,"2026-08-20 14:32:16",1003.0,2,weiyu85
3945,16677832,"Maryam Tahir","2026-08-25 15:07:42",1002.9,2,maryamtahir09
3946,16663992,小陈同学,"2026-08-18 07:26:54",1002.9,1,czastu
3947,16755278,Kaz,"2026-09-04 15:27:28",1002.8,2,kazuyago
3948,16669897,"Tahsan Ferdous","2026-08-14 19:30:09",1002.3,2,tahsanferdous
3949,16768022,"Miles Oberting","2026-08-31 23:48:39",1002.2,2,milesoberting
3950,16625611,"Karl Smile","2026-08-28 16:42:46",1001.6,2,karlsmile
3951,16761849,viber3221,"2026-08-24 13:38:59",1001.2,2,viber3221
3952,16679688,"Sathwik Chinthakayala","2026-09-15 13:53:57",1001.1,2,sathwikchinthakayala
3953,16649108,"Steve AVOMO","2026-08-17 03:12:41",1001.0,2,aurelsteve77
3954,16740700,"Vyas Senthilkumar","2026-08-19 04:26:42",1000.7,2,vyassenthilkumar
3955,16709462,"KK #2","2026-08-14 09:06:37",1000.6,2,kk2909
3956,16663284,"Aman Prakash","2026-08-12 20:58:28",1000.4,2,amanprakash777
3957,16698439,"Pournami Prakash","2026-09-12 20:17:14",1000.2,2,pprakas
3958,16659314,Sandeep063,"2026-08-25 12:44:22",1000.2,2,sandeep063
3959,16656990,"NALLA SUMANG","2026-08-30 03:15:46",1000.1,2,sumangnalla
3960,16658803,"Rahul Jiwane","2026-08-21 06:19:57",999.8,2,rahuljiwane
3961,16655559,"Fajri Yanuar Shiddiq Juanda","2026-08-13 01:40:20",999.7,2,fajriyanuar
3962,16657610,"H Bharath","2026-08-31 18:54:57",999.4,2,hbharath
3963,16656807,Yoganjaneyulu,"2026-08-13 09:20:17",999.3,2,yoganjaneyulu
3964,16727745,auouer,"2026-08-16 08:20:31",998.9,2,"auouer,guriken,hkamna,insightfulthinking"
3965,16748717,mt,"2026-08-20 13:09:12",998.5,1,mtanakaslgfreak
3966,16710459,Nironiro,"2026-09-18 10:55:44",998.5,2,nironiro
3967,16774228,"Anggit Maulana Abdi","2026-08-28 14:37:01",998.4,2,anggitmaulanaabdi
3968,16920189,"Son Hoang","2026-09-18 10:43:07",998.3,1,sonhoang82
3969,16711910,"Artem Zapara","2026-08-18 16:48:51",998.1,2,artemzapara
3970,16633709,"kitory Yeah やきとり","2026-08-15 22:30:08",998.0,2,kitoryyeah
3971,16715187,maker2026,"2026-09-09 00:38:59",997.9,2,maker2026
3972,16740103,Adjakou,"2026-08-24 07:31:02",997.8,2,adjakou
3973,16662615,"Anurag irawit","2026-09-01 14:16:49",997.8,2,anuragirawit
3974,16751899,peggy,"2026-09-18 07:48:16",997.6,2,refrigerator21
3975,16698069,k_4821,"2026-09-08 15:11:16",997.2,2,edgarondoodevilclub
3976,16622251,"Moroz Roman","2026-08-20 06:22:05",997.0,2,crissyro
3977,16662023,"Vikas Kumar","2026-09-08 17:17:57",996.8,2,vikshit104
3978,16729227,Marjao,"2026-08-16 16:49:12",996.7,2,muniburrehman2020
3979,16635418,ocean240812,"2026-09-17 04:17:55",995.9,2,ocean240812
3980,16775386,kaggler,"2026-08-31 09:29:41",995.8,1,deepkim
3981,16751267,Guojun1,"2026-08-21 01:57:23",995.4,1,guojun1
3982,16735125,mtskggle,"2026-08-22 04:50:43",995.4,2,matsusakaggle
3983,16696561,"Ali Ramazanov","2026-09-09 06:53:42",995.0,2,aliramazanov
3984,16640552,"rupsa roy","2026-09-05 06:45:34",994.9,2,rupsarroy
3985,16624651,"Zihao Zeng","2026-09-04 12:46:45",994.4,2,zihaozeng0021
3986,16641288,nakagawaren0805,"2026-09-12 10:35:10",994.4,2,nakagawaren0805
3987,16666853,"Bisola Olasehinde","2026-08-31 13:08:21",994.2,1,bizzyvinci
3988,16765526,"Kotala Kishan Reddy","2026-08-24 08:56:22",994.2,1,kotalakishanreddy
3989,16714980,Chenaters,"2026-08-16 08:41:10",994.1,2,chenaters
3990,16803602,ihiratch,"2026-09-06 15:57:56",993.9,2,ihiratch
3991,16730903,noynkmr,"2026-08-25 05:47:01",993.4,1,noynkmr
3992,16632201,neurlog,"2026-09-17 23:01:02",993.2,2,neurlog
3993,16734450,"Ian Teigen","2026-08-18 00:04:38",993.2,2,ianteigen
3994,16710661,"Pengyi Peng1","2026-09-03 05:48:27",993.1,2,pengyipeng1
3995,16668788,ConnieCodes,"2026-08-17 13:40:25",993.0,2,conniecodes
3996,16699610,"Sneha ","2026-08-17 01:00:34",992.8,2,kharya3
3997,16743741,Arooran,"2026-08-24 13:37:47",992.4,2,arooransivakarunai
3998,16772450,"Muneeba Badar","2026-08-25 21:19:13",992.0,2,muneebabadar
3999,16661423,"Rishavendra Sharma","2026-08-31 08:38:23",991.9,2,rishavendrasharma
4000,16655688,"Ryan Shan","2026-08-13 02:43:38",991.5,2,codegold
4001,16733547,"Mark Grayson","2026-08-17 18:53:21",991.4,2,flyingsinclair
4002,16714059,Yentür,"2026-08-12 18:47:44",990.3,1,meryentr
4003,16714058,"Ahmet Erdem Pamuk","2026-08-12 18:59:18",990.0,2,ahmeterdempamuk
4004,16732462,"Aji Samudra","2026-08-24 09:05:21",989.6,2,ajisamudra
4005,16695695,"Siva Kumar","2026-09-18 04:29:49",989.5,2,sivapnlr80
4006,16738461,monnosuke,"2026-09-18 07:50:21",989.2,2,shiomi1012
4007,16778206,yuanlao153,"2026-08-28 15:00:04",988.6,2,yuanlao153
4008,16770832,"Harish Yadav","2026-08-27 06:18:09",988.4,2,harishyadav0506
4009,16756399,"old Ryne Mac had a farm","2026-08-21 19:44:11",988.2,1,rynemac
4010,16773266,newbyy,"2026-08-26 05:21:47",987.6,1,newbyy
4011,16747161,wqlun06,"2026-09-07 06:55:24",987.5,2,wqlun06
4012,16653955,"tanmay singhal","2026-08-29 12:00:53",987.1,2,anexperiencedidiot
4013,16722619,vlavlalva,"2026-09-04 21:48:26",986.8,2,cppcph
4014,16878026,yamazaking,"2026-09-12 14:00:29",986.7,2,zacky21
4015,16675780,susutem,"2026-08-21 04:03:32",985.8,2,susutem
4016,16634654,unknown,"2026-08-13 02:11:22",985.7,2,abdullahshafi2021
4017,16914676,"Luon may Man","2026-09-18 09:08:56",985.6,2,luonmayman
4018,16763383,"Alexandru Sitaru","2026-08-25 07:05:06",985.2,2,sitaru
4019,16667839,Viet-Tien,"2026-08-22 19:46:21",985.0,2,tiena2cva
4020,16671821,donglee,"2026-08-13 09:13:09",985.0,1,dongleeovo
4021,16789587,"José Luis","2026-09-08 06:49:13",984.9,2,joseluissz
4022,16748524,TongY26,"2026-08-21 08:33:16",984.8,2,tongy26
4023,16744658,Shree85,"2026-09-16 21:16:48",983.4,2,shree85
4024,16689952,"Lazarus Ogero","2026-08-11 16:44:08",982.8,2,lazarusogero
4025,16722487,Zotar,"2026-09-18 07:31:00",982.2,2,chunhinma
4026,16753985,"Narenthira Balaji","2026-08-21 10:54:17",982.1,1,narenthirabalaji
4027,16743136,unhappy,"2026-09-16 14:03:29",982.0,2,chenyahui123
4028,16683441,Eura73,"2026-08-21 08:07:47",981.7,2,eura73
4029,16748330,Okan,"2026-08-21 11:15:17",981.3,2,okanzkaya
4030,16731243,"[Deleted] dab36be1-9992-4710-95f4-39a9f7a2cd3c","2026-08-24 15:13:27",980.9,2,del=fd92954ed0c92f1a
4031,16763120,"Shivam Singh #2","2026-08-23 16:56:35",980.8,1,shivamsingh17072001
4032,16803913,"SUJIB BARMAN","2026-09-01 16:42:07",979.7,1,cardata
4033,16809122,"federico battello","2026-09-10 15:05:02",979.1,2,federicobattello
4034,16716468,"Sakhawat Hossen","2026-08-15 03:28:07",979.1,2,sakhawathossen
4035,16685626,"Livingstone Selassie","2026-08-16 00:26:50",978.1,2,"hackerx019,livingstoneselassie"
4036,16679245,"Krzysztof Gonia","2026-09-17 07:39:55",977.8,2,krzysztofgonia
4037,16709793,"Victor Hotz","2026-08-13 18:48:06",977.1,2,victorhotz
4038,16663352,"Avnish Sharma","2026-08-31 14:42:23",977.0,2,kewlaz
4039,16726870,"Svanik Kolli","2026-08-16 00:11:14",976.9,1,svanikkolli
4040,16633580,Vinymo,"2026-08-23 15:32:23",976.8,2,vinymo
4041,16688153,"Panchajanya Banerjee (Pancham)","2026-08-16 20:28:27",976.6,2,delayedkarma
4042,16624824,GoofyGenius,"2026-09-09 16:05:59",976.6,2,goofygenius
4043,16693962,"Changyuan Chen","2026-08-17 14:18:21",976.5,2,changyuanchenmit
4044,16664217,Shushantw,"2026-09-09 03:07:56",975.0,2,shushantw
4045,16657494,Trex,"2026-08-12 14:00:14",974.6,2,trexzone
4046,16734578,"Pascal Andreas","2026-08-26 17:42:14",974.1,2,pascalandreas
4047,16889392,Prit_44421,"2026-09-14 11:29:09",973.5,2,prit44421
4048,16624682,FrederikZ,"2026-09-02 10:17:51",973.0,1,zkirederf
4049,16689389,Chukunder,"2026-09-15 17:24:45",972.3,2,"farbricated,sarikajivrajika"
4050,16696887,kt-Kitayama,"2026-09-01 13:23:49",971.6,2,ktkitayama
4051,16699722,Dicere,"2026-08-13 08:00:17",971.3,2,thedark735
4052,16728460,oh-Artistburger-AHA-TastyMeat!,"2026-08-16 11:54:46",971.0,1,akikukeo1
4053,16623753,HZM,"2026-09-11 04:34:07",970.7,2,leehann
4054,16770302,stardxx,"2026-08-26 02:21:35",970.6,2,stardxx
4055,16714162,MarvinTMB,"2026-09-13 23:07:41",970.3,2,marvintmb
4056,16697249,"Sudharsana Rajasekaran","2026-08-13 06:25:58",969.0,2,sudhan03
4057,16761728,"Vybhav Nath C A","2026-08-30 12:19:48",968.9,2,shadowfax2000
4058,16727219,"Chukka Venugopalam","2026-09-17 15:01:29",968.5,2,chukkavenugopalam
4059,16624645,"Closed Loop","2026-09-17 22:56:08",968.5,2,hobbisttech
4060,16691714,"Wesley Juraschek","2026-08-19 06:07:37",968.2,2,wesleyjuraschek1
4061,16633414,"sagar tripathy","2026-08-13 15:57:56",967.5,2,sagar8trip
4062,16668049,"Masayoshi Kurihara","2026-08-14 06:20:21",967.3,2,masayoshikurihara
4063,16667729,"Daniel Wu","2026-08-15 14:35:27",967.0,2,danielwuu
4064,16665838,wenbodai,"2026-09-01 12:41:51",966.5,2,wenbodai
4065,16871053,Ni123456&,"2026-09-18 09:53:36",966.2,2,bingdongni
4066,16656948,"alexander kern","2026-08-24 18:02:17",964.5,2,alexanderkern
4067,16749251,HawkOsm,"2026-09-03 16:33:13",964.3,2,hawkosm
4068,16665050,"Praneeth Palugula","2026-08-14 06:28:56",963.5,2,praneethpalugula
4069,16857894,"Ludwig Agurto Contador","2026-09-12 22:35:55",963.2,2,ludwigagurtocontador
4070,16797045,"Carl Pang","2026-09-17 00:21:46",962.9,2,carlpang
4071,16660711,ricardo,"2026-08-15 22:34:26",961.2,2,magania
4072,16831372,"Hazel caviar","2026-09-05 08:07:40",960.9,2,hazelcaviar
4073,16724533,"Yusei Ito","2026-08-22 19:18:19",960.6,2,yuseiito
4074,16701573,"Haggai Musoda","2026-08-17 20:04:00",960.5,2,haggismusoda
4075,16657857,hust_xll,"2026-08-12 05:38:12",960.3,2,hustxll
4076,16645712,"Changye Li","2026-08-24 06:23:33",960.0,2,antoinegg1
4077,16627995,"Fire Bird","2026-08-11 20:36:45",959.9,2,xuanleekaggle
4078,16693058,"Yuvraj singh","2026-09-17 17:29:11",959.8,2,yuvrajsingh789
4079,16679767,Salut!,"2026-08-12 21:56:55",959.5,2,denismekhanikov
4080,16622034,"Aryan Yadav","2026-08-15 18:49:17",959.1,2,simplexcomplex
4081,16656731,"Muhammad Ali","2026-08-14 06:47:06",958.8,2,sardaralimaqsood
4082,16667052,"Dandan Li","2026-08-15 18:07:17",958.6,2,clcll532x
4083,16695964,"JiMing Feng","2026-08-17 10:56:45",958.0,2,jimingfeng
4084,16703099,GansPiro,"2026-08-13 18:34:26",957.0,2,ganspiro
4085,16749153,"Arnav Mishra","2026-09-12 05:10:43",956.7,2,arnavmishra02
4086,16655128,"Somasundar V","2026-09-08 20:24:00",955.3,2,somasundarv
4087,16732690,なーでぃー牧場,"2026-09-17 04:38:27",955.2,2,nadyresearcher
4088,16708333,"Phạm Vương","2026-08-11 16:17:10",954.3,2,vuongphamqq
4089,16632146,Haker_Sam,"2026-08-27 10:45:31",954.2,1,hakersam
4090,16738467,EnriFermi,"2026-08-26 23:51:18",954.0,2,enrifermi
4091,16697675,"Isaac Grossman","2026-08-30 23:21:35",953.1,2,kingisaac
4092,16700314,Giallar,"2026-08-14 16:45:53",952.8,2,andreykrotkikh
4093,16655715,Chin,"2026-08-12 06:20:32",952.7,2,qinyukun
4094,16889423,ShinChua,"2026-09-14 12:50:22",952.1,1,shinchua
4095,16692138,"Bishwa Thakur","2026-09-05 09:15:47",950.6,2,bishwathakur
4096,16693159,"Zonglin Han","2026-08-13 17:10:08",950.3,2,zonglinhan
4097,16681749,"rohith vinice","2026-08-11 23:55:16",950.2,2,rohithvinice
4098,16663241,"Kris Adamatzky","2026-08-13 09:49:19",950.2,2,krisadamatzky
4099,16808914,slfmmm,"2026-09-02 11:50:26",949.9,1,slfmmm
4100,16621735,VN-Orion,"2026-08-21 11:42:27",949.8,2,fastthanh78
4101,16907699,"zhirong ye","2026-09-17 13:33:12",949.4,2,zhirongye
4102,16640058,"Justin CH123","2026-08-11 09:15:28",949.0,2,justinch123
4103,16695376,Garv88,"2026-08-13 12:19:20",948.9,2,garv88
4104,16781276,"Nikita Greben","2026-09-07 10:55:01",948.9,2,justnik77
4105,16729650,"Tapiwa Makandigona - Zimbabwe21","2026-08-31 11:36:48",948.2,2,mukanya1994
4106,16682936,"Latifa Riziki","2026-08-12 09:38:13",948.0,2,latifariziki
4107,16709744,"Emre Bayram","2026-08-14 09:04:57",947.9,2,emrebayram
4108,16658097,Sujay,"2026-09-17 06:08:01",947.7,2,sujayprodduturi
4109,16695608,"Elie Elias","2026-09-12 11:11:33",947.2,2,elieelias
4110,16662846,"Kerem Ercin","2026-08-27 05:44:23",946.9,2,keremercin
4111,16802535,"To be happy","2026-09-01 11:08:41",946.8,1,yaokaixinya123
4112,16745092,zakihiro,"2026-08-21 07:59:39",946.6,2,zakihiro
4113,16811576,Zi,"2026-09-03 01:52:15",946.3,1,kaigaokaigao
4114,16692090,sans,"2026-08-12 03:14:55",946.1,2,sans6262q
4115,16688436,Zuu3scode,"2026-08-12 15:19:16",945.1,2,zuu3scode
4116,16709300,炫酷的小克里斯,"2026-08-19 15:54:28",944.9,2,tinfufans
4117,16660333,"Deanos Crew","2026-08-11 13:10:19",944.9,2,jamescole0101
4118,16690567,"Falih Kaleel","2026-09-13 12:54:08",944.7,2,alphajet185
4119,16891008,"Golubev Alexander","2026-09-16 08:33:56",944.1,2,golubevalexander
4120,16692457,t2better,"2026-08-12 11:56:41",944.1,2,t2better
4121,16710672,"Yasemin Koç","2026-08-14 05:52:52",943.1,2,yaseminmkoc
4122,16906626,JY,"2026-09-18 05:05:50",942.7,2,junyihjy
4123,16674649,寿!,"2026-08-12 06:45:37",942.3,1,taka3776toshi
4124,16767431,Nine1Eight,"2026-08-24 16:51:12",942.1,1,wethepeople918
4125,16635973,"Code by Nadiia","2026-08-31 13:09:44",941.5,2,codebynadiia
4126,16875777,YinboLiu,"2026-09-17 11:11:46",941.2,2,yinboliu
4127,16774700,たたたた,"2026-09-16 05:24:29",940.9,2,tatatata1111
4128,16767528,"Umut Toygar Göz","2026-08-30 13:01:54",940.9,2,umuttoygargoz
4129,16665702,"Aman Gupta","2026-09-08 16:26:19",940.6,2,amangupta0014
4130,16623533,xthixsl_ml,"2026-09-15 17:32:27",940.6,2,xthistle999
4131,16700116,Goldian,"2026-08-21 16:13:40",940.1,2,goldian
4132,16697021,Vaishnavi22052006,"2026-08-11 18:43:08",939.8,2,vaishnavi22052006
4133,16705441,CooperJiang,"2026-08-13 06:57:44",939.7,2,gingersna
4134,16698942,"PRADHAN RS","2026-08-13 18:06:58",939.5,2,pradhanrs
4135,16693886,spellstriker,"2026-08-12 22:03:20",938.8,2,spellstriker
4136,16692164,Abdulrahman.su10,"2026-08-11 20:35:39",938.8,1,abdulrahmansu10
4137,16699659,"Dimas Pasha Akrilian","2026-09-01 01:59:59",938.6,2,dimaspashaakrilian
4138,16676356,"Wander waal","2026-08-11 02:48:56",938.6,2,wanderwaal
4139,16687594,"Andrew Markley","2026-08-13 01:19:04",938.5,2,andrewmarkley1
4140,16914198,yama,"2026-09-17 18:28:07",937.5,2,y4matt
4141,16673110,"Sri Jayavel K","2026-08-20 08:18:31",937.2,2,srijayavelk
4142,16692103,HaniJezo,"2026-08-11 20:32:40",937.2,1,hanijezo
4143,16724779,"Gavin Cao","2026-08-16 09:00:53",936.3,2,gavinxgcao
4144,16805763,"Masaya Kawamata","2026-09-04 03:39:48",936.3,2,masayakawamata
4145,16663313,onlysmrtsumx,"2026-08-12 01:29:30",935.3,2,onlysmrtsumx
4146,16660371,"José Luis Gómezz","2026-08-13 01:37:42",935.2,2,josluisgmezz
4147,16636004,"Ragunath Ravi","2026-08-11 10:59:07",935.1,2,ragunathravi
4148,16737113,"Sergei Myshianov","2026-08-20 03:24:23",934.7,2,sergeimyshianov
4149,16663919,hnhyhj,"2026-08-13 04:05:56",934.5,2,hnhyhj
4150,16701221,"Othman Istaiteh","2026-08-10 13:25:38",933.7,2,istatieh
4151,16756925,"Dread Development","2026-09-05 11:38:51",933.5,2,"dreaddevelopment,seanornberg"
4152,16770777,"Oscar Legoupil","2026-09-09 15:43:18",933.4,2,oscarlegoupil
4153,16627400,"Krasnov Daniil","2026-08-11 06:04:48",933.3,2,daniilkrasnovvv
4154,16687724,Yijue1,"2026-08-11 02:15:05",933.0,2,yijue1
4155,16708573,Benser,"2026-08-15 14:41:24",932.5,2,benser
4156,16655952,"Tianfu Wang (王天夫)","2026-08-12 15:08:12",932.5,2,wangtf96
4157,16691591,"Dheeraj Kumar #3","2026-08-12 04:05:32",932.4,2,kdheeraz
4158,16651331,"Mohamed Saeed","2026-08-11 18:58:08",932.4,2,m0sm71
4159,16652904,TonightIsOver,"2026-09-07 04:41:27",931.8,2,tonightisover
4160,16662166,duy,"2026-08-31 08:50:51",931.2,2,hduynguyen
4161,16655826,KKY,"2026-09-15 01:12:26",930.9,2,evilpsycho42
4162,16659803,nRuaif,"2026-08-22 02:47:10",930.2,2,phngdoan
4163,16635280,"Narendra Sirvi","2026-08-12 06:43:07",930.0,2,narendras78
4164,16666733,"Alberto MV","2026-08-10 23:06:33",929.8,2,albertomv
4165,16684075,"Tianfang Li","2026-08-13 14:20:13",929.5,2,tianfangli1
4166,16676154,"Tuan Tran","2026-08-10 16:29:40",929.4,2,thtuan
4167,16726948,Stitch,"2026-09-17 11:10:50",929.4,2,mitsuaccessjam
4168,16696769,"maximo lorenzo y losada","2026-08-12 13:07:35",929.4,2,maximolorenzoylosada
4169,16767164,"yuhan wu","2026-08-26 09:37:53",929.3,2,yuhanwu487
4170,16692490,"Enes Coşkun","2026-08-11 05:37:38",929.0,2,enscskn
4171,16679371,ΛYMΞNRH,"2026-08-11 06:43:55",928.5,2,aymnrh
4172,16920167,"Jack Deng","2026-09-18 10:40:21",928.5,2,jackdeng123
4173,16695176,"Zakaria Settar","2026-08-16 21:52:31",928.3,2,zakariasettar
4174,16684012,ceh,"2026-08-16 04:58:18",928.3,2,emilhessman
4175,16665058,"Llin Ding","2026-09-01 05:38:32",928.2,2,llinding
4176,16661983,"Victor's Team","2026-08-12 12:05:19",927.4,2,"dlordsjustified,jezrealmomoh,joludare,victorokpe"
4177,16780558,hxrdxk,"2026-08-29 18:36:48",927.2,2,hxrdxk
4178,16823736,"Logan Seitz","2026-09-09 15:07:29",927.2,2,loganseitz26
4179,16689770,"Abdillah Sagif","2026-08-11 10:11:23",926.3,2,abdillahsagif
4180,16668334,Suavemango,"2026-08-12 05:18:03",926.0,2,suavemango
4181,16695501,brocade,"2026-08-15 00:01:12",925.8,2,brocade
4182,16656316,"Richard Tang","2026-08-11 01:09:34",925.4,2,richardgtang
4183,16704027,"Alan Cai","2026-08-10 22:36:40",925.3,1,alancai27
4184,16681620,wanwanuil,"2026-08-13 12:43:19",925.2,2,wanwanuil
4185,16697142,Kujaomega,"2026-08-10 22:13:02",925.2,1,kujaomega
4186,16684947,Hoaquason,"2026-09-04 08:54:54",925.1,2,"datnguyen0102,mibombaclat"
4187,16678638,Loshtradz,"2026-08-26 18:40:35",925.0,2,loshtradz
4188,16659692,"Hùng Nguyễn Huy (Hiirooo)","2026-08-11 03:47:45",924.7,2,hngnguynhuy
4189,16695137,"Samantha Nicole Bracamonte","2026-08-12 00:35:56",924.6,2,snrbracamonte
4190,16705584,"Adil Munawar","2026-08-29 21:18:33",924.5,2,adilmunawar
4191,16706283,haogood666,"2026-08-11 08:25:40",924.5,1,haogood666
4192,16670433,"Mohammad Osamah Atif","2026-08-19 08:46:32",924.4,2,osamatif
4193,16680690,MYOUCER,"2026-09-01 01:20:04",924.0,2,myoucer
4194,16660331,A.K.NITHIN,"2026-08-12 12:07:32",923.7,2,aknithin
4195,16625615,"Mobeen Fatima","2026-08-28 16:47:17",923.3,2,mobeenfatimah
4196,16684163,MohamedFD,"2026-08-13 12:32:47",922.9,2,mohamedfd
4197,16687935,"Sardak Pavel","2026-08-24 11:51:58",922.4,1,bebra3222
4198,16804961,explise,"2026-09-02 08:13:03",921.8,2,explise
4199,16632579,ZZfancy,"2026-08-11 12:04:42",921.5,2,zzfancy
4200,16733121,saturnliu,"2026-09-10 17:20:24",921.5,2,saturnliu
4201,16805171,Mario,"2026-09-18 10:02:07",921.2,2,mwalkiew
4202,16809277,"Shuntaro Tanaka","2026-09-11 01:01:20",921.0,2,shuntarotanaka
4203,16660037,shehai.lrs,"2026-08-11 13:37:32",920.7,2,shehailrs
4204,16704622,ray,"2026-08-11 16:30:13",920.5,2,rayenezanned
4205,16672374,"kelly waldeck","2026-08-11 21:07:30",920.0,2,kellywaldeck
4206,16706004,Divyansh,"2026-08-25 16:38:00",919.9,2,sehgaldivyansh
4207,16738705,"Atilla Y","2026-09-12 06:51:34",919.7,2,atillay
4208,16702774,FilipJ,"2026-08-16 18:34:05",919.5,2,filipjarmua
4209,16786082,"Noberto Frota","2026-08-29 00:40:42",919.4,1,nobertofrota
4210,16659890,"Cu Spoon","2026-08-25 22:02:11",919.3,2,cuspoon
4211,16666410,"Binil George","2026-08-12 10:40:43",918.9,2,binilg
4212,16632675,"Baran Kucuk","2026-08-11 15:09:58",918.8,2,barankucuk
4213,16687824,"André Dkw","2026-08-10 17:17:25",918.7,2,andrdkw
4214,16688136,"Armanzhan Ayan","2026-08-11 16:49:36",918.3,2,armanzhanayan
4215,16624625,"Harsha Vardhan","2026-08-10 07:33:35",918.3,2,harshacode101
4216,16644891,yankang_XZK,"2026-09-02 18:29:53",918.1,2,yankang233
4217,16709069,"James Mcquay","2026-08-14 18:05:40",918.1,2,jamesmcquay
4218,16707993,"Sangita Bannore","2026-08-11 14:33:47",918.0,1,sangitabannore
4219,16912040,YUYAN457,"2026-09-18 08:13:27",917.9,2,yuyan457
4220,16669643,"Athenix Kaggriculture","2026-08-24 18:23:54",917.5,2,sdafdsfsdfgdsg
4221,16681848,Haraguchi-T,"2026-09-01 09:03:21",917.4,2,haraguchit
4222,16654697,KawattaTaido,"2026-09-18 10:50:26",917.1,2,kawattataido
4223,16633006,Kaiser,"2026-09-01 06:36:38",916.3,1,kaiserm
4224,16896283,"WENBO ZHANG","2026-09-16 08:18:39",916.2,1,wenbozhang2026
4225,16828106,AG,"2026-09-16 08:23:59",915.8,2,lacroix7771
4226,16633886,mudesteven,"2026-08-16 02:54:25",915.4,2,fastlight2007
4227,16691275,"Muhiminul Islam   Mahim","2026-08-12 10:04:35",915.3,2,muhiminulislammahim
4228,16700630,apoyusiken,"2026-08-12 06:10:52",915.3,2,umutarpay
4229,16676043,"Tejash Rai","2026-08-14 07:16:01",915.1,2,tejashrai
4230,16667233,EdGy2k,"2026-08-10 10:41:12",915.0,2,edgy2k
4231,16669778,UknesIruka,"2026-08-11 11:13:46",914.1,2,uknesiruka
4232,16656691,"Sahaj Deep Singh","2026-08-12 01:39:36",913.5,2,sahajdeepsingh9877
4233,16867277,"Oriol Hinojo","2026-09-18 10:21:29",913.2,2,oriolhinojocomellas
4234,16701466,"HELIOS reasonning","2026-08-11 22:38:55",913.0,2,heliosreasonning
4235,16681275,"CUG HeQiao","2026-08-12 09:06:14",913.0,2,cugheqiao
4236,16705370,TS2333,"2026-08-11 03:40:40",912.8,2,ts2333
4237,16677723,"Trip Meiners","2026-08-11 19:26:55",912.1,2,tripmeiners
4238,16663649,"Akhil Chinta","2026-09-18 01:00:42",912.1,2,akhilchinta1505
4239,16745059,mekduy,"2026-08-29 11:42:07",912.0,2,mekduy
4240,16839972,"Yusuf Lee","2026-09-05 15:16:20",911.7,1,yusuflee
4241,16712651,riicon,"2026-09-13 14:18:39",911.2,2,risakashiwabara
4242,16743165,"Chiachii Liang","2026-09-17 10:14:30",910.7,2,chiachiiliang
4243,16726422,"Praveen Kumar","2026-08-29 11:25:55",910.6,2,pankajrepswal
4244,16707584,sadatch,"2026-08-13 05:18:28",910.6,2,sadatch
4245,16784719,"Ayush Shekhar","2026-09-07 13:23:45",910.1,2,ayushshekhar56
4246,16729863,Monkeyzl,"2026-08-22 20:02:21",909.0,2,monkeyzl
4247,16910041,"Gorgulu Fried Chicken Wings","2026-09-18 05:42:32",909.0,2,"jingshixu,ooorangecatt"
4248,16664481,"Siddhu Jaykay","2026-08-12 14:02:29",909.0,2,siddhujaykay
4249,16728955,"Chris Murphy","2026-09-07 23:33:26",908.8,2,mur418
4250,16692110,"Ahmed Khudair","2026-08-11 22:33:06",908.4,1,ahmedkhudair121
4251,16650485,nasu726,"2026-08-13 13:51:20",907.9,2,nasu726
4252,16695903,cerensukaramese,"2026-08-14 09:18:05",907.8,2,cerensukaramese
4253,16675582,DavidX,"2026-08-11 06:05:18",907.6,2,davidasx
4254,16719551,JamesYip7,"2026-08-20 10:24:50",907.3,2,jamesyip7
4255,16639476,耶✌,"2026-08-30 19:52:36",906.9,1,qifeihhh666
4256,16730449,"Shinichiro Yoshida","2026-09-08 00:32:56",906.6,2,sysd00
4257,16709473,"Selahattin Günter","2026-08-23 14:07:42",905.5,2,selahattingnter
4258,16656181,Vishwa,"2026-08-11 05:46:58",905.3,2,rv1922
4259,16663820,taka,"2026-09-16 22:06:10",905.0,2,takaakiishi
4260,16657091,raw2clean,"2026-08-12 08:12:12",904.8,2,raw2clean
4261,16737482,Lindicaphxag,"2026-08-27 03:41:59",904.5,2,oblivicore
4262,16806886,dreamtear,"2026-09-02 05:55:56",904.5,1,mohanzeng
4263,16654122,"Peter Thompson","2026-08-10 17:59:36",904.4,2,mightytreefolk
4264,16817309,"TeddyDog Lovely","2026-09-03 10:44:15",904.1,2,teddydoglovely
4265,16666282,"Bang sion","2026-08-22 10:06:06",904.0,2,bangsioni
4266,16672579,"Udbhaw Anand","2026-08-22 13:15:18",903.8,2,udbhawanand
4267,16768644,Momoko,"2026-08-25 03:22:50",903.6,1,yangmengyuanmomoko
4268,16696644,"Franklin T","2026-09-13 07:17:43",903.6,2,franklin0410
4269,16624088,Pomiro,"2026-08-11 04:41:24",903.4,2,pomiro
4270,16655686,Kyle,"2026-09-17 12:35:44",903.4,2,kylezhouzhou
4271,16706315,"Desert Fox88","2026-08-11 12:02:03",903.4,2,desertfox88
4272,16673097,"Sonu Kushwaha","2026-09-01 11:10:15",903.3,2,sonukushwaha124
4273,16682303,"Kapadiya Nirav Kumar","2026-08-18 06:24:30",903.2,2,kapadiyaniravkumar
4274,16658487,radozaprazny,"2026-09-12 14:09:06",902.7,2,radozaprazny
4275,16631777,KiKi,"2026-09-03 04:27:02",902.6,2,kingkiller2164
4276,16850522,WayneCheng,"2026-09-08 08:07:59",902.5,2,taffy1883
4277,16702482,"Carlos Navarro","2026-08-14 05:26:26",901.6,2,navarr0
4278,16639496,"Sai Teja Bandaru","2026-08-11 14:51:49",901.4,2,saitejabandaruin
4279,16662213,"Yang Zong-Yu phD","2026-09-04 17:15:32",901.4,2,yangzongyuphd
4280,16657429,"xiao cat q","2026-08-12 01:41:13",901.2,2,xiaocatq
4281,16669494,"Abdullah Razi","2026-09-03 18:39:36",901.2,2,abdullahroninrazi
4282,16758244,yumizu,"2026-09-15 00:47:05",901.0,2,yumizzzz
4283,16823751,"Tyler Knecht","2026-09-18 04:10:15",900.4,2,tknecht
4284,16705192,"John Ogah","2026-08-16 03:54:21",900.2,2,johnogah
4285,16793134,sawasawasawa,"2026-09-07 09:06:57",900.1,2,yukisawamura
4286,16762837,Nagamatsur,"2026-09-17 12:24:55",900.0,2,rihitonagamatsu
4287,16808116,WWAWW,"2026-09-15 03:47:37",899.8,2,masatowaragai
4288,16830784,栀蓝thy,"2026-09-15 10:03:44",899.5,2,tianhaoyuan86
4289,16736429,Rudra278,"2026-08-18 12:07:42",899.4,1,rudra278
4290,16793275,"Biao Cao","2026-08-30 13:44:48",899.1,1,biaocao398
4291,16671666,showtree,"2026-09-02 01:53:55",899.1,2,showtree
4292,16688265,"Kyle #2","2026-08-11 01:51:35",899.1,2,georgeturbo
4293,16688808,"Niranjan Nakkala","2026-08-11 12:26:14",898.8,1,niranjanmudhiraj
4294,16644378,"hicham bedrani","2026-08-28 11:33:17",898.4,2,hichambedrani
4295,16711204,"harden james","2026-08-12 08:00:14",898.0,1,ffusername
4296,16790115,Starumi,"2026-08-31 00:39:22",897.5,2,starumi
4297,16729800,"Alchemical Retard.","2026-08-20 07:28:07",896.8,2,alchemicalretard
4298,16659662,MOHSIN525,"2026-09-01 15:43:49",896.4,2,mohsin525
4299,16679519,"Петьо Лазаров","2026-08-10 22:30:35",896.2,2,pesosz
4300,16660594,XIAODOUZI,"2026-08-17 12:06:50",895.9,2,xiaodouzi666
4301,16696608,beanbamboozled,"2026-08-10 10:45:19",895.8,2,beanbamboozled
4302,16736816,LLE,"2026-08-22 16:50:40",895.8,2,"rajaditya01,saiash"
4303,16661093,"INDRAJIT SWAIN","2026-08-15 13:23:37",895.6,2,indrajitswain
4304,16635238,"Tai Tien Ta","2026-09-03 03:25:55",894.0,2,tittin
4305,16652741,"Sergi Bas","2026-09-15 07:11:51",893.6,2,sergibas
4306,16732140,Miaa1526,"2026-08-24 08:58:42",891.9,2,miaa1526
4307,16652849,Hejunhui,"2026-08-16 14:15:29",891.7,2,website98
4308,16731924,CuddleYokai,"2026-08-19 10:57:11",891.6,2,cuddleyokai
4309,16643233,"Marco DG","2026-08-11 06:20:14",891.5,2,marcodg
4310,16760247,kriskur123,"2026-09-15 14:23:38",891.4,2,kriskur123
4311,16695799,Vaycheslav,"2026-09-13 14:04:41",890.5,2,vaycheslav
4312,16653262,"tianwen zhang1","2026-08-08 16:21:18",890.0,2,tianwenzhang1
4313,16724233,"Rafal Porwol","2026-09-16 16:48:33",889.5,2,rafalporwol
4314,16672075,"Kameron Green","2026-08-11 05:49:32",888.7,2,hgenix20
4315,16914530,"zhaorui chen","2026-09-18 02:30:07",888.7,2,zhaoruichen
4316,16725680,henri66,"2026-08-15 21:09:47",888.5,2,henri665
4317,16891579,"chengxuan yang","2026-09-18 07:43:19",887.6,2,chengxuanyang
4318,16653153,Gbining,"2026-08-09 12:21:06",887.3,2,gbining
4319,16660911,"Animesh Ratna","2026-08-23 22:01:35",887.0,2,animeshratna
4320,16660479,"Lakhindar Pal","2026-08-31 13:26:49",886.7,1,lakhindarpal
4321,16655693,DePie,"2026-08-10 08:01:37",886.7,2,phucthaiv02
4322,16667994,"Zhian Wei","2026-09-11 06:57:54",886.7,2,zh1anwe1
4323,16662653,"Jordan Schaeffer","2026-09-09 01:49:11",886.6,2,jordanmschaeffer
4324,16676275,Scorpi,"2026-08-12 01:34:25",886.2,2,scorpi
4325,16667124,"Chaotic Era","2026-08-12 01:26:13",885.5,2,sani84
4326,16658044,"Roshan Singh","2026-08-22 08:47:57",885.1,2,roshanavadheshsingh
4327,16623461,MightyK,"2026-08-09 05:36:23",884.7,2,anhhkhoi
4328,16780967,"black hole sun","2026-09-01 02:25:21",884.3,2,danielefiorino
4329,16692678,Nerozud,"2026-09-10 07:36:41",883.9,2,"lorerubiano22,nerozud"
4330,16639236,"Dhavan Shah","2026-08-12 18:20:38",883.3,2,dhavanshah99
4331,16640869,taijunhao,"2026-08-12 10:26:30",883.2,2,taijunhao
4332,16662712,"Roman Stupin","2026-08-27 23:52:01",883.0,2,rcnegby
4333,16676025,"Csaba József","2026-08-31 19:31:00",882.0,2,"jcsaba,peterkiss4"
4334,16671837,"Ronald K Wilson ","2026-08-28 13:09:38",881.3,2,ronaldkwilson
4335,16737702,"kaneko takafumi","2026-09-17 15:06:58",881.1,2,kanekotakafumi
4336,16696852,MYGEMER,"2026-08-09 15:43:13",881.1,1,mygemer
4337,16749776,DataLover,"2026-08-20 16:34:37",880.2,1,paulknidler
4338,16654322,"Debatreya Biswas","2026-08-10 02:02:38",879.6,2,debatreyabiswas
4339,16674744,"Burhan Ul Tayyab","2026-08-10 10:55:43",879.1,2,babychick
4340,16713031,"Nahid Hossain Redom","2026-08-13 15:38:30",879.0,2,nahidhossainredom
4341,16659610,gareeb,"2026-08-10 15:46:50",878.9,2,"arjund29,saqlainsqx,yashawl194"
4342,16709905,Rospel,"2026-09-15 04:52:59",878.7,2,rospel
4343,16919615,"Aditya Murugesh","2026-09-18 10:46:20",877.8,2,adityamurugesh
4344,16845514,"Long Fang","2026-09-17 08:02:56",877.6,2,fanglong
4345,16638998,"khalid harouach","2026-09-17 13:32:02",877.6,2,khalidharouach
4346,16675752,"Simon Rüba","2026-08-10 14:23:16",877.1,2,simonrba
4347,16684639,Bru3ll,"2026-08-09 15:50:45",877.0,2,bru3ll
4348,16698735,Larfii,"2026-08-21 18:01:02",877.0,2,larfii
4349,16699784,nianyu,"2026-08-10 09:46:32",876.9,2,nianyuc
4350,16675305,"Justin Sabu Sebastian","2026-08-22 23:19:57",875.8,2,justinsabusebastian
4351,16870350,praneethb7,"2026-09-11 08:50:53",875.1,1,praneethbudati
4352,16689471,wenjinyang,"2026-08-11 13:32:09",874.9,2,wenjinyang
4353,16668758,"Aman Vishwakarma","2026-08-09 17:33:00",874.1,2,amanvishwakarma01
4354,16670202,"Elizabeth Park","2026-08-09 20:33:17",873.6,2,elizabethpark
4355,16631101,"Muneeb ul Hassan","2026-08-10 09:56:41",873.3,2,muneeb2405
4356,16761975,lixiuqixiaoke,"2026-08-26 09:59:11",873.3,2,lixiuqixiaoke
4357,16667731,"Agent 33","2026-08-28 13:20:28",872.7,2,agent33
4358,16815105,"Saurav Chaudhari","2026-09-03 08:46:53",872.6,2,saur3x
4359,16762494,西松大祐,"2026-09-16 02:57:48",872.1,2,wep212
4360,16688579,"Long Hu","2026-08-09 09:41:04",871.9,1,longhul
4361,16904681,yzhaolabs,"2026-09-17 16:08:59",871.8,1,zhaoyuanzhen
4362,16722500,"Mike Murunov","2026-08-16 15:18:17",871.6,2,mikhailmurunov
4363,16666632,to1_10i,"2026-08-19 20:27:42",871.2,2,to110i
4364,16685743,"Alex Oranov","2026-08-28 19:30:54",871.2,2,aoranov
4365,16664179,animelonerboy,"2026-08-09 15:52:55",870.5,2,adambasa5
4366,16674881,"Saisree Dhanasekaran","2026-08-20 08:09:07",869.9,2,saisreedhanasekaran
4367,16658746,marinxbt,"2026-09-11 14:18:24",869.8,2,marinxbt
4368,16657598,"Arun Mallikarjuna","2026-08-10 04:29:14",869.5,2,arunmallikarjuna
4369,16694744,XiaoZhiren,"2026-08-10 13:03:56",869.3,2,"ruikangan,xiaozhiren"
4370,16694065,zhangwei02,"2026-08-30 09:29:12",868.8,2,zhangwei02
4371,16655323,roma,"2026-08-09 19:49:51",868.7,2,mnroma
4372,16732679,argon,"2026-08-19 08:32:47",868.1,2,argonlabs
4373,16658875,"Noah Bishop","2026-08-10 09:56:34",868.1,2,noahbishop1
4374,16624485,"Nishant Dahal","2026-08-10 02:24:42",867.9,2,nishantdahal
4375,16663780,"Hamza Kanice","2026-08-09 00:08:11",867.3,2,hamzakanice
4376,16672371,Loren-wen,"2026-08-09 13:23:49",867.0,2,wofusituerte
4377,16683036,"Ritesh Thawkar","2026-08-14 08:34:08",866.8,2,riteshthawkar
4378,16684852,後藤将斗,"2026-08-24 14:51:20",866.8,2,masato09
4379,16622487,"Sam kramer_1028","2026-08-18 09:40:58",866.5,2,samkramer1028
4380,16659585,"Anas Riaz","2026-08-08 20:20:23",866.1,2,anasriaz
4381,16653984,"Howard Lyu","2026-08-08 18:35:00",866.0,2,howardlyu
4382,16702909,SG4265,"2026-09-07 21:14:54",865.8,2,sg4265
4383,16811703,"Han Wang","2026-09-17 03:09:40",865.5,2,hanwang666
4384,16656296,Fususu,"2026-09-05 04:32:44",865.4,2,phuongncn
4385,16663668,"╰┈➤ˎˊ˗ www.sleepyai.org","2026-08-08 23:49:32",864.7,2,tahsinarafat
4386,16623034,"Vlad Kochetov","2026-08-10 21:43:51",864.5,2,vladkochetov07
4387,16892314,"Akshay #3","2026-09-18 00:16:00",864.5,2,akshay1301
4388,16660395,ljx59141421,"2026-08-12 01:27:08",864.2,2,ljx59141421
4389,16672660,"Straw Hat","2026-08-11 06:14:47",863.7,2,"anuragugargol,tanishafagare114"
4390,16662718,xlnt,"2026-08-22 12:37:49",863.6,2,"princebisht,xlnt404"
4391,16663928,Auxileon,"2026-08-09 16:20:13",863.5,2,auxileon
4392,16685828,Ztr0,"2026-08-09 05:53:10",862.8,2,y1amadeus
4393,16644150,"J.M.Mubasshir Rahman","2026-08-09 17:15:01",862.8,2,jmmubasshirrahman
4394,16674353,"Lakshmanan R","2026-09-02 06:32:53",862.8,2,lakshmanankumar02
4395,16623189,"Aditya Mishra","2026-08-09 03:42:06",862.6,2,adityamishranika
4396,16665500,"Madan kumar","2026-08-13 17:31:57",862.5,2,winklemad
4397,16915820,CjzmFeng,"2026-09-17 16:08:19",862.2,2,cjzmfeng
4398,16724895,russ,"2026-08-19 08:55:30",861.9,2,mdevian
4399,16845420,"Terrance Luangrath","2026-09-08 05:41:53",861.6,2,tksluangrath
4400,16692883,coolguy,"2026-08-08 20:56:21",861.0,1,vihangpagare334
4401,16904529,"Zhihao Weng","2026-09-17 16:05:23",860.7,2,zhihaoweng
4402,16692970,LakoMoor,"2026-08-09 17:43:25",860.6,2,lakomoor
4403,16847456,waHAHA,"2026-09-07 09:53:07",860.5,1,wangshen1994
4404,16645078,"A Aswanth Raj","2026-08-09 08:57:36",860.2,2,aaswanthraj
4405,16655210,Amon,"2026-08-16 06:09:04",860.1,2,kingaemon
4406,16698467,"Ra'uf Fauzan Rambe","2026-08-10 04:29:13",859.6,2,rauffauzanrambe
4407,16833052,"we lose some 🏆","2026-09-10 16:11:54",859.3,2,sayangoswami
4408,16693374,"Henfry De Los Santos","2026-08-12 11:43:51",859.2,2,henfrydelossantos
4409,16683982,Kenny,"2026-08-16 19:43:13",858.0,2,kmonar
4410,16676038,"Adyanth M","2026-08-09 05:12:40",857.9,2,adyanthm
4411,16661899,AAI,"2026-08-09 14:23:08",857.8,2,aiolapo
4412,16754552,Touyu,"2026-09-18 10:38:15",857.7,2,yutoaoki
4413,16635330,tekatoncat,"2026-08-16 23:42:10",857.6,2,tekatoncat
4414,16692469,neoistheone,"2026-08-08 18:38:13",857.3,1,neoistheone
4415,16734498,kazuhiro3381,"2026-09-12 14:08:42",856.8,2,kazuhiro3381
4416,16756592,"Abdalrahman Eissa","2026-08-23 23:43:11",856.5,2,abdalrahmaneissa
4417,16661249,Yaohui,"2026-08-26 14:59:02",856.2,2,yaohui85
4418,16635518,"ROFIQUL ALAM SHEHAB","2026-08-09 11:49:00",856.0,2,rofiqulalamshehab
4419,16904566,Athnnna,"2026-09-17 03:04:04",855.7,2,athnnna
4420,16879949,"Du Yutong","2026-09-18 04:22:36",855.7,2,duyutong6
4421,16878695,"Yang Lv","2026-09-15 13:56:56",854.6,2,lvyang199888
4422,16905921,关注塔菲喵,"2026-09-16 16:11:46",854.5,2,zuberi05
4423,16807134,"Chaowei Liang","2026-09-09 01:53:25",854.3,2,chaoweiliang
4424,16652827,"Rob C","2026-08-14 03:04:30",854.0,2,robertcheah
4425,16679347,"Youssef EL MSIYAH","2026-08-09 12:07:55",853.7,2,youssefelmsiyah
4426,16672980,"Thomas Prinz","2026-08-09 13:57:51",853.7,2,xardiphotography
4427,16746592,Harvester,"2026-08-21 13:57:05",853.7,2,yudhis16
4428,16732008,"Phoebe Lin","2026-09-05 01:05:06",852.6,2,phoebe0511
4429,16726173,"Aman Bihari","2026-08-23 12:51:05",850.5,2,amanbihari
4430,16639645,RamenBoy,"2026-09-08 14:38:35",850.4,2,ramenboyjapan
4431,16760101,"Big Moo","2026-08-25 00:52:06",850.3,2,abdullahramadan1
4432,16904666,"Feng ZhouQi","2026-09-17 16:25:12",850.3,2,fengzq777
4433,16854347,"Arul Gandhi","2026-09-12 10:19:13",850.1,2,arulgandhi
4434,16841868,彭文龙,"2026-09-14 02:41:28",849.9,2,pengwenlong
4435,16665976,"Daksh Goyal","2026-08-08 20:36:06",849.8,2,dakshgoyal387
4436,16670545,"Mouad AIT HA","2026-08-18 20:03:55",849.4,2,mo0103
4437,16669711,"Anton Shaniuk","2026-08-09 12:46:11",849.4,2,antonshaniuk
4438,16705440,Lannuo,"2026-09-18 08:02:04",848.6,2,lannuo
4439,16659618,"Jeevan Jolly","2026-08-13 13:51:52",847.9,2,jeevanjolly
4440,16660430,"Hassaan Ibrahim","2026-08-10 12:45:55",847.8,2,hassaanibrahim
4441,16888071,lawjkj,"2026-09-18 02:09:35",847.4,2,lawjkj
4442,16660653,kanchana's,"2026-09-15 17:34:54",847.4,2,"saikanchana,yuvarajkanchana"
4443,16734490,Tomeiser,"2026-09-15 23:43:23",847.2,2,tomeiser
4444,16664409,"Kathi Munishwar","2026-08-09 03:37:05",846.7,1,kathimunishwar
4445,16685116,huanghaoyu7280,"2026-09-11 10:00:17",846.5,2,huanghaoyu7280
4446,16630372,Q.qlmmm,"2026-08-24 18:25:02",845.0,2,qlammi
4447,16680646,Naym0425,"2026-08-14 04:20:36",845.0,2,naym0425
4448,16713590,"Александр Арутюнян","2026-08-13 05:20:18",844.8,2,alexarut17
4449,16658014,Bharath,"2026-09-18 10:24:36",844.3,2,pes2ug23cs121
4450,16665935,eternitywinner,"2026-08-08 14:41:53",843.7,2,eternitywinner
4451,16667245,"KAIWALYA RAUT","2026-08-09 09:04:25",843.5,2,kaiwalyaatulraut
4452,16885336,"Hanya Zhang","2026-09-16 04:43:29",843.3,2,hanyazhang
4453,16847663,Kanny912,"2026-09-13 02:43:55",843.1,2,kanny912
4454,16728633,draven,"2026-09-12 07:35:01",842.7,2,ustchx
4455,16857723,"Denise Mo","2026-09-13 02:30:07",842.7,2,"clipcode,daskrank,maskgen,nnmerge,opscfg"
4456,16683909,"Krzysztof ""Chris"" Karaszewski","2026-08-14 08:41:11",842.4,2,futureofworkchannel
4457,16848546,"TaoMark Tao","2026-09-17 13:25:09",842.4,2,taomarktao
4458,16635600,"Divyansh Kumar","2026-09-18 10:56:06",841.9,2,"divyanshkumar3,vivekjeetpatel"
4459,16904592,YuanQinYi,"2026-09-17 03:04:45",841.9,2,yuanqinyi
4460,16695182,"Ali Haydar Özdağ","2026-08-10 14:29:59",841.8,2,ahoirg
4461,16866974,"Haoyang David Dong","2026-09-15 02:51:03",841.4,2,haoyangdaviddong
4462,16840819,clammpon,"2026-09-15 15:09:27",841.3,2,clammpon
4463,16679683,Aberrchan,"2026-08-08 17:44:32",841.3,2,aberrchan
4464,16698071,nixotrix,"2026-09-07 21:16:50",841.2,2,nixotrix
4465,16772977,mr_agent_rrr,"2026-09-17 18:20:08",841.0,2,mragentrrr
4466,16623485,XtraLearning,"2026-08-09 17:10:36",841.0,2,xcessivesmash
4467,16655567,Heisnotanimposter,"2026-09-04 07:23:21",840.9,2,test013
4468,16845557,lh123463,"2026-09-17 03:16:15",840.9,2,lh123463
4469,16662592,"Vladislav Yushkevich","2026-08-09 14:54:24",840.8,2,"crazyflyingsheep,vladislavyushkevich"
4470,16664283,"Nguyễn Hữu Công","2026-08-07 05:24:48",840.6,2,nguynhucng
4471,16884751,PSTE,"2026-09-16 04:26:04",840.4,2,"idcode,pychat,regularl2,tokenrank"
4472,16661707,"Rudolf HOUNLETE","2026-08-09 11:41:08",840.2,2,queystanle
4473,16910441,"Guanchao Sun","2026-09-18 02:28:49",840.0,2,guanchaosun
4474,16667219,"Komil Parmar","2026-08-08 10:00:55",839.4,2,komilparmar
4475,16830079,"Quan Vu","2026-09-04 11:35:57",839.4,2,quan0095
4476,16672247,"Movie Watch2022","2026-08-18 19:48:12",839.0,2,moviewatch2022
4477,16789865,AgroByte-dev,"2026-09-02 14:39:25",839.0,2,ylyasyylkybayev
4478,16660613,今日洗澡明日香,"2026-08-07 09:58:49",838.8,2,"jasperkag,ryjiang,timmengzh,yningc"
4479,16661100,"Muhammad Junaid","2026-09-06 21:24:50",838.8,2,junaid512
4480,16840254,"Alexander Liu","2026-09-17 21:15:31",838.8,2,alexanderzhiyuanliu
4481,16857505,"DL Loz","2026-09-11 00:43:18",838.7,2,dllogic
4482,16799997,Yitao111,"2026-09-18 03:23:08",838.7,2,yitao111
4483,16904394,Sylvia47,"2026-09-18 04:16:08",838.7,2,sylvia47
4484,16694317,"PRITIKA SA","2026-08-09 07:17:19",838.2,2,pritikasa
4485,16711725,meatori-nu,"2026-09-05 13:40:48",837.6,2,meatorinu
4486,16847300,"Lam PayGi","2026-09-08 02:02:17",837.6,2,lampaygi
4487,16854059,"Gökmen KÜÇÜKAYDIN","2026-09-17 12:13:40",837.3,2,gkmenkkaydin
4488,16662161,"Touhidul Alam Seyam","2026-08-10 12:39:51",837.1,2,seyamalam
4489,16641535,Tutti,"2026-09-06 15:16:23",836.2,2,malk271828
4490,16857636,"Adura Sia","2026-09-13 02:24:43",836.2,2,"bitsmini,corebase,llmrun,opsneo"
4491,16857762,zetaex,"2026-09-13 02:32:06",836.1,2,"cvcost,fluxdev,lossvis,zetaex"
4492,16917996,huzhenyi,"2026-09-18 03:08:53",836.0,2,huzhenyi
4493,16660101,Zarathustra,"2026-08-12 02:48:18",835.2,2,rezkyadytama
4494,16690897,"Ashok Kumar Garain","2026-08-08 13:26:11",834.7,1,ashokkumargarain
4495,16760841,KIsXcl,"2026-08-24 14:34:11",834.5,2,kisxcl
4496,16857488,THFuller,"2026-09-10 03:13:42",834.0,2,neoist
4497,16658278,"Malcolm Durosaye","2026-09-17 12:31:05",833.9,2,malcolm95
4498,16795676,cold_star,"2026-09-04 03:54:22",833.6,1,a406161167
4499,16671174,Alexandre008,"2026-08-09 12:29:49",833.5,2,alexandre008
4500,16658789,Zhanpeng.W,"2026-08-08 10:05:26",832.8,2,zhanpengw
4501,16655497,cszf_first,"2026-08-09 02:06:46",832.7,2,cszffirst
4502,16670406,"jessica jennifer","2026-08-20 15:55:41",832.7,2,jessicajennifer
4503,16667091,"Nico Feiler","2026-08-07 14:27:47",832.2,2,nicofeiler
4504,16630249,"Aymar Avohoueme","2026-08-20 10:22:33",832.2,2,aymaravohoueme
4505,16919136,"Xinye Li","2026-09-18 07:39:29",832.1,2,lxinye09
4506,16694751,im_justmatthew,"2026-08-10 11:27:00",831.7,2,imjustmatthew
4507,16663457,Furqan102102,"2026-08-09 12:02:35",831.5,2,furqan102102
4508,16624003,weedfarmer,"2026-08-08 05:34:16",831.2,2,aleksanderhan
4509,16659958,brainpick,"2026-08-24 21:54:50",830.4,2,prathvirajpalekar
4510,16857685,"waves wang","2026-09-13 02:25:51",830.2,2,"cliwave,cyberpsi,hyperacc"
4511,16657989,"vishnu gopal P","2026-08-08 12:27:56",829.5,2,vishnugp
4512,16664242,"Alex Lee","2026-08-11 03:43:12",829.4,2,aiexanderr
4513,16854523,"Mingsi Guo","2026-09-16 12:01:04",829.4,2,mingsiguo
4514,16660259,Marcus,"2026-08-08 17:23:34",829.3,2,marcuseno
4515,16891841,thx123456121,"2026-09-17 14:18:56",829.2,2,thx123456121
4516,16884814,"Stcey Cong","2026-09-16 04:30:33",828.8,2,"loopide,mapmicro,modelkit"
4517,16835621,"Atharv Santosh","2026-09-05 02:49:27",827.7,1,atharvsantosh
4518,16660385,"Jose Santiago Echevarria","2026-08-25 12:02:45",827.7,2,jmsechevarria
4519,16655156,"Pranjal Ranjan","2026-08-06 23:58:43",827.5,2,pranjalranjan299
4520,16675753,Khafidin,"2026-08-12 05:16:26",827.3,2,khafidin
4521,16671844,I2nfinit3y,"2026-08-07 02:27:10",827.2,2,i2nfinit3y
4522,16660120,gktdgktdgktd,"2026-08-07 07:50:45",827.0,2,gktdgktdgktd
4523,16672629,"Alex Boyd","2026-09-06 15:37:19",826.9,2,alexrayboyd
4524,16720234,Aditya109,"2026-09-08 05:20:00",826.8,2,"aditya109,tathagattyger"
4525,16688898,"Sanskar Omar","2026-08-09 11:10:44",824.4,2,sanskaromar7
4526,16890366,lachesism,"2026-09-18 09:45:48",823.9,2,lachesism
4527,16661739,"Spandan Mhapsekar","2026-08-08 10:39:41",823.9,2,spandanmhapsekar
4528,16669930,"Ilya Klimanov","2026-08-25 13:30:13",823.6,2,ilyaklimanov
4529,16670361,"Saud Saudesen","2026-08-15 22:16:42",823.3,2,saudsaudesen
4530,16681226,"tingting shen","2026-08-10 09:24:23",823.3,2,tingtingshen99
4531,16673179,"Muhammad Faraz Aftab","2026-08-09 10:18:58",823.1,2,muhammadfarazaftab
4532,16669273,Parag,"2026-08-07 02:10:29",822.4,2,paragkale
4533,16857621,"yunwen shen","2026-09-12 01:24:42",822.2,2,"cudastack,dlbyte,dsbeta"
4534,16671314,"Robot Farm","2026-08-29 16:54:23",822.0,2,codearranger
4535,16633043,"Ryan Adams","2026-09-08 23:48:54",821.7,2,ryanadamsai
4536,16663569,XYZ,"2026-09-06 00:11:35",821.6,2,h249748fkv7lyhik897
4537,16731259,"Manvik singh rathore","2026-08-30 17:18:55",821.4,2,manviksinghrathore
4538,16866155,gomamonaka,"2026-09-12 10:10:10",821.3,2,gomamonaka
4539,16639606,Peach2587,"2026-08-12 03:19:13",820.9,2,momokayoshioka
4540,16882077,telep,"2026-09-17 15:37:13",820.9,2,vitaliypyvovar1
4541,16690889,"B A S E L #","2026-08-08 14:47:22",820.7,2,basselll
4542,16634174,phibkro,"2026-08-07 03:10:52",820.6,2,phibkro
4543,16669608,"Jesy Lu","2026-08-13 16:21:53",819.9,2,jesylu
4544,16671372,"Meet Sabhaya","2026-08-08 06:02:13",819.5,2,meetsabhaya
4545,16643193,"Shoroogh Ahmadi","2026-08-13 10:36:43",819.4,2,shorooghahmadi
4546,16679848,Nikola010,"2026-08-13 16:29:19",818.7,2,nikola010
4547,16639125,"Caio Coelho","2026-08-09 15:38:12",818.3,2,caio41
4548,16666358,"GAYATHRI SALINI","2026-08-07 07:55:26",817.9,2,gayathrisalini09
4549,16665230,"Jack Burley","2026-09-04 21:01:15",817.8,2,jackburley
4550,16670058,"Dahoui Alex Armel ","2026-08-07 01:02:07",817.7,2,dahouialexarmel
4551,16653117,"li jiaqi77","2026-08-07 05:32:06",817.4,2,lijiaqi77
4552,16678506,SireeshLimbu,"2026-08-08 08:39:43",817.4,2,sireesh
4553,16639583,typeIIIfairy,"2026-09-10 10:11:22",817.3,2,typeiiifairy
4554,16664827,"Jose Miguel Diez de la Lastra","2026-08-07 16:08:49",817.3,2,josemigueldiez
4555,16686843,"Juraj Zelman","2026-08-09 08:40:09",817.2,2,jurajzelman
4556,16677399,lyts,"2026-09-13 19:17:03",817.1,2,lytsyyds
4557,16678930,"Just a moroccan","2026-08-09 13:45:12",817.0,2,zbidaamine
4558,16667479,"Leon Christians","2026-09-13 17:12:37",816.3,2,leonchristians
4559,16640332,"ning gu","2026-08-21 00:01:22",816.2,2,morninggu
4560,16660537,Furina,"2026-08-08 13:52:01",816.2,2,cjlcjlcjl
4561,16669518,Galagala,"2026-08-07 18:35:59",816.1,2,b12705059
4562,16633276,"Nolan Liang","2026-08-09 03:26:47",814.4,2,iamlkn
4563,16666625,"Nguyen Ngoc Thien","2026-08-07 16:12:04",814.3,2,ngocthienai
4564,16680075,I_luv_magick,"2026-08-07 09:50:30",813.7,2,iluvmagick
4565,16630441,"yjhv buddies","2026-08-07 09:50:05",813.3,2,bender1123123
4566,16683439,Goober,"2026-08-10 19:46:41",813.2,2,kongzhisyuen
4567,16729165,コーラ,"2026-08-23 07:30:40",812.9,2,cola0912
4568,16671403,"Alex Karpowicz","2026-08-08 18:36:52",812.8,2,alexkarpowicz
4569,16656709,"Anh-Vu Mai-Nguyen","2026-09-18 10:53:09",812.5,2,mainguyenanhvu
4570,16690829,JeremyH43,"2026-08-16 00:06:30",812.4,2,jeremyh43
4571,16670221,fle3n,"2026-08-08 19:48:37",812.2,2,fleongg
4572,16684568,"[ODS] waniz","2026-08-08 11:04:42",812.1,1,wanizz
4573,16658384,UwU,"2026-08-10 04:20:44",811.7,2,claudesewitz
4574,16654626,bgsszsa,"2026-08-07 12:01:33",811.4,2,bgsszsa
4575,16653208,FabienDaniel,"2026-08-07 10:17:38",811.3,2,fabiendaniel
4576,16722341,"Pham Huu Bao Chung","2026-09-16 08:57:18",811.3,2,phamhuubaochung
4577,16625472,"luna is free！","2026-08-29 16:39:51",810.9,2,simingtan
4578,16654623,"Asher Goldstein","2026-08-09 17:54:27",810.7,2,ashergoldsteincd21
4579,16670065,"Artyom Sayapin","2026-08-18 23:40:18",810.3,2,spielmeister
4580,16736559,"Team Rot-Weiß","2026-08-19 13:22:35",810.2,2,moritzpaal
4581,16881928,"Saad Khan","2026-09-18 07:00:00",810.1,2,saadlohani
4582,16644552,Keanan,"2026-08-08 11:35:17",809.8,2,citerne
4583,16681480,"Kevin Nguyen","2026-08-14 18:16:29",809.7,2,haidangnguyen1802
4584,16673002,xubenzheng,"2026-08-07 15:40:31",809.4,2,xubenzheng
4585,16880045,"Underground Farmers","2026-09-13 13:04:19",809.2,2,xavierwi
4586,16667714,ZhexinJiang,"2026-08-06 11:26:30",809.0,1,zhexinjiang
4587,16792989,ALKRIS,"2026-08-31 14:35:26",808.8,2,wasimjbuh
4588,16664666,"Rheal Thomas","2026-08-21 19:29:44",808.6,2,rhealthomas
4589,16661132,"Jia Chen","2026-09-10 20:04:02",808.5,2,jiachenjasper
4590,16869317,Pikachuexeallen,"2026-09-12 19:46:36",808.0,2,pikachuexeallen
4591,16656347,OctahedronBB,"2026-08-07 00:52:27",807.9,2,octahedronbb
4592,16668034,ggggalaxy,"2026-08-28 04:56:40",807.7,2,ggggalaxy
4593,16670117,"Raj Aryan","2026-08-07 18:15:04",807.6,2,rajaryan2503
4594,16658499,Grifun,"2026-08-09 03:24:51",807.6,2,msingatullin
4595,16665529,Venneth,"2026-08-08 12:32:20",807.1,2,venneth
4596,16692677,"Ashish Dubey","2026-08-10 06:17:34",806.6,2,ashish124536
4597,16742442,"Anton Dugin","2026-08-21 09:51:07",806.5,2,antondugin
4598,16832686,DongShangYu,"2026-09-16 04:56:40",805.9,2,dongshangyu
4599,16656118,Mutte1904,"2026-08-07 05:03:56",805.7,2,mutte1904
4600,16720913,Candidates,"2026-08-23 17:18:05",805.1,2,"ulyanovmmm,vladimirarchipov"
4601,16663369,csteeve,"2026-08-07 18:44:37",805.1,2,csteeve
4602,16684762,X-xuhui,"2026-08-08 10:07:58",804.3,2,xxuhui
4603,16854074,yudai_000111,"2026-09-18 09:53:51",804.2,2,yudai000111
4604,16668995,"MD.Firoj Khondokar","2026-08-06 11:05:13",803.8,2,mdfirojkhondokar
4605,16659820,Accayo14,"2026-08-06 14:20:30",803.7,2,accayo14
4606,16669491,"Parakh Sharma","2026-08-06 10:59:33",803.0,2,parakh20
4607,16634468,"Kun Zhang","2026-09-01 11:38:47",802.9,2,beicicc
4608,16685990,VictorAndrew,"2026-09-05 22:20:04",801.8,2,vicktvr
4609,16668029,Timbo615,"2026-08-07 11:56:21",801.1,2,timbo615
4610,16705242,"Chonghao Peng","2026-09-04 21:45:52",801.1,2,chonghaopeng
4611,16669971,"Luka Philip","2026-08-08 16:09:32",801.0,2,lukaphilip
4612,16635612,Julian,"2026-09-13 07:06:19",800.7,2,mob404
4613,16666946,pwxc00,"2026-09-08 20:49:33",800.5,2,alert04
4614,16838800,"LEE Dailun","2026-09-09 13:59:27",800.1,2,peterccll
4615,16676677,"Clark Stéphane","2026-08-07 18:58:45",800.1,2,clarkstphane
4616,16658670,EveryJust,"2026-08-07 08:33:35",800.0,2,"everyjust,zfc666wsnd"
4617,16670040,galaxyhunter,"2026-08-17 19:22:06",799.7,2,pkharkwal
4618,16676280,agniii,"2026-08-06 17:05:08",799.6,2,agniii
4619,16683852,"Abhiram Anil","2026-08-08 06:26:11",799.6,2,abhiramanil
4620,16698489,"JIUZHOU CHAN","2026-09-18 00:58:35",799.2,2,jiuzhouchan
4621,16662730,Operator-X,"2026-08-08 10:06:04",799.1,2,"jpexee,lavlinjaisonme23b250"
4622,16642579,"Desyat IO","2026-08-09 17:31:59",798.7,2,desyatio
4623,16655076,"Tita Kongolo","2026-08-08 09:08:57",798.7,2,titakongolo
4624,16666826,"Simone di costanzo","2026-08-07 19:38:11",798.6,2,simonedicostanzo
4625,16687463,"Manolo Chow","2026-08-09 22:56:20",798.5,2,manolochow
4626,16732667,Doug,"2026-08-26 23:26:49",798.4,2,dougsgrott
4627,16664890,ideal_m99,"2026-09-14 04:48:27",798.3,2,idealm99
4628,16689084,Tam1m,"2026-08-29 09:56:39",798.1,2,booleanwolf
4629,16659525,"Dang Khoa Nguyen","2026-08-17 09:51:16",797.5,2,khoadangnguye
4630,16827859,"Ishraq Tanvir","2026-09-04 08:38:08",797.5,2,ishraqtanvir
4631,16655364,AmirElite,"2026-09-17 23:10:55",797.5,2,amirelite
4632,16758431,"Mathews Jere","2026-08-26 18:10:25",796.8,2,mathewjere
4633,16656393,"Faris Abqari","2026-08-07 00:15:25",796.8,2,farisabqari11
4634,16640582,Attension_Seeker,"2026-08-10 06:57:51",796.6,2,aisipu
4635,16665015,"laiba razzaq10","2026-08-07 14:21:49",796.0,2,laibarazzaq10
4636,16623236,"Yonatan Nemtsov","2026-08-06 00:28:01",795.8,2,yonatannemtsov
4637,16652900,cjen07,"2026-08-07 23:33:05",795.6,2,cjen07
4638,16681065,SYC,"2026-08-07 03:22:25",795.3,1,yichengs
4639,16680408,mochogo,"2026-08-07 05:42:33",794.3,1,mochogo
4640,16622788,Fitzcarraldo,"2026-08-07 14:17:24",794.2,2,ivankuc
4641,16742806,"Oğuz Karabulut","2026-09-11 07:47:41",794.1,2,ouzkarabulut
4642,16764419,"Leo #2","2026-08-30 08:17:12",794.1,1,nanlihao
4643,16658717,"Aditya Kapadia","2026-08-06 14:32:16",793.7,2,adityakapadia2003
4644,16682336,"Çınar Efe Yetişen (Student)","2026-08-19 08:29:20",793.6,2,narefeyetienstudent
4645,16670378,"Ari Carter","2026-08-08 23:18:02",793.2,2,aricarter
4646,16678288,"Speedrun retirement","2026-08-30 18:59:23",793.0,2,"josephkimanikamau,nanducode"
4647,16665561,LuoXingda,"2026-08-07 08:22:42",793.0,2,luoxingda
4648,16670807,mannogun,"2026-09-04 23:15:49",792.9,2,arcanejumper
4649,16896810,Xcution,"2026-09-16 18:23:35",792.8,2,gghhjjkk
4650,16664368,"Ujjwal Reddy","2026-08-10 19:43:26",792.6,2,ujjwalreddyks
4651,16802695,"Taras Sam","2026-09-07 17:36:00",792.4,2,tarassam
4652,16735488,"arhaan rai","2026-09-01 19:18:46",792.3,2,arhaanrai
4653,16653855,"Klgv Klgv","2026-08-06 11:54:38",792.3,2,klgvklgv
4654,16681986,"Chirantan Bhardwaj","2026-08-07 10:07:52",792.2,1,chirantanbhardwaj
4655,16673604,"Jiman Kwon","2026-08-21 17:23:47",792.2,2,jimankwon
4656,16908623,42,"2026-09-18 02:15:58",792.0,2,"ffy208,kefeiyan"
4657,16745450,GusNicho,"2026-08-24 03:30:55",791.9,2,pineapplepencil
4658,16665353,Sakshamm2587,"2026-08-17 16:50:43",791.9,2,sakshamm2587
4659,16655763,"Diogo Sena","2026-08-22 17:08:45",791.6,2,diogodmsena
4660,16660555,"Nguyễn Nhật Thanh","2026-08-07 03:45:29",791.4,2,nguynnhtthanhhhhh
4661,16747839,"Ich Schmid","2026-09-17 18:20:57",791.4,2,ichschmid
4662,16841816,JasonDTao,"2026-09-14 06:38:01",791.0,2,jasondtao
4663,16663052,gh,"2026-09-13 21:30:08",790.3,2,grzegorz
4664,16665256,zhoujqi,"2026-08-06 18:31:31",790.3,2,zhoujqi
4665,16666686,yolo,"2026-08-08 12:08:38",790.3,2,avin55
4666,16630758,"Keshav Joshi","2026-08-20 18:53:37",789.9,2,keshavjoshi22
4667,16631665,"jatan sanghvi","2026-09-07 14:03:17",789.8,2,jatansanghvi
4668,16659000,xjlgg123,"2026-08-08 12:35:10",789.3,2,xjlgg123
4669,16658025,"Dennis Gioche","2026-08-06 09:08:34",789.3,2,dennisgioche
4670,16656941,"Winter Lamb","2026-09-09 08:07:56",789.3,2,fabiansyahcahyo
4671,16655353,"Pablo Montenegro","2026-08-09 02:13:47",789.2,2,pablomontalb
4672,16684470,"Soumi Ghosh","2026-08-11 10:59:07",789.1,2,soumighosh911
4673,16732722,Kusanagi,"2026-08-24 21:52:54",788.9,1,kusanagiap
4674,16668545,Ronty00,"2026-08-06 08:24:07",788.7,2,ronty00
4675,16753820,sbite0138,"2026-09-10 14:12:17",788.7,2,sbite0138
4676,16753826,"Jai Mata Di","2026-08-31 10:09:11",788.3,2,mrigshira
4677,16670671,"TAUIL Abd Elilah","2026-08-11 01:17:39",787.7,2,tauilabdelilah
4678,16916213,"Arjun Hans","2026-09-18 02:13:40",787.7,2,arjunhans
4679,16676283,jnurik,"2026-08-07 17:24:01",787.3,2,nurdauletmoldik
4680,16758174,REBEL_K,"2026-08-27 18:30:45",787.3,2,rebelk
4681,16664360,"Rohan L","2026-09-17 00:08:57",786.8,2,rohanlopes
4682,16729472,"Boris Pletenev","2026-08-16 17:23:56",786.2,1,borispletenev
4683,16635781,wacata,"2026-08-19 14:53:05",785.9,2,wacata
4684,16637919,NoOneAhead,"2026-08-07 05:12:50",785.9,2,jerrlu
4685,16665169,"Rahul Barakoti ITM","2026-08-07 10:58:30",785.9,2,rahulbarakotiitm
4686,16675203,HK,"2026-08-06 11:38:05",785.6,1,hizurukonishi
4687,16675027,namanbnsl,"2026-08-06 13:02:52",785.2,2,namanbnsl
4688,16753850,"Ahmad Ali","2026-09-09 17:58:10",785.2,2,ahmadali1243534
4689,16665431,"Monojit Nandy","2026-08-06 11:50:38",785.2,2,vedarthmn
4690,16654726,"James Mancillas","2026-08-07 15:46:12",785.1,2,jamesmancillas
4691,16654832,mohit,"2026-08-07 00:01:08",785.1,2,mohitvarred
4692,16657942,"Gokul Prasath","2026-08-04 23:38:18",784.7,2,beastgokul
4693,16698538,"Haozhe Wang 2022","2026-08-24 00:50:02",784.6,2,haozhewang2022
4694,16639280,"Faruk Çiftler","2026-08-09 11:27:46",784.1,2,abdullahfaruk
4695,16677675,"Roman Mironov","2026-08-06 17:30:28",784.1,1,helloromiro
4696,16683764,bf01,"2026-08-21 21:19:05",784.0,2,jalperov
4697,16632446,"Abdul Wahab Khan","2026-08-06 04:53:37",783.9,1,abdulwahab2321
4698,16782792,"[Deleted] bdc3c175-811b-438f-9c3a-c2d9c80c106a","2026-08-29 07:16:45",783.7,2,del=e8b93c44cf962f9e
4699,16790145,"Casper du Jardin Kejser","2026-09-04 09:12:34",783.6,2,casperdujardinkejser
4700,16898276,SergioMoras,"2026-09-18 10:49:37",783.2,2,sergiomoras
4701,16657957,"Mounika Kommireddy","2026-08-08 07:57:32",783.2,2,mounikakommireddy
4702,16879185,"xuhang ren","2026-09-18 02:45:03",783.0,2,xuhangren
4703,16658709,"Kaggler Albafica","2026-08-06 10:05:39",782.9,2,kaggleralan
4704,16668668,"George Byne","2026-08-25 10:10:36",782.7,2,georgebyne
4705,16665898,chengsongtao,"2026-08-23 00:12:59",781.6,2,cheng618
4706,16848841,Spacejam,"2026-09-07 16:15:52",781.4,1,spacejam1221
4707,16663178,Sm00thiecodes,"2026-08-07 11:00:29",781.2,2,sm00thiecodes
4708,16638909,mbscgi,"2026-08-04 22:48:03",781.0,2,mbscgi
4709,16732022,Mosamosa,"2026-09-03 00:42:06",781.0,1,mosamosa
4710,16744809,"Ruben Romero Fernández-Monge","2026-08-25 18:00:39",781.0,2,salieri7
4711,16719793,dhuruvapriyan,"2026-08-14 16:06:42",780.9,2,dhuruvapriyan
4712,16624977,Avikumar93801,"2026-08-11 05:55:19",780.7,2,avikumar93801
4713,16792568,李秉叡（ntumlnoob）,"2026-09-13 19:19:44",780.4,2,ntumlnoob
4714,16687135,"Kavya Bhandari","2026-08-22 17:20:43",780.3,2,kavyabhandari1998
4715,16917732,qianqiuwushang,"2026-09-18 06:42:57",780.3,1,qianqiuwushang
4716,16654081,"Aleksei Ponomarev","2026-08-06 00:43:57",780.0,2,alekseiponomarev
4717,16621802,fgwiebfaoish,"2026-08-13 12:21:54",779.7,2,fgwiebfaoish
4718,16661019,lmq,"2026-08-04 14:47:23",779.3,2,lmminhquang
4719,16702796,Yavuz.YILMAZ,"2026-09-07 12:22:45",779.2,2,yvztpe
4720,16623798,RuiKimura4,"2026-08-27 00:30:45",779.1,2,ruikimura4
4721,16655493,TheDigitalCK,"2026-08-07 12:31:58",779.0,2,thedigitalck
4722,16908326,"Cristiano M Martins","2026-09-18 04:38:06",779.0,2,cristianommartins
4723,16660819,nya654nya,"2026-09-14 08:30:21",778.9,2,nya654nya
4724,16669400,"Martin Konôpka","2026-08-06 12:16:13",778.8,2,rumburakk
4725,16635890,Poojan,"2026-08-06 09:44:47",778.7,2,poojankumartandel
4726,16666301,"James Felipe","2026-09-03 05:42:24",778.5,2,jamesfelipe
4727,16770912,IsonaEi,"2026-08-26 12:48:48",778.4,1,isonaei
4728,16652986,"Justin Kimlim","2026-08-26 03:12:37",778.2,2,justinkimlim
4729,16641326,IY,"2026-08-05 19:27:31",778.1,2,irotrader
4730,16660091,bcTiann,"2026-08-06 05:55:54",777.6,2,bctiann
4731,16659727,shuaiqiyang,"2026-09-16 01:16:36",777.5,2,shuaiqiyang
4732,16653939,"Amr Yasser","2026-08-06 17:56:07",777.5,2,amryasswe
4733,16664819,"SUBHASRI  S","2026-09-17 14:56:19",777.4,2,subhasri2007
4734,16677240,"Jeevan Malla","2026-08-07 07:37:46",777.2,2,jeevanmalla
4735,16656009,"Steven Liu","2026-08-31 06:25:02",776.8,2,thornkey
4736,16730288,matsurih,"2026-09-17 08:34:06",776.5,2,matsurihime
4737,16742239,"Benny Joseph","2026-09-17 13:06:06",776.4,2,pbennyjoseph
4738,16794125,"Xero Scythe","2026-09-02 18:57:39",776.3,2,xeroscythe
4739,16664170,SpookyHippo,"2026-08-06 02:44:29",776.1,2,spookyhippo
4740,16858849,"Mark Diamond","2026-09-13 22:11:38",776.0,2,ponkle
4741,16660470,"Oğuz Kaan Mavice","2026-08-28 09:39:58",775.8,2,oguzkaanmavice
4742,16783131,Hawkeye,"2026-09-03 07:15:17",775.8,2,pragneshbagary
4743,16659045,Rai1,"2026-08-08 11:53:28",775.7,2,rai2003
4744,16677774,"Abdulatif Mahgoub","2026-08-28 13:26:27",775.2,2,abdulatifmahgoub
4745,16668357,"B.Pardha Manoj Reddy","2026-08-24 16:57:25",775.0,2,pardhamanojreddy
4746,16762722,"Bruno Romero García","2026-08-31 20:24:32",774.1,2,brunoromerogarca
4747,16672520,"Nah I'd win","2026-08-07 08:09:12",774.1,2,asutriy
4748,16693164,nuggettttt,"2026-08-09 02:14:22",773.8,2,nuggettttt
4749,16875632,HexTex,"2026-09-12 04:34:49",773.6,2,hexlab
4750,16667547,"miaoqing long","2026-08-06 03:31:43",773.2,2,miaoqinglong
4751,16659217,Dynamic_fire07,"2026-08-05 18:51:51",773.1,2,"dynamicfire07,tryingmybest123"
4752,16839782,"mou chen111","2026-09-05 15:00:04",773.1,2,mouchen111
4753,16811628,"Roger Yang","2026-09-08 03:12:08",773.0,2,rogerjyang
4754,16678250,"RMS Danaraj","2026-09-08 19:52:43",773.0,2,salorajan
4755,16663591,"Joseph Franck","2026-08-25 10:07:56",772.7,2,josephfranck
4756,16898165,"Mahmoud Nasser","2026-09-17 17:37:56",772.2,2,lomnafsk
4757,16730045,渡邊征央,"2026-09-18 05:49:15",771.9,2,undertaker3409
4758,16823948,"Alexey Stepanov","2026-09-04 21:57:25",771.9,2,alexey0508
4759,16734312,truebelief,"2026-09-09 00:11:41",771.9,2,truebelief
4760,16802341,"Yousef Turk","2026-09-08 04:00:16",771.3,2,yousefturk
4761,16886420,infoproje,"2026-09-13 12:58:25",771.3,2,infoproje
4762,16667606,Manifolds1,"2026-08-06 16:36:46",771.2,2,ptrakuldit
4763,16625013,sash,"2026-08-05 01:00:10",770.9,2,sash2104
4764,16671407,JBro13,"2026-08-07 02:29:02",770.8,2,jbro13
4765,16797785,"Vivek Verma","2026-08-31 20:36:45",770.7,2,cosmicescape
4766,16674550,"Jebastin Nadar","2026-08-06 10:09:16",770.7,2,samfc10
4767,16637519,Temprao,"2026-08-03 12:16:43",770.7,1,maruimono928
4768,16661410,tmxdlr,"2026-08-05 12:40:54",770.4,2,tmxdlr
4769,16759171,"Leonid Kozinkin","2026-09-11 12:35:53",770.3,2,leon7archer
4770,16662872,"Artem Garbart","2026-08-05 09:41:29",770.3,2,artyomgarbart
4771,16664400,Boruiyang21,"2026-08-05 14:56:03",770.1,2,boruiyang21
4772,16657094,irynavs,"2026-08-13 13:23:56",770.0,2,irynavs
4773,16796145,Qian,"2026-09-01 15:04:00",769.7,2,"aurelianz,qianyuchaoni"
4774,16668060,"Spiros Skarmoutsos","2026-08-08 12:48:07",769.7,2,spirosskarmoutsos
4775,16726025,"Yanrun Chen","2026-09-07 12:15:23",769.6,2,yrchen98
4776,16654486,alijs,"2026-08-06 14:27:22",769.5,2,alijs1
4777,16662946,uzair,"2026-08-04 18:40:46",769.4,2,quantumcurator
4778,16669542,Agzam,"2026-08-06 05:09:43",769.4,2,mazgag
4779,16659676,Light,"2026-08-05 03:07:39",769.2,2,aadarshashrestha007
4780,16658723,"Waleed Alkhateeb","2026-08-05 13:31:44",768.6,2,waleedalkhateeb
4781,16624600,ariacat,"2026-08-06 07:16:44",768.2,2,ariacat
4782,16666163,"Muthuraman Raman 7","2026-08-06 05:25:09",768.1,2,muthuramanraman7
4783,16668039,NotEnoughTokens,"2026-08-06 13:04:52",767.9,2,"adofai,jonghyun7777,taglink"
4784,16658684,"Takayuki Michishita","2026-09-13 11:00:03",767.9,2,takayukimichishita
4785,16666242,"Lalwani Palash","2026-08-08 07:45:46",767.6,2,lalwanipalash
4786,16677188,Nicooni,"2026-08-06 16:35:01",767.6,1,nicooni
4787,16679155,jeziorop,"2026-08-06 20:34:53",767.6,1,jeziorop
4788,16662568,RaghavMundhra1,"2026-09-09 04:47:38",767.6,2,raghavmundhra1
4789,16659761,cheng-han,"2026-08-06 08:16:10",767.4,2,neoshie
4790,16654209,"Nirav Mehta 1612","2026-08-10 15:41:47",767.3,2,niravmehta1612
4791,16642154,Burkina_team_mate,"2026-08-06 15:30:54",767.3,2,"belemkalilou,tedjosegregorybere"
4792,16658213,"Ahmet Abdullah Gültekin","2026-09-18 00:20:03",767.0,2,abdullahgultekin
4793,16639471,CaminoLSY,"2026-08-05 01:22:09",766.9,2,lsy37521
4794,16699080,"Karthikeya Thatipamula","2026-09-12 04:52:19",766.9,2,karthikeya18
4795,16841445,Challo,"2026-09-16 17:47:15",766.7,2,germantardioperez
4796,16670765,"tensor choko","2026-08-05 23:03:23",766.6,1,tensorchoko
4797,16627023,Farrmer,"2026-08-05 08:02:35",766.5,2,noahfarr
4798,16660824,"Stitch Clarity","2026-08-04 15:27:53",766.3,2,stevenanctil
4799,16656444,"christopher athans crow","2026-08-05 00:08:13",766.2,2,cchrisaa
4800,16699699,rudykane,"2026-08-11 16:06:34",766.2,2,rudykane
4801,16652560,"Ahmed Samir","2026-08-03 12:15:01",766.2,2,ahmedsamir1598
4802,16666245,"Cagatay Morcicek","2026-08-13 06:53:40",766.0,2,thisismylabs
4803,16664300,"swajay nandanwade","2026-08-05 04:57:10",766.0,2,swajaynandanwade
4804,16654271,"Sophie and Yanna","2026-08-19 17:08:47",765.7,2,"morty3500,sophanie"
4805,16742362,"AMANI DD","2026-08-23 08:02:47",765.7,2,dkonan
4806,16698822,JJN8825,"2026-09-18 06:02:52",765.5,2,jjn8825
4807,16711556,"Avvy Lavoienne","2026-08-18 04:44:16",765.3,2,avvylavoienne
4808,16762634,"Clement Ling","2026-09-11 08:49:26",765.0,2,clementling
4809,16748741,"pt ptao","2026-08-26 12:50:45",765.0,2,ptptao
4810,16695556,"Prajwal Dongre","2026-08-12 08:53:42",764.9,2,prajwaldongre
4811,16670099,"Jon Snyder","2026-08-06 00:27:21",764.9,2,snyderj1515
4812,16667205,"Andrew Lee","2026-08-06 11:16:52",764.8,1,andrewlee23023
4813,16669282,sky233,"2026-08-06 17:06:04",764.7,2,sky233
4814,16668329,HakimTaoufik,"2026-08-18 13:06:18",764.7,2,hakimtaoufik
4815,16663273,"Mason Frias","2026-08-06 22:57:08",764.7,2,masonfrias
4816,16663213,"Takahiro Someya","2026-08-10 22:03:09",764.6,2,takahirosomeya
4817,16656503,"Thiago Munhoz da Nóbrega","2026-08-04 20:47:37",764.4,2,thiagommtmn
4818,16658616,"Amitesh Chaudhary","2026-08-11 10:04:02",764.3,2,amiteshchaudhary
4819,16806251,"Seok Jun Kim","2026-09-08 07:51:16",764.2,2,sjk1225
4820,16659565,Tekin24,"2026-08-13 21:25:21",764.2,2,tekin24
4821,16664775,DoubleZs,"2026-08-06 02:55:02",764.1,2,zhang051018
4822,16666609,"visit palja.co","2026-08-15 03:34:49",763.9,2,sselrats
4823,16757741,"Malte Bories","2026-08-25 20:08:35",763.9,2,maltebories
4824,16655534,"Charles Mills","2026-08-06 16:40:27",763.8,2,charlesqmills
4825,16729515,"Emmanuel Tolani","2026-08-29 15:03:36",763.8,2,emmanueltolani
4826,16631016,木下陽平,"2026-08-06 14:52:20",763.8,2,yoheikaggle
4827,16660376,"Ahmed Sedky 0100","2026-08-06 20:56:37",763.6,1,ahmedsedky0100
4828,16825081,huohuaya,"2026-09-09 06:09:50",763.3,2,huohuaya
4829,16635679,WUHAOZHE618,"2026-08-15 04:08:45",763.3,2,wuhaozhe618
4830,16832844,aliREZA,"2026-09-17 23:55:15",763.2,2,afazlik1
4831,16677965,felipe9695,"2026-08-12 21:23:05",763.0,1,felipe9695
4832,16698045,"Vikhas S G","2026-09-07 06:12:25",762.6,2,vikhassg
4833,16914287,"Vinzi Leo","2026-09-17 13:04:42",762.6,2,vinzileo
4834,16673682,MJ.LIU.T,"2026-08-06 08:14:05",762.3,1,mjliut
4835,16663099,"Md. Abdullah Al Mamun","2026-08-05 02:16:43",762.2,2,mamun18
4836,16656345,sunchang71,"2026-08-05 14:05:13",761.9,2,sunchang71
4837,16644861,"kanzaler ensemble","2026-08-11 14:30:36",761.3,2,kanzalerensemble
4838,16678965,MrGS,"2026-08-09 01:18:09",761.3,2,gabrielsderhll
4839,16686707,"Sébastien henry","2026-09-17 14:36:54",761.3,2,sebmontreal
4840,16639043,"saroj bono","2026-08-28 18:42:55",761.0,2,sarojbono197
4841,16875907,"Yash Mathur","2026-09-12 09:53:56",760.9,2,yashmathur03102001
4842,16657861,"Liao Zixu","2026-08-25 04:28:34",760.8,2,liaozixu
4843,16673155,"Babar Khilji","2026-08-06 15:55:26",760.5,2,babarkhilji
4844,16751999,"Poorna Sai Dumpa","2026-08-25 01:03:04",760.4,2,poornasaidumpa
4845,16632250,"Mesut Gözdemir","2026-08-05 17:54:14",760.2,2,gfkfu123
4846,16634752,"Praise the SHOVEL","2026-08-03 16:16:28",760.0,2,barnobarno
4847,16772626,"Dr. Mikholae Hutchinson","2026-09-05 19:48:53",760.0,2,drmikholaehutchinson
4848,16849443,"Abhishek Kumar Gupta","2026-09-08 17:27:49",759.4,2,guptabhishekumar
4849,16632686,strike,"2026-08-06 06:21:38",759.2,2,nicolia
4850,16679237,"Danilo Sepúlveda","2026-08-06 21:26:28",759.1,1,daniloseplveda
4851,16690050,PersistentLife,"2026-08-08 17:16:17",758.8,2,persistentlife
4852,16717448,getalife();,"2026-09-03 06:03:38",758.5,2,"byteknight28,dhairyapandya24,rounakagrwl"
4853,16666147,"Khalid Bin Hethlain","2026-09-15 20:43:36",758.5,2,khalidbinhethlain
4854,16623665,Giba,"2026-08-05 22:44:41",758.3,2,titericz
4855,16767453,IterumVici,"2026-09-06 19:28:10",758.3,2,iterumvici
4856,16665399,"Shivam Shrivastava","2026-08-13 15:32:37",758.0,2,shivamshrivastava180
4857,16661376,"YERMES AMINE","2026-08-04 14:13:45",758.0,1,yermes
4858,16806003,"Hazqeel Afyq","2026-09-18 10:25:32",757.8,2,hazqeelafyqathaillah
4859,16671622,"Isaac Diaz Lopez","2026-09-15 04:59:43",757.8,2,isaacdiazlopez
4860,16644185,"Mimic Mohsin","2026-08-02 18:38:46",757.7,1,mimicmohsin
4861,16679861,Pandabueno,"2026-08-12 15:51:48",757.7,2,ronaldomonzn
4862,16653085,"haoran huang430","2026-08-06 02:37:22",757.5,2,haoranhuang430
4863,16636148,SanggeunParrk,"2026-08-05 04:04:32",757.4,2,sanggeunparrk
4864,16727696,Milkman,"2026-08-19 15:05:17",757.1,2,talhasahi
4865,16661010,"Dante Dyches-Chandler","2026-08-05 04:36:09",757.1,2,dantedycheschandler
4866,16744640,"Marcin Skalski","2026-09-01 18:25:08",756.8,2,marcinskalski
4867,16663899,"Abdelrahman Aboegela","2026-08-05 13:54:26",756.6,2,abdelrahmanaboegela
4868,16657294,"Ragul M","2026-08-04 07:08:51",756.5,2,ragul7002
4869,16652896,"R^2 negative","2026-08-04 23:14:38",756.1,2,rktqwe
4870,16644390,"Manan Gupta","2026-08-05 17:08:32",755.9,2,obirdy
4871,16656304,"Gururaj Athani","2026-09-12 02:26:55",755.7,2,gururajathani
4872,16745264,wpang,"2026-09-15 23:02:06",755.6,2,wangshu
4873,16632138,kaggle_bbgg,"2026-08-05 11:59:35",755.5,2,kagglebbgg
4874,16679144,つるげーねふ,"2026-09-14 13:59:04",755.5,2,atom7666
4875,16631261,Monster,"2026-08-04 15:46:32",755.5,2,tmtngtrng
4876,16655294,Mobzya,"2026-08-26 23:11:15",755.4,2,mobzya
4877,16793461,"Muhammad Hokimiyon","2026-09-13 14:49:54",755.1,2,muhammadhokimiyon
4878,16660361,"Abhishek Sharma","2026-08-26 10:21:10",755.1,2,abhisheksharma425
4879,16655596,Bela,"2026-08-04 01:18:06",754.9,1,istribaik
4880,16623540,TheDuck,"2026-08-22 15:50:49",754.6,2,jaxroth
4881,16729564,"Eirik Tveiten","2026-08-19 13:04:02",754.6,2,eiriktveiten
4882,16634078,"yoho kumedayo","2026-08-15 12:48:29",754.5,2,dorachinyastyle
4883,16802675,manishcs076,"2026-09-16 21:13:06",753.8,2,manishcs076
4884,16688868,AlbanMaurel7,"2026-08-14 01:34:07",753.6,2,albanmaurel7
4885,16658261,"Manan Khanna","2026-08-04 07:41:27",753.6,1,manankhanna0
4886,16650396,RaymondZhao0304,"2026-08-04 00:39:30",753.6,2,raymondzhao0304
4887,16792155,abc,"2026-09-03 06:45:13",753.4,2,"datqg0,quangnguyn132"
4888,16655530,AlivRick,"2026-08-05 16:18:54",753.4,2,alivrick
4889,16764081,"Demir Durbakayım","2026-08-29 21:21:56",753.3,2,sixcode
4890,16632694,8ct10nz,"2026-08-04 12:02:49",753.2,2,act10nz
4891,16622760,yunus_bayram_kagle,"2026-08-04 07:49:00",753.0,2,yunusbayramkagle
4892,16807875,meghana,"2026-09-10 23:44:54",752.8,2,meghana284
4893,16667503,Yuzuki,"2026-08-05 12:19:45",752.6,1,yuzukiohya
4894,16632055,Bugra0,"2026-08-03 22:44:42",752.4,2,bugra0
4895,16797134,Yooho0,"2026-09-07 16:25:05",752.3,2,yooho0
4896,16656171,ishu,"2026-08-04 03:27:45",752.2,2,ishhverma
4897,16643922,Konstantin03,"2026-09-07 17:03:30",752.1,2,konstantin03
4898,16672264,iiTz_AK,"2026-08-15 12:18:44",752.1,2,iitzak
4899,16779063,"Yendrew Y","2026-09-17 09:38:02",752.0,2,yendrewy
4900,16633808,mmath2,"2026-08-07 10:52:38",752.0,2,mmath2
4901,16664291,"William Dennis","2026-08-11 07:57:27",751.8,2,williamdennis
4902,16847548,"Abhinav Sai Podugu","2026-09-10 06:59:09",751.7,2,abhinavsaipodugu
4903,16716522,"Lavanya Bacche","2026-08-17 08:43:40",751.6,1,lavanyabacche
4904,16644882,"SAMOILOV MIKHAIL","2026-08-03 02:10:04",751.5,1,samoilovmikhail
4905,16656308,"Srishanth Sriramula","2026-08-08 09:02:13",751.4,2,srishanthsriramula
4906,16663096,Agola_dasacic,"2026-08-04 20:07:50",751.3,2,mnu303
4907,16662496,KhalidKhan,"2026-08-05 05:31:07",751.1,2,feedfeed
4908,16628727,dominyellow,"2026-08-04 11:44:21",751.1,2,dominyellow
4909,16624073,SoftRL,"2026-09-15 12:22:42",750.9,2,"maruichi01,ppocharl,puws06,tatsukisato,unikina"
4910,16694399,"Sujith Kumar Sashikanth","2026-08-10 00:01:32",750.9,2,sujithsashi
4911,16643095,ckyasb,"2026-08-05 14:39:42",750.8,2,ckyasb
4912,16630524,"Omprakash Patra","2026-09-18 08:24:45",750.7,2,omprakashpy
4913,16654235,"Mwanza Wambua","2026-08-06 10:16:13",750.7,2,mwanzawambua
4914,16706993,Celibistrial,"2026-09-03 20:28:20",750.6,2,celibistrial
4915,16718916,"ROBERT SSEBAMBULIDDE","2026-08-14 19:21:24",750.4,2,robertssebambulidde
4916,16658173,Tamizharuvi,"2026-09-14 08:27:27",750.4,2,tamizh1
4917,16653958,seowoohyeon,"2026-08-06 11:48:06",750.3,2,seowoohyeon
4918,16662749,Jordan,"2026-09-17 00:11:22",750.1,2,extergeist
4919,16819277,"Enshi Zhang","2026-09-05 16:26:29",749.7,2,enshizhang31
4920,16664221,Anish,"2026-08-14 00:53:48",749.7,2,anishmunje
4921,16712577,"nattapon nakakong","2026-09-18 03:18:01",749.5,2,nattaponnakakhong
4922,16641093,"Satish ","2026-08-20 04:18:42",749.1,2,satishkommanaboina
4923,16664565,"Wayne Chou","2026-08-05 12:30:14",749.0,2,ambientz
4924,16654946,AliLucky,"2026-08-05 15:07:59",748.8,2,alilucky
4925,16818086,wwewwt,"2026-09-08 05:44:07",748.8,2,wwewwt
4926,16634213,kkunizaw,"2026-08-03 20:47:58",748.8,2,kkunizaw
4927,16688884,"As Wasti","2026-08-14 01:34:26",748.7,2,aswasti
4928,16807575,Rf28,"2026-09-03 10:29:55",748.4,2,rehyyy
4929,16656420,"Aditya Raj #2","2026-08-18 16:37:49",748.2,2,optimus2005
4930,16644774,lungjyuanz,"2026-08-07 01:03:20",747.9,2,lungjyuanz
4931,16862461,"Guilherme Volpe","2026-09-18 03:34:17",747.7,2,guivolpe
4932,16657077,_LT_zyc,"2026-08-05 01:01:42",747.7,1,zyczyc
4933,16659883,"Ahmad Hfdx5","2026-08-05 03:33:48",747.3,2,ahmadhfdx5
4934,16622940,"Enrico Ambrosio","2026-08-06 19:56:30",747.3,2,enricoambrosio
4935,16894603,"Riyan Ahasan Araf","2026-09-16 02:11:59",747.2,2,riyanahasanaraf
4936,16637797,"Xiangchen Li","2026-08-04 09:47:59",747.1,2,xiangchenli07
4937,16806635,digimagi,"2026-09-02 05:47:57",746.8,1,digimagi
4938,16661685,"Lê Ngọc Lâm","2026-08-13 15:29:40",746.5,2,lengoclam
4939,16630760,dkzmn,"2026-09-04 08:59:03",746.5,2,dmkzmn
4940,16661229,Gena,"2026-08-04 15:18:42",746.4,2,gdonchyts
4941,16738506,"Rok Sechs","2026-09-16 21:43:58",746.2,2,rokshimiz
4942,16639241,"Alissa King","2026-08-04 05:05:30",746.1,2,alissaking
4943,16630964,LEEKANG,"2026-08-03 14:10:21",746.0,2,poby7722
4944,16621709,smlcr,"2026-08-04 19:35:19",745.9,2,simulacri
4945,16765743,page0526,"2026-08-26 02:08:11",745.9,2,page0526
4946,16702430,"ZeLong Leo","2026-09-18 10:35:32",745.7,2,zelongleo
4947,16635055,chch,"2026-09-17 06:37:30",745.6,2,chchentw
4948,16734672,"Artom  Wade","2026-09-18 08:01:48",745.4,2,artomwade
4949,16885059,"Bhaskar #2","2026-09-14 19:08:31",745.2,2,itikelabhaskar
4950,16700265,Reesav,"2026-08-10 14:15:06",745.2,2,reez08
4951,16623969,"Akira Imae","2026-09-18 00:10:58",745.2,2,imaeakira
4952,16770724,Louras,"2026-08-26 09:49:05",745.1,2,louras
4953,16659435,Zerabyte_X,"2026-08-04 09:52:16",745.1,1,zerabytex
4954,16654006,"Harish Dhanarajan","2026-08-03 17:23:50",744.7,1,harishdhanarajan
4955,16669052,"Md. Asif Hossain","2026-09-18 05:29:41",744.6,2,sabuktagin
4956,16644221,"Guzha Panashe H","2026-08-22 15:34:41",744.3,2,guzhapanasheh
4957,16866109,AAA-建材批发旭哥,"2026-09-12 03:44:40",744.3,2,aaawenxu
4958,16789903,"Netanel Keidar","2026-09-16 21:03:07",744.3,2,netanelkeidar
4959,16677752,"Senya Ka","2026-08-08 19:16:00",744.2,2,m1greatcool
4960,16663187,"Teddy McBride","2026-08-07 03:59:53",744.1,2,tedcr100
4961,16658265,kraken,"2026-09-05 15:23:26",744.1,2,krn0209
4962,16786115,"Andy Phan","2026-09-07 01:10:28",744.1,2,andyphan
4963,16659033,"Farzana Shaju","2026-08-05 07:18:29",743.6,2,"farzanashaju,shaikhharisjamal"
4964,16658571,"Yusuke Sato","2026-08-27 03:06:42",743.5,2,wanko123
4965,16653122,Wei_Chance,"2026-08-23 10:25:14",743.5,2,bystanderq
4966,16654419,kreiack,"2026-08-09 23:47:00",743.4,2,kreiack
4967,16663515,HamsterSashka,"2026-08-20 14:40:55",742.9,2,hamstersashka
4968,16623646,"Minal kharat123","2026-09-16 04:54:01",742.7,2,minalkharat123
4969,16642207,"Nerijus Areska","2026-08-04 00:01:32",742.3,2,nerijusareska
4970,16894622,"Matthew B","2026-09-18 00:54:46",742.2,2,mcb68945
4971,16623448,HoJoonYun,"2026-08-09 13:43:43",742.2,2,hojoonyun
4972,16695555,S4K50M,"2026-08-12 14:39:41",741.7,2,setiasaksham
4973,16657817,"rohith sai midigudla","2026-08-05 12:36:40",741.6,2,rohithsaimidigudla
4974,16629983,Amundsen,"2026-08-05 06:51:46",741.5,2,amundsen
4975,16634022,"Cihan Atak","2026-08-02 16:00:43",741.4,2,cihanatak
4976,16830531,"Nikos Chatzinikolaou","2026-09-16 09:35:52",741.2,2,nikoschatzinikolaou
4977,16747914,"Token's Expired","2026-08-22 16:25:39",741.2,2,"adeebshekh,akratisingh0101,shaankapoor21"
4978,16670304,"Daniel Tomaro1","2026-08-09 03:03:06",740.8,2,danieltomaro1
4979,16658852,"Chhaya Awasthi","2026-08-04 09:37:05",740.6,2,chhayaawasthi
4980,16740633,zhangtingyu11,"2026-08-20 04:34:32",740.6,2,zhangtingyu11
4981,16823938,"Santanu Banerjee","2026-09-13 07:05:31",740.6,2,santanubanerjee9
4982,16668633,peien5,"2026-08-06 14:44:47",740.5,2,peien5
4983,16658562,mashBrian254,"2026-08-04 10:48:33",740.3,2,mash1990
4984,16898029,"Leonid Kononenko","2026-09-18 04:47:05",739.9,1,"aleksandraavetisova,leonidkononenko"
4985,16715255,"xiaocai liu","2026-09-13 19:19:43",739.8,2,xiaocailiu
4986,16655603,"Veeranuch Leelalai","2026-08-11 12:55:29",739.5,2,veeranuchleelalai
4987,16622482,"Veniamin Nelin","2026-08-04 19:40:18",739.5,2,veniaminnelin
4988,16669227,"Tom Dufresne","2026-08-07 11:17:39",739.5,2,tadufre
4989,16650018,EiMengLove,"2026-08-05 10:27:31",739.4,2,konicty
4990,16713463,"Dillen Perumal","2026-08-29 16:39:37",739.3,2,dxllen
4991,16660939,"Quenux Studio","2026-09-03 17:07:26",739.3,2,dieguis1976
4992,16665293,"ADITYA BEECHA","2026-08-10 05:16:38",739.2,2,bechaaditya
4993,16680239,"Marinto Richee J","2026-08-12 08:21:02",739.2,2,marintoricheej
4994,16655828,ack07,"2026-08-06 04:52:07",739.0,2,its07amit10
4995,16660853,"lxh unbound","2026-08-05 00:02:02",738.9,2,lxhunbound
4996,16662094,"moncef elm","2026-09-05 21:39:39",738.8,2,moncefelm
4997,16622015,"Ioannis M","2026-08-06 08:12:21",738.7,2,imeintanis
4998,16658264,XiweiZhou,"2026-09-06 23:35:58",738.5,2,xiweizhou
4999,16734321,SubratP85,"2026-08-25 21:03:35",738.2,2,subratp85
5000,16881685,"Vladislav Mlechko","2026-09-12 16:41:48",738.1,1,vladislavmlechko
5001,16625663,sota1111,"2026-09-03 01:43:41",738.0,2,sota1111
5002,16758889,bomboclat,"2026-08-30 08:52:08",737.5,2,sstprk
5003,16907246,VROPEXT,"2026-09-16 18:46:53",737.4,2,vropext
5004,16702509,KošičanSVK,"2026-08-17 18:04:22",737.3,2,ryanstoner
5005,16652339,"Mohamed Amine Rebhi","2026-08-03 16:03:07",737.2,2,mohamedaminerebhi
5006,16805598,"I'm just trying out here QQ","2026-09-02 22:31:17",737.0,2,zadatt
5007,16664439,"Tony T","2026-09-10 12:16:04",736.8,2,thekke
5008,16667730,"Surya Vijjeswarapu","2026-09-03 18:49:07",736.8,2,suryavijjeswarapu
5009,16623542,Stardrop,"2026-09-04 05:44:53",736.8,1,wscmisx
5010,16654705,"Abu Saleh","2026-09-09 17:01:47",736.5,2,salehjunior
5011,16665764,"izh yng","2026-08-21 06:16:21",736.4,2,izhyng
5012,16672672,Koiiiiiopen,"2026-08-08 06:25:21",736.4,2,koiiiiiopen
5013,16721639,"Ankit Sain","2026-08-25 01:14:02",736.3,2,thisankitsain
5014,16630111,jannchie,"2026-08-04 19:09:17",735.4,2,jannchie
5015,16651180,yangyefd,"2026-08-03 08:42:57",735.1,1,yangyefd
5016,16678370,"Chenhao Wang","2026-08-07 06:37:46",735.1,1,wangles
5017,16659874,"ding yumeng","2026-08-26 11:59:06",734.8,2,dingyumeng
5018,16644566,"Guangjian Dong","2026-08-02 23:59:18",734.5,1,guangjiandong
5019,16774787,wpk1122,"2026-08-29 01:54:49",734.4,2,wpk1122
5020,16654153,"Mateus Cruz, Msc.","2026-08-03 17:44:02",734.3,1,matteuscruz
5021,16666900,sooflee,"2026-08-12 14:19:50",734.1,2,sooflee
5022,16662904,Bharathms1902,"2026-08-08 11:41:54",733.5,2,bharathms1902
5023,16623732,A.S.TENSHU,"2026-08-17 16:25:35",732.9,2,kirvk013
5024,16651613,"Devin Zhou","2026-08-05 02:27:36",732.7,2,devinzhou
5025,16659996,Schwifty,"2026-08-12 20:01:01",732.7,2,schwiftyc137
5026,16850098,"Bob Gerry","2026-09-09 05:35:31",732.4,2,bobgerry
5027,16623932,"Axel Ahmer","2026-09-07 15:54:12",732.3,2,blondie1
5028,16763829,"Shane Thivaharraja","2026-09-18 03:19:09",731.9,2,shanethivaharraja
5029,16623389,"Mominul Islam Hemal","2026-08-02 11:23:03",731.7,2,mominulislamhemal
5030,16635680,starclan,"2026-08-14 17:50:55",731.5,2,starclan
5031,16876275,"JOP OK","2026-09-18 11:00:34",731.3,2,fuveo24
5032,16763865,SydneyC666,"2026-08-26 08:50:40",731.1,2,sydneyc666
5033,16866097,"Pradeep Kumar Mahato","2026-09-16 14:21:29",731.1,2,pradeepkr12
5034,16631978,"batuhan kalem","2026-08-02 22:12:00",731.1,2,batuhankalem
5035,16655712,"Smart Manoj","2026-08-04 01:55:13",731.0,2,smartmanoj
5036,16665994,Rakhansyah,"2026-08-25 13:08:20",730.0,2,rakhansyah
5037,16662633,"Shekhar Suman","2026-08-15 19:17:49",729.9,2,shekharvc
5038,16663407,Denis,"2026-08-11 17:42:21",729.4,2,matsiusheuski
5039,16656170,"Chakrabhuana V  Deva","2026-08-05 06:54:50",729.4,2,chakrabhuanavdeva
5040,16632536,"Aleksander Sachuk","2026-08-02 21:33:27",729.1,2,alexsssachuk
5041,16818689,Takashi,"2026-09-12 10:43:09",728.8,2,takashi1
5042,16664653,Adir,"2026-08-26 00:49:46",728.7,2,adiradam
5043,16641489,suminshim,"2026-08-03 06:24:39",728.2,2,suminshim
5044,16906012,GarbageOoze,"2026-09-17 16:26:43",728.2,2,"garbageooze,luoruihan12"
5045,16739551,arao,"2026-08-28 21:24:55",728.0,2,anjanarao
5046,16775250,Junrong,"2026-08-30 00:00:13",727.4,2,fjhgjf
5047,16730199,kawanot,"2026-08-24 09:15:18",727.4,2,kawano
5048,16748462,"Jiwon Lee","2026-09-17 22:16:25",727.0,2,jibong7600
5049,16639567,YassY_The_AlchemYst,"2026-08-11 15:07:03",726.9,2,yassineelhallaoui
5050,16798334,"Gabriel othávio","2026-09-02 22:08:55",726.6,2,gabrielothvio
5051,16661670,sansm1,"2026-08-04 16:54:59",726.5,2,sansm1
5052,16655588,"The Devil's World 678","2026-08-07 10:39:23",726.4,2,thedevilsworld678
5053,16876706,"zijun zhang","2026-09-11 17:47:11",726.0,1,kongmu0503
5054,16875671,"Nikolay Shaulsky","2026-09-18 06:24:45",726.0,2,nikolayshaulsky
5055,16809515,"Александр Трифонов","2026-09-12 20:13:15",725.9,2,cybrvibe
5056,16854521,koumiyata,"2026-09-18 01:34:16",725.9,2,koumiyata
5057,16774682,"Tatsuhito Yoshikawa","2026-09-04 02:14:45",725.6,2,tatsuhitoyoshikawa
5058,16671980,601918_กิตติพงศ์,"2026-08-08 08:28:12",725.5,2,bluexg5502
5059,16637489,"Gopal Krishna Gundumalla","2026-08-02 12:39:17",725.4,2,gopalkrishnag
5060,16880938,nousername22,"2026-09-18 10:21:33",725.1,2,nousername22
5061,16843436,ktaery,"2026-09-13 11:24:48",725.0,2,ktaery
5062,16676054,"Vladislav Konstantinov","2026-08-08 09:33:35",725.0,2,vladkonstantinov
5063,16738239,"Yaseen Shah7897","2026-09-08 05:57:15",724.7,2,yaseenshah7897
5064,16876853,PUN,"2026-09-18 08:03:31",724.6,2,pshikk
5065,16655396,Tesla1AC,"2026-08-08 08:18:09",724.4,2,mathornton
5066,16664249,"Rohan Jain","2026-08-17 20:26:14",724.1,2,rohanjain2312
5067,16846490,MazharShaikh,"2026-09-12 04:53:27",724.0,2,mazharshaikh
5068,16635159,Abdulsamad,"2026-08-06 11:48:04",723.9,2,abdulsamadjod1234
5069,16650701,"Oliver Wang","2026-08-03 16:17:36",723.6,2,oliverwang15
5070,16667058,"Lê Quốc Duy","2026-08-08 01:03:08",723.2,2,lqucduy
5071,16657265,"Hemant Kumar","2026-09-17 16:15:03",723.0,2,hemantrajputt
5072,16622312,"Malak Reda","2026-08-03 09:02:41",722.9,2,malak457
5073,16633083,bsenst,"2026-08-07 12:38:47",722.3,2,bnzn261029
5074,16736314,"wuret henr","2026-08-20 09:10:48",722.2,2,wurethenr
5075,16749524,zzholo,"2026-09-06 00:16:17",722.0,1,zzholo
5076,16844092,Johana01,"2026-09-15 08:10:42",720.8,2,johana01
5077,16639330,"Dead Signal Works","2026-08-02 12:40:32",720.8,2,brooklynhalmstad
5078,16640811,cyberia,"2026-08-02 09:12:23",720.5,1,cyberia
5079,16639473,"Jeff Borschowa","2026-08-02 00:39:11",720.3,2,jeffborschowa
5080,16769419,dylanaki,"2026-09-05 15:08:18",720.3,2,dylanaki
5081,16770454,"Nawaf Almutairi","2026-09-12 19:23:12",719.8,2,nawafbalmutairi
5082,16835371,"Eli Ziv","2026-09-06 00:11:52",719.8,2,eliziv027
5083,16661532,"Fedor Baart","2026-08-05 12:34:21",719.7,1,fedorbaart
5084,16626217,"Stanislav Chistyakov","2026-08-05 18:52:47",719.6,2,chistyakov
5085,16726093,CocoTeam,"2026-08-18 14:22:45",718.0,2,"albaasca,ceemeese"
5086,16640877,Yorix.um,"2026-08-02 13:31:28",717.4,1,yorixum
5087,16709800,nubx,"2026-08-20 17:12:04",717.4,2,manrajjitsidhu
5088,16693903,"Alief Randiansyah","2026-08-09 09:37:39",717.1,1,"aliefrandiansyah,salsaaghnia"
5089,16876448,"Max Harvestappen","2026-09-15 16:35:36",717.0,2,ryosukefujita
5090,16767709,"Mike Anderson","2026-09-16 13:08:39",716.7,2,manderson240
5091,16675452,Vladislav,"2026-08-12 13:58:35",716.5,2,simmeringoverstep
5092,16709136,ryanocm,"2026-08-13 15:08:49",716.0,2,ryanong
5093,16644415,Ztrk,"2026-09-03 17:04:24",715.8,2,ztrk123
5094,16663200,BONES,"2026-08-31 06:05:00",715.7,2,tusharkumar23321032
5095,16730180,zshandy,"2026-09-08 04:57:54",715.6,2,zshandy
5096,16657419,"Saivedant Hava","2026-08-05 06:36:39",715.5,2,saivedanthava
5097,16668361,NinhNguyen,"2026-09-12 12:55:39",715.3,2,ninhnt110695
5098,16658252,"Krishnan CS","2026-08-20 05:28:14",715.3,2,krishnanchathadi
5099,16643692,Samsay24,"2026-08-02 17:22:45",715.0,1,samsay23
5100,16872090,DanielAarhus,"2026-09-17 07:10:37",714.7,1,danielaarhus
5101,16655339,harmo-miu,"2026-08-23 05:57:37",714.5,2,harmomiu
5102,16632426,Santhana,"2026-09-17 17:29:43",714.5,2,santhanalekshmic
5103,16682908,"Masha Mashallah","2026-09-12 09:32:09",714.3,2,mashamashallah
5104,16883264,"João Felipe Aguiar","2026-09-13 15:32:14",714.2,2,joofelipeaguiar
5105,16809371,"Aashir Noman","2026-09-18 10:03:45",713.8,2,aashirnoman
5106,16798401,"Hunter Mimaroglu","2026-09-02 22:00:37",713.5,2,huntermimaroglu
5107,16896006,jrw208,"2026-09-15 09:37:51",713.3,1,jrw208
5108,16667516,Rosastella,"2026-08-05 16:00:48",713.3,2,rosastella
5109,16661353,mithi,"2026-08-11 20:04:07",712.7,2,singhaleo
5110,16716089,wuzixiao,"2026-09-08 03:36:02",712.5,2,wuzixiao
5111,16668923,"duy tran","2026-08-10 18:38:49",712.1,2,duytran23
5112,16656934,"Aleks Kolesnik","2026-09-14 19:02:46",712.1,2,aleksandrkolesnik
5113,16891179,feng222666888,"2026-09-15 02:59:51",711.6,2,feng222666888
5114,16678044,BJFC,"2026-08-16 09:15:05",711.5,2,"harshithharithsa,svsumanth"
5115,16658048,"Joel jaison 391","2026-08-05 02:31:57",710.1,2,joeljaison391
5116,16718039,Uman_n3l,"2026-08-31 14:40:32",709.5,2,umann3l
5117,16663444,Thomas,"2026-08-11 04:21:42",709.1,2,tartieret
5118,16656379,"Jay Gautam","2026-08-12 12:19:40",709.0,2,jaygautam007
5119,16758383,"Tong Jing Yen","2026-09-03 20:42:50",708.9,2,tongjingyen
5120,16764445,sukesuke012,"2026-09-03 01:40:16",708.6,2,sukesuke012
5121,16646360,"Asrith Singampalli","2026-08-03 08:46:59",708.6,2,asrithsingampalli
5122,16659125,"Meet Parekh","2026-08-19 10:31:09",708.5,2,meetparekh1
5123,16806142,"junjie zhou","2026-09-17 12:50:24",708.3,2,junjiezhou5100
5124,16634036,"Emanuel Lázaro","2026-08-02 14:55:30",707.9,2,emanuellcs
5125,16670759,"Lemmes Yad","2026-08-09 04:37:37",707.7,2,"austinsemmel,jonallday"
5126,16718579,"Nazariy Karpov","2026-08-18 07:28:29",707.7,2,nazariykarpov
5127,16669466,"vuppuluri sriramsubhash","2026-08-06 08:42:50",707.5,2,vuppulurisriram
5128,16656167,"Minh Quang Do","2026-09-11 04:05:53",707.4,2,mrfreddy0209
5129,16734511,"Marcin Salaterski","2026-09-16 23:18:31",707.3,2,marcinsalaterski
5130,16639810,gytdrop,"2026-08-14 12:47:28",707.2,2,"kartikeyrajbhar,shaikaktharali"
5131,16759229,"Samuel Kurabachew","2026-08-28 22:17:20",706.7,2,samuelkurabachew
5132,16632571,"nishchal jain","2026-08-03 07:27:14",706.6,2,nishchaljainds
5133,16697736,"Daniel Correa","2026-09-15 12:55:14",706.0,2,dcorrea1
5134,16707034,"Muhammed Ali Kul","2026-09-15 14:52:53",705.6,2,muhammedalikul
5135,16636105,"Md. Mehedi Hasan","2026-08-01 14:03:03",705.3,2,mehedi052
5136,16882072,"Ahmed Isa Zaweel","2026-09-13 09:57:29",705.0,2,ahmedisazaweel
5137,16698596,ymok,"2026-09-12 02:00:52",705.0,2,iromao
5138,16677514,mayoristaNLP,"2026-08-09 16:33:23",705.0,2,mayoristanlp
5139,16659174,Soulwood,"2026-09-06 04:56:32",704.9,2,soulwood
5140,16884517,"Fizie Fulumaka","2026-09-14 07:46:31",704.5,2,fiziefulumaka
5141,16658569,"Danu A.","2026-08-05 13:12:09",704.4,2,eu1234
5142,16703203,"Hamza Shafik ","2026-08-17 23:48:06",704.2,2,hamzashafik12
5143,16726769,"Ci Zhu","2026-09-09 04:10:37",703.9,2,zhuci1993
5144,16762719,"Ahmet Bilginoglu","2026-09-02 20:34:49",703.8,2,ahmetbilginoglu
5145,16691481,"Aditi Salvi","2026-08-18 15:24:53",703.8,2,aditisalvi04
5146,16641068,"Rahul Ray","2026-08-05 14:27:07",703.6,2,rahulray5
5147,16793626,"KO LIH HAN","2026-09-11 01:29:18",703.5,2,kolihhan
5148,16845284,KD0G22,"2026-09-07 20:07:47",703.5,2,kd0g22
5149,16775353,"YK Pan","2026-09-14 11:19:52",703.4,2,vansher
5150,16661585,"Fully Liquidated","2026-09-01 01:57:16",702.9,2,kriskilgroe
5151,16799024,Becegatto,"2026-09-18 01:36:52",702.8,2,viniciussignorelli
5152,16773966,"Ronel Abraham Mathew","2026-08-26 16:05:26",702.0,2,ronelm
5153,16863974,suteno,"2026-09-17 10:28:02",702.0,2,sutekikano
5154,16655187,cmxu,"2026-08-05 05:31:07",701.9,2,cmxu77
5155,16670842,Cole,"2026-08-15 19:50:43",701.4,2,colechristensen
5156,16670424,"Josep Audenis","2026-08-11 17:52:07",701.3,2,josepaudenis
5157,16665301,EricYang03,"2026-08-13 15:49:11",700.7,2,ericyang03
5158,16678666,"Rudranarayan Pradhan","2026-08-09 12:28:32",700.0,2,itzrnp
5159,16726617,"Chase Lebarv","2026-08-19 01:07:58",699.9,2,chaselebarv
5160,16663343,"Abdullah M. Haque","2026-09-13 18:41:14",699.9,2,abdullahmhaque
5161,16775210,"Daniel LPD","2026-09-10 14:44:52",699.7,2,daniellpd
5162,16682353,"counter puncher","2026-09-16 13:38:14",699.7,2,ahmadabdoumalickdiop
5163,16692954,"Adam Nhan","2026-08-16 19:10:48",699.1,2,asnhan
5164,16638667,"Sarvesh Nikas","2026-08-13 06:50:00",698.1,2,sarveshnikas
5165,16792512,ckd999,"2026-09-06 19:15:19",697.7,2,ckd999
5166,16823144,"AARAV JADAV","2026-09-10 03:30:21",697.7,2,aaravjadav
5167,16692569,"Mark Kirwan","2026-08-26 08:05:16",697.5,2,markkirwan1990
5168,16672035,diet1236364,"2026-08-09 23:37:45",697.5,2,kosuke123
5169,16672095,"Friaseus ","2026-09-17 19:17:45",697.3,2,friaseus
5170,16652334,"Aldibek [dsmlkz]","2026-08-27 19:33:18",697.2,2,aldibek
5171,16719065,"Aldo Rizona","2026-08-17 15:32:26",697.1,2,aldorizona
5172,16852559,永井こうたろう,"2026-09-09 04:01:11",696.8,2,kotakota914
5173,16640461,"Shigeru Kondou","2026-09-17 19:12:22",696.8,2,shigerukondou
5174,16658050,"changwei shi","2026-08-18 02:45:47",696.4,2,changweishi
5175,16730326,atsushi11o7,"2026-09-16 11:24:22",696.4,2,atsushi11o7
5176,16767802,"Luis Fernando Faria","2026-08-31 20:57:29",696.1,2,luisfernandofaria
5177,16655062,KKS,"2026-08-08 07:36:03",696.0,2,sachisgod
5178,16666452,"victor souza","2026-08-09 17:07:51",695.7,2,victorcaio
5179,16728204,Meshwa,"2026-09-04 11:17:12",695.7,2,meshwapatel4287
5180,16652984,hxaxd,"2026-08-05 15:09:49",695.4,2,hxaxdcs
5181,16719451,"Syed Toubur","2026-09-16 06:33:37",695.3,2,syedtoubur
5182,16663659,"Omer Rehman","2026-09-02 11:05:02",695.1,2,omerrehman97
5183,16663356,Farm-ops,"2026-08-06 23:27:37",695.0,2,"dakotavannauker,tsho01"
5184,16708369,JairSanchez151270,"2026-08-11 16:30:55",694.7,2,jairsanchez151270
5185,16731990,Karl0106,"2026-09-18 08:35:18",694.0,2,karl0106
5186,16770972,"Victoria Makarskaia","2026-08-27 12:28:53",693.9,2,victoriamakarskaia
5187,16887820,"Radosław Czajkowski","2026-09-18 08:58:57",693.8,2,radoslaw
5188,16715399,"Julia Chien","2026-09-05 08:21:06",693.6,2,juliachien
5189,16698366,Fateyongheng,"2026-08-17 15:08:58",693.4,2,fateyongheng
5190,16849153,"Zackary Loevseth","2026-09-08 06:14:48",693.3,2,zackaryloevseth
5191,16892257,ShadowMist01,"2026-09-18 10:56:14",693.2,2,shadowmist01
5192,16758204,kkKaan,"2026-08-24 07:56:58",693.0,2,kkkaan
5193,16725150,"Nicolae Drabcinski","2026-09-01 11:45:51",693.0,2,nickdrabcinski
5194,16662375,"Yunusa Hussein Adeiza","2026-08-14 22:12:49",692.5,2,yunusahusseinadeiza
5195,16635127,"Sergey Bryansky","2026-08-26 20:39:37",692.4,2,sggpls
5196,16625339,kazusw,"2026-09-17 13:28:52",692.2,2,kazusw
5197,16688429,"Omrani Rabah","2026-08-11 22:19:21",692.2,2,omranirabah
5198,16692350,"Emerson Suarez","2026-08-16 05:09:13",692.1,2,jericksystem32
5199,16718539,"Divyansh Agrawal","2026-08-14 06:58:46",691.9,2,spartan1925
5200,16838855,"Sze Yu Sim","2026-09-09 01:37:05",691.1,2,szeyusim
5201,16637340,the_vinci_coder,"2026-08-03 16:27:16",690.8,2,lokijt
5202,16654267,maniginam,"2026-09-18 03:00:06",690.6,2,maniginam
5203,16663933,AnshV1,"2026-08-06 03:03:35",690.5,2,anshv1
5204,16662138,"Luan He","2026-09-05 21:53:24",690.4,2,luanhe
5205,16639973,akky,"2026-08-03 15:39:41",690.3,2,tellxxx
5206,16756176,"Unsh Rawal","2026-09-06 20:29:16",690.1,2,unshrawal
5207,16718202,"Abhi Kumar Agrawal","2026-08-18 09:52:24",690.1,2,abhikumaragrawal
5208,16639719,JASONSLIMWONG,"2026-08-02 08:11:22",689.6,2,jasonslimwong
5209,16640619,"Sơn Nguyễn","2026-08-28 08:19:19",689.5,2,sonnguyen10
5210,16664103,izack2666,"2026-08-07 14:41:10",689.3,2,izack2666
5211,16666341,"Ege Güvener","2026-09-11 17:20:35",689.2,2,egegvener
5212,16665654,"Anurag H H","2026-09-10 15:05:26",689.1,2,anur4ghh
5213,16786485,"Sam Jenkins","2026-09-01 03:50:16",688.9,2,samjenkinsuk
5214,16670365,"Konstantin Alekseev","2026-08-10 10:58:09",688.9,2,alekskst
5215,16856888,"Md Mehrab Hossain Opi","2026-09-10 07:16:45",688.4,2,iamopi
5216,16798268,KAEOS,"2026-09-06 20:09:49",688.2,2,hitesh221
5217,16675997,"Rintaro Moriwaki","2026-09-16 16:03:10",688.1,2,rintaromoriwaki
5218,16760087,Slizzle,"2026-08-30 04:37:40",687.9,2,sloan98
5219,16719081,数学の山田,"2026-09-15 10:28:05",687.7,2,b612sum1
5220,16728069,Taisei7,"2026-09-09 06:27:49",687.3,2,taisei7
5221,16634876,MakiMakiAi,"2026-08-02 07:52:40",687.2,2,makimakiai
5222,16668748,"Harrison Interactive","2026-09-18 01:03:49",687.1,2,nosiru
5223,16823942,"jiajun chi","2026-09-06 04:18:22",687.1,2,jiajunchi
5224,16853417,"Aditya Prasetyo Budiarso","2026-09-11 11:59:34",687.0,2,artsodeva
5225,16674532,"shoaib khan","2026-08-08 01:57:11",686.9,2,manifoldinfo
5226,16741243,"Yasin Mert Şahin","2026-09-18 07:46:05",685.7,2,ymertsahin
5227,16809800,XYZ-Siddhartha,"2026-09-18 07:40:37",685.6,2,siddharthaganguly26
5228,16849778,"Kim Minh","2026-09-15 09:05:40",685.4,2,hanming14
5229,16684710,"Pratik Singh","2026-08-11 11:34:48",685.4,2,pratikks11
5230,16708189,Facouse,"2026-08-11 16:09:17",685.2,2,facouse
5231,16702932,kyconf,"2026-09-12 14:10:46",685.1,2,kyconf
5232,16657397,"QSS Technosoft AI Team","2026-08-05 07:47:00",685.0,2,"kunalthedev,nishantkumarabes,prathamydvv,prishagdev,shreyakchakraborty"
5233,16696267,"yu lesui","2026-08-10 05:41:40",685.0,2,yulesui
5234,16755398,takataok_42,"2026-09-16 14:02:03",684.8,2,takataok42
5235,16654491,"Amedeo Biolatti","2026-09-08 16:50:15",684.7,2,abiolatti
5236,16660548,"Viraj Bakshi","2026-08-08 18:50:11",684.5,2,virajbakshi
5237,16862913,MLEDV,"2026-09-11 18:13:10",684.3,2,edwardvaines
5238,16855147,Kao0207,"2026-09-12 12:32:12",684.0,2,kao0207
5239,16671217,"Akshay V","2026-08-21 04:01:22",684.0,2,akshayv1001
5240,16659749,"Kavsik YVS","2026-08-22 19:30:45",683.8,2,kavsiku0512
5241,16724522,"stathis maurog","2026-08-26 07:01:48",683.6,2,stathismaurog
5242,16759443,"Ayman machhidan","2026-09-12 22:15:45",683.4,2,aymanmachhidan
5243,16804027,ceir-ceir,"2026-09-03 19:11:09",683.0,2,ceirceir
5244,16657095,"Prashant Kumar","2026-08-20 12:59:11",682.8,2,praskr
5245,16804094,faheem,"2026-09-18 10:31:09",682.7,2,faheemkhaskheli9
5246,16663678,"Fabiano Adelino","2026-08-24 23:45:56",682.4,2,fabianoadelino
5247,16775125,weimean,"2026-09-18 03:32:42",682.2,2,gtwm98
5248,16688929,"Kangqiao LIU","2026-08-18 07:44:55",682.1,2,kangqiaoliu
5249,16666391,"Harshpreet Singh","2026-08-06 10:32:51",682.1,2,harshpreet931
5250,16822523,bvgr,"2026-09-15 19:17:50",682.0,2,vbeeram
5251,16669330,"Panagiotis Charalabopoulos","2026-08-26 18:49:46",682.0,2,panagiotischaral
5252,16882001,"Satyam Pote","2026-09-13 00:00:04",681.6,2,satyampote
5253,16881370,"xianhao Lin6077","2026-09-15 12:39:40",681.4,2,xianhaolin6077
5254,16633175,"Umut Kıvanç Sipahioğlu","2026-08-04 15:51:56",681.4,2,umutkvansipahiolu
5255,16911078,Tolgii,"2026-09-18 00:52:07",681.2,2,tolgakiremit
5256,16715251,SoraGinko,"2026-08-28 18:52:17",681.0,2,terrywuu
5257,16802598,zxcqqe,"2026-09-12 10:56:15",681.0,2,anonimniygeniy
5258,16667762,KucingGanteng,"2026-09-12 20:04:37",681.0,2,dhiyaussalam
5259,16863492,"Andrew Kalita","2026-09-10 03:32:25",680.9,2,andrewkalita
5260,16694779,JacobKooi,"2026-08-10 09:16:35",680.6,2,jacobkooi
5261,16664828,Leon,"2026-08-09 09:00:09",680.4,2,leonmyl
5262,16710621,(´･_･`),"2026-08-16 07:14:53",680.2,2,tanakh
5263,16713877,FunnyBishop,"2026-08-16 03:19:24",680.2,2,funnybishop
5264,16763977,"Jong Park","2026-08-26 09:21:40",680.2,2,papercat318
5265,16685069,derek_kuang0213,"2026-08-22 10:33:21",680.1,2,derekkuang0213
5266,16759162,sgsuh,"2026-09-13 13:24:02",680.1,2,seukgyo
5267,16635848,KartoplyanePure,"2026-08-31 20:43:34",679.9,2,"danylotovp,wizardmp"
5268,16674543,"Sujal Agarwal2301","2026-08-09 13:37:43",679.5,2,sujalagarwal2301
5269,16881453,"fahim magsi","2026-09-13 15:18:43",679.4,2,fahimmagsi
5270,16694269,Aftxb,"2026-08-11 14:58:08",679.0,2,aftxb07
5271,16634582,"Tarun Chaudhary","2026-08-12 06:36:33",678.8,2,tarunchdev
5272,16815488,"crothety liu","2026-09-05 06:27:35",678.6,2,crothetyliu
5273,16757447,soyukke,"2026-09-13 17:38:12",678.5,2,soyukke
5274,16716300,"Julian Kerignard","2026-09-07 10:12:31",678.4,2,juliankerignard
5275,16624506,zhongtian,"2026-09-17 10:58:10",678.2,2,kmtbang
5276,16735298,Watary0927,"2026-08-22 23:25:11",677.9,2,watary0927
5277,16822111,hikarimaru,"2026-09-10 14:07:36",677.9,2,hikarimaru
5278,16635049,rooklift,"2026-08-16 06:27:36",677.8,2,rooklift
5279,16654193,fvong,"2026-09-04 07:15:22",677.8,2,fvong35963
5280,16636725,shichi,"2026-08-11 12:47:35",677.4,2,shichi
5281,16662338,jaepyeocho,"2026-09-13 11:39:37",676.8,2,jaepyeocho
5282,16668021,"bali rasem","2026-08-07 16:15:13",676.5,2,balirasem
5283,16690852,"Naveen Venu Bagadi","2026-08-30 04:38:13",676.4,2,naveenvenubagadi
5284,16655217,"Jiawei Zhao","2026-09-14 12:29:39",676.3,2,c789a123
5285,16673477,ArtFix,"2026-08-11 00:51:09",676.0,2,artfix
5286,16639223,"SIDHAARTH SHREE","2026-08-19 15:03:55",675.9,2,sidhaarthshree
5287,16738994,"Hem Viramgama","2026-08-21 00:34:48",675.6,2,hemviramgama
5288,16684436,Simon-the-sorcerer,"2026-09-17 19:44:09",675.6,2,simonwiller
5289,16723241,TrinhDung16,"2026-08-15 16:23:32",674.9,2,trinhdung16
5290,16724355,hansama.qht,"2026-09-12 14:43:55",674.7,2,hansamaqht
5291,16905608,ChrisVas123,"2026-09-16 09:44:56",674.0,2,chrisvas123
5292,16623645,"ayutin tin","2026-08-14 07:48:31",673.9,2,ayutintin
5293,16739640,TeamBanzaiSL,"2026-08-27 17:13:26",673.9,2,teambanzaisl
5294,16797025,"Jonathan Glinton","2026-09-11 17:11:01",673.9,2,jonathanglinton
5295,16916717,Rubén,"2026-09-18 09:50:31",673.8,2,rucamaba
5296,16807281,sansh0u0,"2026-09-04 02:16:09",673.8,2,sansh0u0
5297,16669392,cobrapigeon,"2026-08-20 18:43:25",673.8,2,cobrapigeon
5298,16641348,wata,"2026-09-17 03:32:14",673.6,2,iwatahiroki
5299,16661467,sh_sub97,"2026-08-12 15:20:25",673.4,2,shsub97
5300,16717414,"Akshit Sivaraman","2026-08-13 14:43:40",673.4,2,akshitsivaraman
5301,16684957,"Lucas Ferreira","2026-08-11 18:20:43",673.2,2,lucasdeoferreira
5302,16624277,"D S S Kumar","2026-08-10 03:22:55",673.1,2,satrusskumar
5303,16883641,"Benedek Brandschott","2026-09-15 14:35:05",672.6,1,benedekbrandschott
5304,16694575,"Aloise Mutune","2026-09-17 13:48:22",672.5,2,aloisemutune
5305,16674324,"luca fregona","2026-08-08 13:37:49",672.3,2,lucafregona
5306,16731443,"Arjun Vinod","2026-08-21 01:00:30",672.2,2,arjun0014
5307,16664149,"Bushel Seed","2026-08-12 17:10:56",672.2,2,"dmyung,nicholasmschwartz"
5308,16872204,"Nguyễn Trần Thanh Bình","2026-09-14 07:30:35",672.2,2,nguyntrnthanhbnh
5309,16818110,Kactus,"2026-09-16 00:15:43",672.1,2,kactus
5310,16832555,"Yanxi Teng","2026-09-16 18:46:46",672.1,2,yanxiteng
5311,16675475,"Andrey Aristov","2026-08-10 22:02:24",672.0,2,andreyaristov
5312,16635177,Zacchaeus,"2026-08-07 07:04:15",671.7,2,zacchaeus
5313,16623555,yindujuxi,"2026-08-01 10:11:35",671.6,2,yindujuxi123
5314,16746380,JKong,"2026-08-22 01:40:01",671.5,2,kmt2001
5315,16662486,"KOTHAPALLI DILEEP","2026-08-10 12:06:14",671.1,2,kothapallidileep
5316,16743617,Dancing_Chaos,"2026-08-31 15:42:35",670.8,2,"bailynlove4ever,ripplecddc"
5317,16661943,"Cow Wizard","2026-08-14 02:14:58",670.7,2,cowwizard321
5318,16635796,MugaBros,"2026-08-04 05:27:02",670.1,2,"drrocktotpalkonwarh,monjyotid"
5319,16770154,Florian,"2026-09-11 07:52:00",670.0,2,ftusek
5320,16698007,"Juanma Serrano","2026-08-23 15:49:31",670.0,2,juanmaserrano
5321,16635004,"jacob OKOTH O","2026-08-02 05:57:05",670.0,1,jacobokotho
5322,16660955,"Nihal l.suvarna","2026-09-17 14:24:23",669.8,2,nihallsuvarna
5323,16659294,"Muhammad Rafzan","2026-09-05 18:30:44",669.8,2,revianalfariz
5324,16758298,"Jack p","2026-08-30 07:36:22",669.7,2,jtv199
5325,16658272,"Yash Katiyar","2026-08-08 20:17:05",669.6,2,yashkatiyar409
5326,16736632,Leo,"2026-09-15 02:33:58",669.5,2,huangkx666
5327,16846968,kfous,"2026-09-18 08:06:46",669.3,2,kfousekis
5328,16656501,"Thái Phạm Công","2026-08-05 03:59:47",669.3,2,thaipc
5329,16670214,"Louis @ tradeInsight.ai","2026-08-21 15:18:11",669.2,2,louisquart
5330,16777222,"José Daniel Ara","2026-08-27 00:12:53",669.1,2,josdanielara
5331,16641141,"Yuri Barbashov","2026-09-15 20:20:49",669.0,2,yuribarbashov
5332,16668123,B0RN2BL0W0UT,"2026-09-03 12:36:43",668.5,2,kadenmansur
5333,16657646,mountainbob,"2026-09-14 06:30:19",668.4,2,shongpakmanoon
5334,16840735,"Heavy Drivers 2.0","2026-09-16 22:40:25",668.4,2,"cranjuice,pgggggggggggg,sudhanvaed25b055"
5335,16668868,tawashi,"2026-08-13 06:51:45",668.4,2,tawashi
5336,16740404,BarrelAged,"2026-09-13 11:27:04",668.4,2,johnhosack
5337,16888646,tinaztepec,"2026-09-17 01:51:46",667.9,2,tinaztepec
5338,16664241,payoon,"2026-08-07 08:24:05",667.8,2,payoon1234
5339,16705345,"DEMON JI","2026-08-14 15:02:11",667.8,2,demonji04
5340,16696724,arkmid,"2026-09-09 13:11:46",667.6,2,arkmid
5341,16888546,"Skskj Sskm","2026-09-16 03:06:12",667.3,2,skskjsskm
5342,16665816,Vikas1306,"2026-08-10 05:53:19",666.8,2,vikas1306
5343,16633923,JackyFan123,"2026-08-01 15:22:04",666.5,2,jackyfan123
5344,16811210,"Matt Dowis","2026-09-04 14:41:36",666.4,2,mattdowis
5345,16697844,Noobykiller16,"2026-08-15 06:08:27",666.3,2,noobykiller16
5346,16679079,"cedric stephan ","2026-08-25 20:39:15",666.2,2,cedricstephan
5347,16763886,"Jackson Sauls","2026-09-04 22:59:51",666.0,2,jacksonsauls
5348,16670420,"Mihir Argulkar","2026-08-07 20:03:15",666.0,2,mihirargulkar
5349,16841397,"Petro Tarnavskyi","2026-09-06 12:36:05",665.9,2,petrotarnavskyi
5350,16750175,"Quentin Pr","2026-08-27 18:08:14",665.8,2,quentinpr
5351,16690988,"Aditya Bharadwaj","2026-08-20 10:02:32",665.6,2,adityabharadwaj26
5352,16780969,"Ewa Suknarowska","2026-08-30 15:53:25",665.5,2,ewasuknarowska
5353,16630519,"Mehmet Özer","2026-08-01 16:51:55",665.3,2,ozermehmet
5354,16663238,"Francesco Zaccaria","2026-08-21 07:28:57",664.9,2,francescozaccaria
5355,16665984,hepialidae,"2026-08-10 16:05:19",664.4,2,hepialidae
5356,16712321,"Elias Schecke","2026-09-11 15:00:14",664.4,2,eliasschecke
5357,16675661,June_mk,"2026-09-06 00:08:47",664.4,2,jungoto
5358,16658083,"Gunjan Solanki","2026-09-03 10:39:28",664.2,2,blackhatv1
5359,16655744,"Ademola Arigbabuwo","2026-09-03 21:44:49",664.1,2,princedemo
5360,16664024,"Juan David Bolanos","2026-08-13 17:06:00",664.0,2,juandavidbolanos
5361,16741188,"Adarsh Samanu","2026-08-20 00:01:33",663.9,2,adarshsamanu
5362,16662050,HandsOffMyBigMelons,"2026-08-13 22:00:12",663.5,2,scrattle
5363,16893361,lemonjuice2312,"2026-09-18 04:33:37",663.4,2,lemonjuice2312
5364,16632950,"Adil Khabibullin","2026-08-04 15:54:11",663.2,2,adilkhabibullin
5365,16712567,PatWid,"2026-08-18 17:17:20",663.2,2,patwid
5366,16741660,Dhruv_Goyal990,"2026-09-03 16:20:31",662.7,2,"dhruvgoyal990,prathameshbelavagi"
5367,16679295,Mk26,"2026-09-04 13:52:05",662.4,2,"manishk26,mans31"
5368,16665120,nobody,"2026-08-13 14:48:45",662.2,2,rajesh1729
5369,16663361,protoLabs.studio,"2026-08-06 18:39:50",662.1,2,protolabsstudio
5370,16678773,"Steve Probst","2026-09-09 01:51:39",662.0,2,steveprobst
5371,16709481,"Gerbilles Saucières","2026-08-22 10:38:44",661.7,2,"benjaminhrt30,volbox1902"
5372,16797395,"LCNN JJ","2026-09-17 16:38:59",661.7,2,supremebeast08
5373,16672103,"fred mahinay","2026-08-24 23:34:48",661.6,2,fredmahinay
5374,16860088,Lockers,"2026-09-09 11:32:59",661.6,1,lockers123
5375,16734712,"Jamshid Ganiev","2026-08-19 06:03:31",661.6,2,jamshidganiev
5376,16695822,"Ahmad Elawady","2026-08-18 20:06:59",661.3,2,aielawady
5377,16658602,aldoktvns,"2026-08-04 15:51:08",661.2,2,alrette
5378,16665517,"RUEI-HSIANG. CHANG","2026-08-17 15:23:55",661.1,2,rueihsiangchang
5379,16673346,gabrielep09,"2026-08-11 01:52:41",660.9,2,gabrielep09
5380,16678246,"Mark Holloway","2026-09-05 22:23:35",660.9,2,markholloway
5381,16741892,astro,"2026-08-20 20:49:49",660.9,2,mayursamrutwar
5382,16659529,"Sanchit Jain","2026-09-17 21:12:09",660.7,2,sanchit1609
5383,16655142,"Stanislav Kuznetsov","2026-09-03 12:58:20",660.5,2,drtduck
5384,16630559,khan,"2026-08-02 12:18:56",660.5,2,khansolov
5385,16755681,nic001,"2026-08-28 08:06:19",660.4,2,mimamura
5386,16676308,DC,"2026-08-19 17:34:02",660.0,2,choudahchiun
5387,16784960,i-yuki23,"2026-08-30 01:13:11",659.9,2,iyuki23
5388,16857130,"Joao Araujo","2026-09-09 01:11:50",659.5,2,jhcaextra
5389,16892727,Pi,"2026-09-16 14:20:30",659.3,2,liemdt
5390,16719745,"Masih Pemula Beneran","2026-08-31 02:14:53",659.2,2,mikhaeldhika
5391,16631353,"Shivam Shinde","2026-08-01 15:29:24",659.1,2,shindeshivam
5392,16823204,"Adilson Eduardo Tostes Carmo","2026-09-17 03:52:50",659.0,2,eduardotostess
5393,16631090,yoikoarmor,"2026-08-09 07:01:44",658.9,2,yoikoarmor
5394,16760439,XLX,"2026-09-06 03:20:58",658.4,2,lonelygleaner
5395,16688108,Special_octo20,"2026-09-14 19:16:13",658.3,2,specialocto20
5396,16729859,wintermute,"2026-09-02 19:15:07",658.1,2,siraev
5397,16755568,KHuShIMaHajan,"2026-08-21 18:55:05",658.1,2,bymista4578
5398,16664154,dwdwdwsdedwd,"2026-08-11 06:29:24",657.9,2,dwdwdwsdedwd
5399,16798478,"Vinicius Pupin","2026-09-02 21:29:51",657.3,2,viniciuspupin
5400,16847275,"Giovanni Marco Dall'Olio","2026-09-09 20:43:20",657.2,2,dalloliogm
5401,16738805,"Sergey Panasenko","2026-08-31 23:14:50",657.2,2,spanasenko
5402,16799014,"Vaibhav singh kaira","2026-09-12 04:49:54",657.1,2,vaibhavsinghkaira
5403,16659974,"anthony sinchi","2026-08-18 00:01:08",657.0,2,anthonysinchi
5404,16848956,hkassimi,"2026-09-18 09:04:55",656.8,2,hkassimi
5405,16656072,Vespidae,"2026-08-14 03:30:03",656.2,2,ianapis
5406,16810807,Cordiz,"2026-09-03 22:42:51",655.9,2,cordiz
5407,16652446,"tine.sh agent","2026-09-17 16:53:41",655.8,2,sidcodegg
5408,16693137,"Ich Benavides","2026-09-06 18:24:52",655.8,2,jabeichbenavides123
5409,16665395,"bachi idriss","2026-08-10 15:23:30",655.7,2,bachiidriss
5410,16672687,Liz,"2026-09-17 23:43:24",655.7,2,lizgarcia3
5411,16746151,"Nicolas Gomasjaya","2026-08-26 16:57:08",655.5,2,nicolasgomasjaya
5412,16658377,Masaya,"2026-09-04 15:10:14",655.4,2,irrohas
5413,16888900,"Koh Endru","2026-09-15 10:02:13",655.3,2,kohendru
5414,16677402,"Hıdır Demir","2026-09-10 22:35:54",655.3,2,hdrdmr
5415,16667874,Vidushiii,"2026-08-10 12:25:42",655.2,2,vidushianand09
5416,16705348,"Howard lin","2026-08-20 23:01:36",655.1,2,howardlin007
5417,16759623,"zhenglu wen","2026-08-26 06:24:09",655.0,2,zhengluwen
5418,16657570,"Guruprasad Parasnis","2026-08-10 12:04:57",654.6,2,guruprasadparasnis
5419,16666833,DenisKoronchik,"2026-09-14 21:19:27",654.4,2,deniskoronchik
5420,16695662,"Ollie Lowe2","2026-08-16 16:47:01",654.3,2,ollielowe2
5421,16739128,"Praneeth Paikray","2026-09-07 11:18:26",654.1,2,paiky1995
5422,16747390,SawadaTsurumai,"2026-08-24 09:48:07",654.0,2,sawadatsurumai
5423,16808242,keowpwpwkeo,"2026-09-07 18:23:50",653.8,2,keowpwpwkeo
5424,16630741,mrk,"2026-08-05 09:49:44",653.8,2,matsubaratakuji
5425,16702270,"Jonas Jaku","2026-09-09 06:37:15",653.8,2,jonasjaku
5426,16664219,JosephGuhlin,"2026-08-10 08:46:16",653.7,2,jguhlin
5427,16668298,"Riki Garcia","2026-08-26 15:36:14",653.7,2,rikigarcia
5428,16663784,Aniketh2k7,"2026-08-10 06:02:02",653.5,2,aniketh2k7
5429,16780019,"hamza khokhar890","2026-09-07 18:49:09",652.5,2,hamzakhokhar890
5430,16669164,コノウイ,"2026-09-18 08:23:41",652.4,2,nickhu0414
5431,16669561,"Nikunj Pahwa","2026-08-15 20:04:36",652.3,2,nikunjpahwa
5432,16687808,GorillaGhost,"2026-08-13 23:23:10",651.8,2,gorillaghost
5433,16701036,"Tiandong Wang","2026-08-19 11:45:32",651.3,1,condone
5434,16636454,epigene,"2026-08-02 10:14:52",651.0,2,nadhu59648
5435,16733131,Rad,"2026-09-16 15:33:50",650.9,2,vnt174
5436,16657547,"Pranav Thota","2026-09-17 09:55:16",650.8,2,pranavthota
5437,16699578,kakanekoka,"2026-09-04 17:45:15",650.4,2,kakanekoka
5438,16724002,Yahia717,"2026-08-20 20:48:31",650.4,2,yahia717
5439,16650160,nori8774,"2026-08-10 06:26:21",650.2,2,norimasayamamoto
5440,16637898,"Marek Nurzynski","2026-08-01 16:06:46",650.0,1,marek3000
5441,16660805,"Ramon van Dijk","2026-08-05 05:48:21",650.0,2,ramonvandijk
5442,16687883,CherylStoned,"2026-08-11 22:53:28",649.9,2,cherylstoned
5443,16633928,ghostiee11,"2026-08-01 01:33:25",649.8,1,ghostiee11
5444,16851573,NaNomin,"2026-09-08 01:55:42",649.8,1,nanomin
5445,16656274,googunmo,"2026-08-08 01:13:58",649.5,2,googunmo
5446,16654456,"Tristan Peng","2026-08-09 17:00:48",649.2,2,tristanpeng
5447,16654743,"Jaume Batlle i Ferrer","2026-09-17 15:50:43",649.2,2,jaumebatlleiferrer
5448,16875690,jwboost,"2026-09-16 04:31:31",649.0,2,kiritocui
5449,16662191,"Daniele Rufo","2026-09-18 08:53:09",648.9,2,danielerufo
5450,16687788,skalermo,"2026-08-26 15:57:41",648.6,2,skalermo
5451,16639492,"Vishnu R Mohan","2026-08-08 20:36:19",648.5,2,vishnurmohan
5452,16658430,bruyantq,"2026-09-13 08:10:44",648.4,2,bruyantq
5453,16669489,"Yichi Zhang","2026-08-28 19:31:07",648.2,2,yichizhang12
5454,16819872,"Shi Van","2026-09-03 16:50:46",647.9,1,shivanufo
5455,16691580,"Toni Blanco","2026-08-11 13:10:45",647.6,2,toniblanco
5456,16623886,onepunch999,"2026-08-01 07:30:37",647.6,2,onepunch999
5457,16664457,yaohongfu,"2026-08-10 12:30:43",647.6,2,yhfwww
5458,16759351,"Shinsaku Haruta","2026-09-12 23:43:26",647.5,2,shinsakuharuta
5459,16731832,jackee777,"2026-09-18 06:28:49",647.5,2,jackee777
5460,16841747,"Carlos Bósquez","2026-09-14 06:10:46",647.5,2,carlosbsquez
5461,16635421,"Lennart Haupts","2026-09-18 05:13:42",647.3,2,lennarthaupts
5462,16777746,"Daniel Bandy","2026-08-29 02:04:01",646.9,2,goddangitboby
5463,16767934,"taha berk","2026-08-26 15:21:51",646.8,2,tahaberkterekli
5464,16809762,"Ryan Wong","2026-09-04 14:47:39",646.8,2,taggatle
5465,16750036,"Kiệt Lưu","2026-09-05 03:41:19",646.5,2,jaxyss
5466,16670834,romin_123,"2026-08-14 01:25:19",646.4,2,romin123
5467,16658043,"Tran Huy Hoang1312","2026-08-05 01:58:39",646.4,2,tranhuyhoang1312
5468,16772673,"Alejandro Rendon B.","2026-09-09 23:15:52",646.2,2,alejandrorendonblan
5469,16665942,"Satvik R Shetty","2026-08-09 03:59:52",646.1,2,satvikrshetty
5470,16636808,"Kaito Ichikawa","2026-09-18 10:15:37",646.0,2,kaitoichikawa
5471,16910680,colum2131,"2026-09-18 03:43:12",646.0,1,columbia2131
5472,16675888,"Rob Gonzalez","2026-08-08 14:58:43",645.9,2,robg475
5473,16653828,Boltuzamaki,"2026-08-23 18:40:37",645.9,2,boltuzamaki
5474,16660310,KOLONEX.NET,"2026-08-10 12:40:46",645.7,2,danielandresmiranda
5475,16662128,BenPalmer59,"2026-08-11 19:16:24",645.5,2,benpalmer59
5476,16668168,"Ashutosh Ghodasara","2026-08-10 12:23:21",645.3,2,"asce09,attiraina,hashlord"
5477,16656162,Marisyn,"2026-08-18 18:19:19",645.0,2,marisyn
5478,16665342,Prothos,"2026-08-23 13:44:29",645.0,2,vjuenemann
5479,16769767,bruhbruh,"2026-08-28 08:51:26",644.8,2,nguyendinhbach69
5480,16630501,"Haris Ahmed","2026-08-14 10:08:51",644.6,2,harisahmedgenai
5481,16738538,ZHANG_WuHua,"2026-08-18 16:21:19",644.5,2,zhangwuhua
5482,16861544,"Hiroyuki Fujimaki","2026-09-16 01:50:12",644.4,2,hiroyukifujimaki
5483,16699838,"Harry Taylor","2026-08-21 10:38:18",643.8,2,harryphysics
5484,16653222,StevenYuan7788,"2026-08-17 17:38:44",643.7,2,stevenyuan7788
5485,16636954,"Jeff Horon","2026-09-13 16:30:41",643.4,2,jeffhoron
5486,16666204,"David Nana Kofi Ofosu-Arko","2026-08-05 11:04:42",643.3,2,davidnanak
5487,16781447,"Cody Schrank","2026-08-31 04:38:57",643.2,2,codyschrank
5488,16658660,"Leo Lai","2026-08-13 08:14:45",643.1,2,junweilai
5489,16777228,"Zach Locke","2026-09-18 10:25:06",642.9,2,zachlocke
5490,16631573,uesi,"2026-08-01 12:04:04",642.9,1,uemura687
5491,16656013,Asuran,"2026-09-04 04:43:56",642.8,2,zkasuran
5492,16687925,BillDoser,"2026-09-11 21:54:35",642.1,2,billdoser
5493,16668089,Goller,"2026-08-26 15:05:53",641.5,2,goller
5494,16668720,"etienne duplessix","2026-08-10 22:48:53",641.3,2,etienneduplessix
5495,16663736,"Life Is Roblox","2026-08-17 18:58:37",641.2,2,alexlisenko
5496,16645297,Mark_RowSet,"2026-08-09 05:25:39",641.1,2,markrowset
5497,16639679,"Felix Allistar","2026-09-10 22:59:01",640.9,2,felixallistar
5498,16839427,kooooozh,"2026-09-16 11:35:57",640.8,1,grigoriykozhemyakin
5499,16761227,Ciel_ing,"2026-08-23 10:03:29",640.7,2,cieling
5500,16776928,aiexpert1120,"2026-09-01 16:48:18",640.6,2,aiexpert1120
5501,16885575,"Kotaro Imamura","2026-09-18 00:47:04",640.4,2,kotaroimamura
5502,16737986,"Edris Yawar #2","2026-09-05 09:32:08",640.2,2,edrisyawar
5503,16755111,ingemarieke,"2026-08-21 15:04:53",639.9,1,ingemarieke
5504,16744133,"levr hang","2026-09-08 16:39:27",639.7,1,levrhang
5505,16763838,"L. Barriga","2026-09-09 10:57:18",639.3,2,lbarriga
5506,16668269,"Rashi Jain07","2026-08-05 17:46:37",639.3,1,rashijain07
5507,16879477,liuzewen123,"2026-09-18 07:14:33",639.2,2,liuzewen123
5508,16692401,"Abdurehman Iqbal","2026-08-14 09:13:08",639.1,2,abdurehmaniqbal
5509,16840576,kfsky,"2026-09-17 10:35:07",638.8,2,kengofujii
5510,16745972,yamy893,"2026-08-22 02:14:20",638.6,2,yamy893
5511,16832474,"Isaac D. Hérnandez G.","2026-09-15 23:52:34",638.5,2,isaacdhrnandezg
5512,16656460,dlutwzh,"2026-08-08 06:48:33",638.1,2,dlutwzh
5513,16669856,StrugglerK,"2026-09-17 21:34:10",638.1,2,muhammedkaanlker
5514,16679887,ScriptRed,"2026-08-09 00:36:30",638.1,2,scriptred
5515,16633772,ayuma,"2026-08-03 06:01:01",638.0,2,onthoze
5516,16654855,"Pedro Rezende Gomes","2026-08-06 00:41:30",637.9,2,pedrorzgomes
5517,16730028,"Ken Qian","2026-08-17 03:10:15",637.9,2,kenqian
5518,16712410,aysfshn,"2026-09-09 15:09:08",637.4,2,aysfshn
5519,16659817,"Viet Anh Ngo ","2026-08-31 09:41:08",637.2,2,vietngogm
5520,16633466,"Aarush pandey","2026-08-25 19:17:14",637.0,2,aarushpandey
5521,16699091,Umkaaa,"2026-09-15 14:04:55",636.7,2,umkaaa
5522,16726941,CJ103CJ,"2026-08-23 12:52:07",636.4,2,cj103cj
5523,16876021,"Jeff Law #2","2026-09-17 23:31:28",635.8,2,jlaw99
5524,16709950,"Ryan Myers","2026-09-16 07:50:55",635.8,2,ryanmyers03
5525,16781242,"Bobby Clare","2026-09-03 17:04:16",635.7,2,bobbyclare
5526,16845664,fabio5050,"2026-09-16 04:04:27",635.6,2,fabio5050
5527,16871483,carnivore,"2026-09-15 10:16:55",635.4,2,prapproved
5528,16635670,"Mr.S hanakosan","2026-08-09 00:31:34",635.4,2,earlgreytea15
5529,16672493,ChloeeeeY,"2026-08-23 06:17:03",635.1,2,chloeeeey
5530,16668711,"David Leati","2026-08-28 00:47:39",635.0,2,davidleati
5531,16748979,"Venkata Madhu Sai D ","2026-08-21 19:49:08",634.9,1,venkatamadhusaid
5532,16656912,"Sami Ali","2026-08-07 00:48:33",634.5,2,mrsamiali
5533,16904651,chenpengyu603,"2026-09-18 03:26:29",634.5,2,chenpengyu603
5534,16633269,op_star_platinum,"2026-08-09 17:52:52",634.1,2,opstarplatinum
5535,16657290,lol-hiker,"2026-09-08 07:32:03",634.1,2,lolhiker
5536,16784154,JoshJML,"2026-09-03 05:39:26",633.8,2,joshjml
5537,16677105,"Chaitanya Yadav","2026-08-16 10:36:07",633.7,2,xhaitanya
5538,16668354,"ashraf saiyed","2026-08-13 13:44:31",633.4,2,ashrafsaiyed58
5539,16752324,"yunchuan liu","2026-09-06 22:21:06",633.4,2,hoteye
5540,16664112,"Ethan Hung","2026-08-08 21:44:57",633.2,2,chinesegorilla99
5541,16859900,ZZZ234234234,"2026-09-17 13:38:49",633.2,2,zzz234234234
5542,16667258,"Firman Imam","2026-08-09 02:36:56",633.1,2,piririp
5543,16638031,vlad101,"2026-08-21 15:10:27",633.0,2,vlad101
5544,16633240,Igor,"2026-09-13 10:46:09",632.9,2,igor14497
5545,16685938,"Gautier Fauchart","2026-08-12 05:57:21",632.9,2,gautierfauchart
5546,16680342,Game_khó_vkl,"2026-08-13 19:28:01",632.5,2,maruusha
5547,16664804,ryanovovo,"2026-08-05 18:02:38",632.2,2,ryanovovo
5548,16649344,BeyondAnalytics,"2026-08-28 12:00:36",632.1,2,radumarinion
5549,16724202,"Sooriya Senthilkumar","2026-08-23 05:25:47",632.1,2,sooriyasenthilkumar
5550,16723528,"Singaraj B","2026-09-05 15:33:26",632.0,2,singarajb
5551,16777065,"dani yemane","2026-09-17 20:43:13",632.0,2,daniyemane
5552,16797969,probability,"2026-09-07 09:44:49",631.5,2,probabilitywavepeak
5553,16755091,Charlie,"2026-09-05 22:45:41",631.4,2,zephyrlennox
5554,16915374,"Muaz Husaini","2026-09-18 07:58:24",631.3,2,muazhus
5555,16854414,handsomeHBS,"2026-09-13 16:07:19",630.8,2,handsomehbs
5556,16808956,"Denis Zerov","2026-09-03 10:59:46",630.8,2,dinoden
5557,16664884,Abhijeetgg,"2026-08-12 08:53:50",630.7,2,abhijeetgg
5558,16793489,hendracos,"2026-09-02 03:10:03",630.7,2,hendracos
5559,16655340,LGarcia10,"2026-08-17 13:17:31",630.6,2,leonardogarcia10
5560,16757614,"Eduardo Molina","2026-09-06 04:04:22",630.5,2,eduardomolinaai
5561,16742073,"nguyễn huệ anh","2026-09-15 15:55:00",630.5,2,akapatu
5562,16707037,"Cedoque BAGBONON","2026-09-18 08:24:44",630.3,2,cedbag
5563,16883048,"Amit Gunjan","2026-09-18 04:55:45",629.6,2,daydreamerthinks
5564,16651593,"huanxian chen","2026-08-11 11:13:05",629.5,2,huanxiachen
5565,16699488,"Kelvin Lai","2026-09-17 15:31:50",629.5,2,kelvin84hk
5566,16745109,deflexor,"2026-08-27 21:35:07",629.4,2,deflexor050
5567,16655578,"Ahmed Merie","2026-08-13 00:11:40",629.2,2,aa7767
5568,16727059,ksankeerth1,"2026-09-03 02:28:22",629.2,2,ksankeerth1
5569,16756113,"George Megre","2026-09-16 07:04:00",629.1,2,georgemegre
5570,16659828,"Lebansty Valan","2026-08-21 14:14:56",629.1,2,lebanstyvalan
5571,16640816,pawaraman,"2026-08-02 19:46:52",628.8,2,pawaraman
5572,16655199,"Alexander Ulrich","2026-08-12 19:44:20",628.8,2,alexanderulrich01
5573,16733763,Gaurav,"2026-09-04 00:54:37",628.7,2,gauravahlawat
5574,16663884,DevilQ,"2026-08-23 22:08:52",628.6,2,"parhamesm,samuelescarfone12"
5575,16789898,"Trung Phạm Đức","2026-09-09 04:00:19",628.4,2,arscil
5576,16658224,"Daniel Gallardo Gómez","2026-08-07 08:17:24",628.0,2,danielgallardogmez
5577,16663922,MoongladeAI,"2026-09-14 03:49:11",628.0,2,moongladeai
5578,16661650,"Docker container","2026-08-15 18:52:39",628.0,2,yossefaymanzedan
5579,16695633,"Kiran Kumar","2026-09-12 16:57:52",627.9,2,iamrkk
5580,16655629,Mai_Konare,"2026-08-17 06:20:49",627.5,2,maikonare
5581,16663963,M0h4m3d-Byte,"2026-09-17 21:53:16",627.2,2,dev3mohamed
5582,16897821,bjthomas,"2026-09-17 11:09:51",627.0,2,bjthomas
5583,16664159,"james nazareth","2026-08-19 02:13:23",626.8,2,jamesnazareth
5584,16622993,"Yaroslav Tanko","2026-08-18 04:34:12",626.7,2,yaroslavtanko
5585,16791960,Boladi,"2026-09-10 00:53:38",626.6,2,boladi
5586,16854582,BlackWizard00,"2026-09-08 15:32:36",626.6,2,blackwizard00
5587,16721960,"Lê Khang","2026-08-18 19:42:43",626.2,1,kobtdatten
5588,16664709,kai,"2026-08-18 23:29:11",626.1,2,sungwo101
5589,16692857,AbeLincoln1865,"2026-08-11 00:10:16",626.0,2,abelincoln1865
5590,16786437,"Kiran Narayana K","2026-08-30 06:45:20",626.0,2,kirannarayanak
5591,16667514,"Kakarott 10","2026-08-06 09:05:43",625.9,2,kakarott10
5592,16747180,KaiKogure,"2026-09-03 12:46:04",625.7,1,kaikogure
5593,16749236,"Michael Müller","2026-09-07 15:57:15",625.6,2,michaelmller
5594,16657347,"Hibiki M","2026-08-20 15:30:40",625.6,2,hibikibrise
5595,16854339,"ML Underdogs","2026-09-16 14:05:43",625.6,2,mdjubairhasan
5596,16766732,"Maziyar Abyari","2026-09-16 22:34:02",625.5,2,maziyarabyari
5597,16795923,KaluzaKlein,"2026-09-14 10:50:35",625.4,2,kaluzaklein
5598,16692896,"Guy Lev","2026-08-20 19:18:52",625.3,2,sarthobi
5599,16660345,"Aadhithya Ramesh","2026-08-06 08:49:10",624.9,2,aadhithyaramesh
5600,16731516,Sumit0694,"2026-09-15 21:17:01",624.8,2,sumit0694
5601,16864558,"Henghan Dong","2026-09-14 03:42:19",624.8,2,henghandong
5602,16661529,"AL Najafi","2026-08-08 03:39:39",624.8,2,alnajafi
5603,16642846,"Leonid Zaporozhets","2026-08-02 20:03:13",624.7,2,leonidzaporozhets
5604,16655663,"Farmland Destroyer","2026-08-19 13:43:22",624.7,2,minghaopang
5605,16718133,KaranjeetSingh1110,"2026-09-16 15:31:45",624.4,2,karanjeetsingh1110
5606,16846149,"Arnav Salkade","2026-09-07 15:00:23",624.3,2,arnavsalkade
5607,16756564,"Nicolas Defossé","2026-08-25 21:10:58",624.3,2,nicolasdefoss
5608,16748955,micchy,"2026-09-13 04:59:51",623.9,2,micchy326
5609,16886640,holyholy,"2026-09-17 18:23:00",623.9,2,holy5contents
5610,16801855,KooDol,"2026-09-15 20:11:34",623.7,2,koodol
5611,16793189,"Akash Mohan Chaudhary","2026-09-01 18:29:57",623.7,2,akashmohanchaudhary
5612,16692750,"Hoya need job","2026-09-14 21:58:28",623.4,2,pranavwankhade
5613,16731260,"Jeel Gajera","2026-08-18 07:44:44",623.1,2,jeelog
5614,16692994,turneja,"2026-08-08 23:50:13",623.1,2,turneja
5615,16730236,加麻不加辣,"2026-09-17 13:03:48",623.0,2,"shiyuanhe123,zihaokang"
5616,16786043,Palimpsesto,"2026-09-08 23:44:50",622.8,2,denzelfuentes
5617,16661225,"Monibee Fudgekins","2026-09-16 18:18:38",622.7,2,monibeefudgekins
5618,16622338,github/shepsci/kaggle-skill,"2026-08-24 17:22:49",622.5,2,shepscientific
5619,16699292,"Siddharth Kumar Gopal","2026-08-14 16:35:03",622.3,2,siddharthkumargopal
5620,16714208,TirumalaMarri,"2026-08-29 00:04:15",622.2,2,mtreddy
5621,16679018,"Kushpreet Singh","2026-09-03 23:23:41",622.1,2,kush639
5622,16629844,IsaacJinyu,"2026-08-01 15:39:55",622.0,2,isaacjinyu
5623,16662015,"ryan panda","2026-09-09 22:46:56",622.0,2,hollowpurple
5624,16699415,"Dohwan Kwak","2026-08-31 01:05:28",622.0,2,dohwankwak
5625,16741121,"Vignesh Nehru","2026-09-14 11:32:38",621.9,2,vigneshnehru
5626,16725010,jenninglim,"2026-08-23 08:38:47",621.9,2,jenningl
5627,16738261,"Samuel Moreira","2026-08-24 14:11:40",621.8,2,samuelmoreira420
5628,16803726,Yaromir_Ko,"2026-09-08 13:25:00",621.8,2,ronanndex
5629,16655044,"Darius Kolycius","2026-08-04 09:49:01",621.3,2,dariuskolycius
5630,16671646,Luche,"2026-08-08 04:23:32",620.8,2,henrylucky
5631,16727241,Yogesh2850,"2026-08-17 09:55:08",620.8,2,yogesh2850
5632,16665476,"Zhanghao Chen69","2026-08-19 12:42:33",620.8,2,zhanghaochen69
5633,16719696,"Spencer Farrand","2026-08-17 18:40:28",620.7,2,spencerfarrand
5634,16884815,"Idrees Asghar","2026-09-18 01:52:18",620.1,2,adiladil1275
5635,16665042,Neo_0x3f,"2026-08-10 21:36:56",619.4,2,neo0x3f
5636,16676254,"Lazy Lagoon","2026-09-17 16:26:05",619.2,2,"mokshoswal137,taniyasankhe"
5637,16655140,Efthimios,"2026-09-04 08:28:52",618.9,2,efthimiosfousekis
5638,16677366,Gmmastermind,"2026-08-07 01:19:13",618.9,2,gmmastermind
5639,16767932,"Mark #3","2026-09-18 08:49:37",618.9,2,markdjadchenko
5640,16738700,"Bugra Cinar","2026-08-19 07:51:58",618.9,2,bugracnr
5641,16723729,"Lucas Cimiano","2026-08-29 17:21:55",618.8,2,lucascimiano
5642,16660600,"Beria Kalpelbe","2026-08-07 13:46:47",618.7,2,beriakalpelbe
5643,16666188,"XueFeng Chen","2026-09-18 00:46:41",618.7,2,chxfmcs
5644,16771001,"0x1369 T-Farm","2026-08-31 04:38:04",618.5,2,xcryst
5645,16696895,BrokeFarm,"2026-09-16 20:46:27",618.5,1,brucec
5646,16717952,Aydar,"2026-08-29 21:28:35",618.3,2,aydara
5647,16891689,"Jiawei Xi","2026-09-14 19:46:39",618.1,2,jiaweixi56
5648,16790257,"Shivam Kushwaha","2026-08-30 11:55:08",618.0,2,shivamk21
5649,16670356,"Dziriyin wa9il","2026-08-25 19:56:56",617.9,2,"akumanomu,alioualaeddine"
5650,16755344,"Alizen James","2026-08-23 18:34:30",617.8,2,alizenjames
5651,16880672,"Bennett Hellman","2026-09-17 14:22:09",617.8,2,bennetthellman
5652,16670615,Ahornsirup,"2026-09-06 21:03:14",617.8,2,ahornsirup
5653,16780484,"Edmond Kirsch","2026-09-01 17:30:28",617.7,2,edmondkirsch
5654,16660491,"Ryan Hancock","2026-08-08 09:56:54",617.5,2,rychanfox
5655,16656107,Aotokitsuruya,"2026-09-02 14:35:20",617.3,2,elct9620
5656,16665759,"Shawn Zhang","2026-08-21 10:18:20",617.1,2,shawnzhang0318
5657,16648215,"Terrence Chuwe","2026-08-03 13:32:15",617.1,2,terrencechuwe
5658,16775652,"Dat Dinh","2026-09-14 02:48:43",616.9,2,dathbdinh
5659,16660090,"Kaggriculture @ Farmageddon","2026-09-06 06:28:47",616.9,2,gary08phillios
5660,16708824,"Tanaka Chiromo","2026-08-20 11:12:22",616.8,2,tanakachiromo
5661,16793892,cjc0013,"2026-08-31 18:27:50",616.7,2,cjc0013
5662,16736579,rk777848,"2026-09-18 08:46:45",616.6,2,rk777848
5663,16855646,Seshu,"2026-09-09 14:49:33",616.6,2,seshuthota
5664,16658655,HbjaHbja,"2026-08-12 12:18:51",616.3,2,hbjahbja
5665,16724747,"Md.Mahfujul Karim","2026-09-18 10:28:16",616.2,2,mdmahfujulkarim
5666,16698034,Anatoliy_Fomin,"2026-08-12 12:57:18",616.1,2,anatoliyfomin
5667,16772678,SuppliLion,"2026-09-02 21:44:21",615.9,2,supplilion
5668,16766888,"Alex #4","2026-08-24 14:42:19",615.8,1,alxndrvara
5669,16715473,cmrfrd,"2026-08-14 04:58:15",615.7,2,thecmrfrd
5670,16899024,"Whoopie Wanja","2026-09-17 22:32:49",615.6,2,"nickazaria,woupyie"
5671,16759427,Dhruv,"2026-08-23 12:20:16",615.4,2,dtalati1
5672,16700546,"Nightshade Family","2026-09-07 13:24:48",615.2,2,"gihanchamod17,vishmithasamarakoon"
5673,16718838,"josh mathers","2026-08-14 09:26:33",615.0,2,joshmathers
5674,16677701,"Coşkun Bağrıaçık","2026-08-10 00:02:25",615.0,2,cbagriacik
5675,16895824,"Dhruv lele","2026-09-17 08:59:02",614.8,2,dhruvlele
5676,16668211,"Alejandro Hernández Mairal","2026-09-03 13:28:29",614.8,2,alherma7
5677,16725913,StarStone_233,"2026-08-16 07:22:12",614.6,2,starstone233
5678,16757280,"manos papagiannidis","2026-09-09 08:30:46",614.4,2,manospapagiannidis
5679,16735476,"Matthew Liew","2026-08-18 08:02:11",614.3,2,matthewliew
5680,16731616,"Mohamed Aashik 24","2026-09-14 19:24:28",614.2,2,mohamedaashik24
5681,16655595,ashsah,"2026-08-31 08:37:35",614.2,2,ashsah
5682,16624888,okome_niigata,"2026-08-06 06:47:17",614.0,2,okomeniigata
5683,16664003,"Nakul Rajpal","2026-08-05 06:29:24",614.0,2,nakulrajpal
5684,16806165,"Kaige Wei","2026-09-10 12:05:49",613.9,2,kaigewei0403
5685,16686715,"Adrien Secondaire","2026-08-08 15:54:58",613.8,2,adriensecondaire
5686,16632266,"(ノ◡ <)","2026-09-09 07:15:13",613.7,2,nawfeelrahman1124444
5687,16686787,"Lars Kammeijer","2026-08-07 21:31:11",613.6,2,larskammeijer
5688,16795256,"N Nelson","2026-09-05 14:29:25",613.5,2,napoliyannelson
5689,16809158,"Kaito Sada","2026-09-08 05:17:26",613.2,2,kaitosada
5690,16632994,primal,"2026-08-12 16:02:29",613.1,2,primalhost
5691,16661898,Farfadet,"2026-08-12 06:04:18",613.1,2,farfadet
5692,16665692,Straw_hats,"2026-09-01 07:40:19",612.4,2,"charanno,tvigneshreddy"
5693,16641893,"Kashyapsinh gohil","2026-09-16 14:03:09",612.4,2,kashyapsinhgohil
5694,16655013,"Adrian Martinez 1111","2026-08-12 00:52:14",612.3,2,adrianmartinez1111
5695,16657332,"Amit Malakar","2026-09-17 16:28:13",612.1,2,amitmalakarjoy
5696,16906666,"selam ya","2026-09-18 10:05:06",611.8,2,selamya
5697,16864562,otaniyu,"2026-09-15 00:53:18",611.8,2,otaniyu
5698,16666099,"Marcben James Samuel","2026-09-17 05:52:20",611.8,2,marcbenjamessamuel
5699,16897403,"Abel Markose","2026-09-18 03:08:38",611.4,2,"abelmarkose,sreehari3301"
5700,16687390,"Mark Calvert","2026-08-08 09:51:55",611.3,2,markycalvert
5701,16660005,DreamX5678,"2026-08-06 07:55:06",610.7,2,dreamx5678
5702,16623644,Accer_sz,"2026-08-02 00:27:32",610.6,2,accersz
5703,16759265,AI老爸,"2026-09-06 15:42:27",610.5,2,tsengchienchih
5704,16665990,daffaharil,"2026-08-11 07:56:55",610.4,2,"daffaharil,farhansiddiq"
5705,16842527,ko_fusion_JPN,"2026-09-17 23:12:21",610.1,2,kofusionjpn
5706,16653534,"Mohamed Amine Ettaki","2026-09-14 20:52:45",610.0,2,amine159
5707,16750447,Morpheus0303003,"2026-08-24 16:58:42",610.0,2,morpheus0303003
5708,16783367,hezhiqian,"2026-09-17 00:06:34",609.7,2,hezhiqian
5709,16663656,"Andrii Kavetskyi","2026-08-20 21:48:20",609.6,2,andriykavetsky
5710,16734595,"Abhimanyu Singh","2026-08-20 12:52:38",609.5,2,abhimanyusingh170702
5711,16702713,"Rob Sartin","2026-09-16 02:02:11",609.4,2,robsartin
5712,16833040,"Vadim Demchuk","2026-09-05 06:07:54",609.4,2,vadimdemchuk
5713,16763113,sowhatwillwelearn,"2026-09-01 11:03:47",609.3,2,sowhatwillwelearn
5714,16697261,nbauerle,"2026-08-14 15:10:38",609.3,2,nbauerle
5715,16825667,"Lê Minh Dương","2026-09-08 05:45:07",609.2,2,minhduonq
5716,16799391,"Mehdi El M.","2026-09-07 14:08:22",609.1,2,mehdielm
5717,16664790,"soumic 1088","2026-08-19 08:34:34",608.6,2,soumic1088
5718,16724364,Sh4ron,"2026-09-11 15:48:11",608.5,2,sh4ron
5719,16904550,ukiyois,"2026-09-16 19:54:20",608.5,1,ukiyois
5720,16843082,"Mohmed Hafez","2026-09-17 12:07:52",608.1,2,mohmedatya
5721,16752362,"Shashank Jangid (G25AIT2100)","2026-09-11 16:15:05",608.1,2,shashankjangid
5722,16694610,Kshitiz2002,"2026-08-11 15:44:41",607.9,2,kshitiz2002
5723,16665154,"Omkar Pawar","2026-08-23 12:22:56",607.8,2,omkarrr7
5724,16664041,"an Expired Engineer","2026-08-17 12:02:21",607.8,2,sanggusti
5725,16714100,SuperMercat,"2026-09-09 15:13:08",606.8,2,supermercat
5726,16675952,bazinga,"2026-09-17 15:18:50",606.7,2,stephanhahn16
5727,16739167,Yeyuqing0913,"2026-09-07 00:36:15",606.7,2,yeyuqing0913
5728,16703310,"israel ntumba","2026-09-14 17:42:47",606.7,2,israelntumba
5729,16826098,Nomushin,"2026-09-11 13:22:26",606.5,2,nomushin
5730,16685785,KSAI,"2026-09-07 14:42:54",606.5,2,kishan2112004
5731,16666084,"Andaç Demirdelen","2026-08-09 19:18:08",606.5,2,andacdemirdelen
5732,16767632,"robin baldeo","2026-08-28 17:02:49",606.0,2,robinbaldeo
5733,16735624,"Marc Rippee","2026-08-24 05:03:34",606.0,2,marcrippee
5734,16733873,"Shirish Chinchanikar","2026-08-30 15:53:12",606.0,2,"codemastersj,shirishchinchanikar"
5735,16654746,"Michael Mullen","2026-08-06 11:08:31",605.9,2,mmullen200
5736,16855755,"Jack Yap","2026-09-10 19:43:36",605.9,2,jackyap
5737,16635021,RiLi,"2026-09-17 11:03:07",605.9,2,hisatosenda
5738,16777740,hoangnnh67,"2026-08-28 22:12:22",605.8,2,hoangnnh67
5739,16743382,"Pavan Rangisetti","2026-09-15 03:42:00",605.8,2,pavanrangisetti
5740,16671940,LJazya,"2026-09-05 02:54:37",605.6,2,jihanelek
5741,16657172,Honkazu,"2026-08-28 16:55:46",605.5,2,janposlusny
5742,16677597,InformaBook2,"2026-09-10 05:38:23",605.4,2,informabook2
5743,16787200,"HayDay Protestors","2026-09-13 04:26:26",605.4,2,"aaronjoshuaemmanuel,anjulasankalpa,chamathjayashanka,ghostd,prabhashanmadurawala"
5744,16682815,"Saiyam Bharara","2026-08-19 15:03:06",605.2,2,saiyambharara
5745,16693949,"Eric Worrall","2026-09-12 08:06:03",605.2,2,ericworrall
5746,16845009,"Nyasha Gandah","2026-09-15 06:20:21",605.0,2,nyashagandah
5747,16639970,Gowtham2962s,"2026-09-14 09:20:56",604.9,2,gowtham2962s
5748,16663998,"Harith Al-Ani","2026-08-24 00:09:54",604.8,2,abo3losh
5749,16699689,"David Sedláček","2026-08-10 08:38:38",604.3,2,sibicek
5750,16671438,"Aot Chanthorn","2026-08-15 16:16:25",604.3,2,aotchanthorn
5751,16654761,"Mohammed Mukthar","2026-08-05 02:06:15",603.9,2,mohammedmukthar9
5752,16706455,"John Andrei Martinez","2026-08-18 18:55:04",603.8,2,johnandreimartinez
5753,16775770,"Ashish Kumar","2026-08-27 17:18:58",603.3,1,whoashish115
5754,16677178,"YOUSSEF FAID","2026-08-11 21:10:38",603.3,2,yousseffaid
5755,16730461,"Mubin Shaikh","2026-08-19 06:09:17",603.0,2,shaikhmubin
5756,16623836,awarse,"2026-09-04 09:06:23",602.8,2,awarse
5757,16881624,RetrainMap,"2026-09-12 20:08:45",602.7,2,retrainmap
5758,16716941,林木子吖,"2026-08-24 09:28:59",602.6,2,linmuzi0108
5759,16764149,"Manish Rai","2026-09-06 20:01:53",602.0,2,magiuscain
5760,16693988,"Pranav Gupta","2026-08-18 03:51:41",602.0,2,kumbhakarann
5761,16671421,"Gryffin Wang","2026-08-08 23:08:40",602.0,2,gryffindoraf
5762,16664096,"Charles Coonce","2026-09-08 02:26:37",601.7,2,charlescoonce
5763,16882160,"John Doe #2","2026-09-12 18:04:56",601.3,1,realgrape
5764,16687714,nabilux,"2026-08-09 13:27:11",601.3,2,eminesnabil
5765,16665894,"Pedro Wu","2026-09-03 03:40:31",601.0,2,pedropei
5766,16854776,aruuu,"2026-09-10 14:11:51",601.0,2,arruuu
5767,16886077,"Rajan Aggarwal","2026-09-17 15:19:02",600.3,2,rajanaggarwal11
5768,16811935,"Bhargavaram Gajula","2026-09-05 18:08:56",600.2,2,bhargavaramgajula007
5769,16796625,Nepsirhc,"2026-09-12 11:15:35",600.1,2,nepsirhc
5770,16796445,"Md Aminul Islam","2026-09-15 22:43:37",600.1,2,aminulabir
5771,16660319,fahimMK,"2026-09-16 11:58:28",600.0,2,fahimmk
5772,16706456,"Michael van Mill","2026-08-12 09:58:40",600.0,2,michaelvanmill
5773,16789914,AkikJana,"2026-09-07 16:37:53",600.0,2,firewaterair
5774,16792329,"Kumkum Barot","2026-09-18 11:03:01",600.0,2,kumkumbarot02062003
5775,16732529,"lixinglong ye","2026-09-09 07:46:16",599.8,2,lixinglongye
5776,16663909,HDPark,"2026-08-17 04:48:41",599.8,2,hdpark
5777,16768466,BenJung,"2026-09-16 09:44:23",599.7,2,"benjung2512,hyeonglvl,hyeonho028,limjoonsoo"
5778,16738653,"Julien Trocmé","2026-08-24 12:48:49",599.7,2,julientrocm
5779,16689033,arman1o1,"2026-09-01 05:01:27",599.5,2,arman1o1
5780,16665471,"Dennis Navamani","2026-08-25 11:10:08",599.4,2,dennisnavamani
5781,16694064,RRK0123,"2026-08-17 05:30:52",599.3,2,rrk0123
5782,16641130,LitvinKA,"2026-08-04 18:09:01",599.2,2,litvinka
5783,16655521,"Hemadri Rajyaguru","2026-08-04 02:12:55",599.0,2,hemadrirajyaguru
5784,16830678,Voodoo_m88,"2026-09-11 05:21:29",599.0,2,voodoom88
5785,16654328,"QQ Farm","2026-08-28 12:59:12",598.9,2,"huiiyu,titirmt"
5786,16786297,isxinhe,"2026-09-18 10:38:47",598.8,1,isxinhe
5787,16659663,Chintakrinda_Naveen,"2026-09-17 11:02:18",598.8,2,naveen998
5788,16697526,"Jurgen Sinjari","2026-08-10 21:21:26",598.4,2,jurgensinjari
5789,16731173,AynRmio,"2026-09-17 08:48:38",598.2,2,aynrmio
5790,16670313,HamzZZzzZZa,"2026-08-06 22:01:28",598.1,2,memesalot
5791,16911847,LGC,"2026-09-17 08:21:20",598.1,1,victorlingc
5792,16661210,vizyourdata,"2026-08-07 11:05:08",598.0,2,vizyourdata
5793,16689919,"Koren Ben Ezra","2026-08-08 17:49:55",597.8,2,korenbenezra
5794,16674950,Davide,"2026-09-03 09:22:38",597.8,2,quanttony
5795,16713249,"vedant patnala","2026-08-27 22:38:03",597.7,2,vedantpatnala
5796,16711868,"Mark Cooper","2026-08-16 13:09:02",597.3,2,markjcooper
5797,16668819,"ahmedou sidi med","2026-08-19 00:05:55",597.0,2,ahmedousidimed
5798,16684886,HTHub,"2026-08-08 00:12:47",596.9,2,adegokesaidi
5799,16667500,jiannebab,"2026-08-14 14:29:12",596.9,2,jiannebab
5800,16654099,"Bhupin Thapa magar","2026-08-10 09:22:06",596.7,2,vupeenthapamagar
5801,16712870,"Jose Gibson","2026-08-13 20:09:11",596.7,2,josegibson
5802,16675457,"Ramana Prabhu Sana","2026-09-15 21:13:41",596.6,2,ramanaprabhusana
5803,16660138,"Sanchit Handa","2026-09-12 18:45:23",596.5,2,"harmanjotsingh8,sanchithanda182006"
5804,16664313,CompilingCoder,"2026-08-06 09:38:17",596.4,2,compilingcoder
5805,16717614,Dhanyashree1028,"2026-08-16 15:00:37",596.4,2,dhanyashree1028
5806,16663210,"Marco Nasuelli","2026-09-13 15:58:07",596.3,2,marconasuelli
5807,16655039,"Andrew Yip","2026-08-06 20:14:49",596.2,2,yipcma
5808,16869617,"Denis Chernyshov","2026-09-11 23:20:28",596.1,2,denischernyshov
5809,16733046,Afordancja,"2026-08-24 18:22:42",596.0,2,afordancja
5810,16732048,jiangletian,"2026-08-24 03:20:40",595.9,2,jiangletian
5811,16810497,Garuda,"2026-09-07 06:32:01",595.9,2,santhoshreddypasnoor
5812,16699140,St.Valentine,"2026-08-18 09:49:04",595.7,2,stvalentin3
5813,16697941,"Raphael Coelho","2026-08-16 15:24:28",595.6,2,raphaelrrcoelho
5814,16665060,Pipeweed,"2026-08-27 18:14:40",595.0,2,pipeweed56
5815,16675832,"Dean Shalev","2026-08-09 04:12:47",595.0,2,deanshalev
5816,16655449,tcvieira,"2026-08-06 18:20:34",595.0,2,tcvieira
5817,16880648,"Akash Pattani","2026-09-12 18:30:07",594.9,2,akashpattani
5818,16668817,"Sean ODonnell","2026-08-08 03:27:47",594.8,2,sjean11
5819,16700785,"VIVEK JAMI","2026-08-19 13:57:57",594.8,2,vivekjami
5820,16755548,"Manuel Ramos","2026-08-27 19:06:26",594.5,2,aizpask13
5821,16690869,"Yudai Hayashi","2026-08-23 09:14:30",594.5,2,yuhaya9
5822,16797356,"Thalía Cantero","2026-09-15 15:41:27",594.3,2,thalicantero
5823,16633379,"Artem Prokhorov","2026-07-31 20:53:32",594.2,1,catfield123
5824,16861102,walnut11,"2026-09-13 17:18:24",594.1,2,walnut11
5825,16659598,kudston,"2026-09-15 18:38:11",594.1,2,kudston
5826,16791701,"Tired Dad Data","2026-09-12 21:37:23",594.0,2,alexmaggard
5827,16683282,ayushk_empire,"2026-08-14 11:50:15",593.9,2,ayushkempire
5828,16711567,"Finn Brooks","2026-08-15 04:40:11",593.9,2,finnbr
5829,16732537,Rapha,"2026-08-27 12:08:17",593.5,2,raphaabels
5830,16668648,"Mason R. Brito","2026-09-10 16:58:25",593.5,2,masonrbrito
5831,16732504,"porsche zheng","2026-08-18 08:19:41",593.5,2,porschezheng
5832,16655027,"Artem Zenkevich","2026-08-16 13:09:58",593.4,2,artemzen
5833,16659341,Aryan88097,"2026-08-05 17:26:57",593.2,2,aryan88097
5834,16654454,"Haoxiang Li","2026-09-06 09:24:47",593.2,2,haoxiangli789
5835,16837934,"Osman ILICA","2026-09-09 02:30:19",593.1,2,osmanilica
5836,16841559,dal7,"2026-09-09 04:32:12",593.1,2,purelyconceptual
5837,16689398,Reesh,"2026-08-11 08:55:10",592.9,2,rishileung
5838,16792449,SKYisSKYisSKY,"2026-08-31 04:16:07",592.9,2,skyisskyissky
5839,16634316,"Cao Tùng Lâm","2026-09-01 07:16:08",592.8,2,liamislazy
5840,16722502,Abyss,"2026-08-27 11:26:49",592.6,2,sahiltks
5841,16728220,Naki,"2026-09-08 11:50:44",592.6,2,nanakiohashi
5842,16700207,"S. Mujtaba Hussain","2026-09-18 09:26:29",592.4,2,smujtabahussain
5843,16728799,JulianHahn28,"2026-08-17 21:26:57",592.3,2,julianhahn28
5844,16863952,"Kuei-Hsien Chu","2026-09-10 06:14:39",592.2,2,formosa21
5845,16670708,"Mohammad Usman Sajid","2026-09-03 18:26:11",592.2,2,mohammadusmansajid
5846,16675074,ahiokk,"2026-08-07 07:58:44",592.1,2,ahiokk
5847,16664134,"Pelayo Fernández","2026-08-07 10:36:48",591.9,2,pelayofdez
5848,16745571,"Yifan Xie","2026-09-03 13:55:15",591.6,2,yifanxie
5849,16671942,"JIVRAJ SINGH","2026-09-05 02:33:23",591.5,2,jivrajsingh
5850,16651661,"Quyền Thịnh","2026-08-07 06:27:45",591.5,2,quynthnh
5851,16714894,"Mitsuaki Inoue","2026-09-15 11:41:23",591.5,2,mitsuakiinoue
5852,16763088,mason.jr,"2026-08-25 04:29:36",591.5,2,haophanzx
5853,16717850,"HeeGwan Lee","2026-09-06 11:51:49",591.4,2,heegwanlee
5854,16661318,"Zeel Kadvani","2026-08-25 11:17:53",591.4,2,zeelkadvani
5855,16793680,prajval_p,"2026-09-01 01:03:39",591.3,2,prajvalp
5856,16675708,"Mahder Tesfaye Abebe","2026-08-08 08:46:36",591.1,2,mahdertesfayeabebe
5857,16742149,"Ankith Savio","2026-09-16 10:17:23",591.1,2,weedoo
5858,16668439,Lugas024,"2026-08-08 05:33:51",591.1,2,lugas024
5859,16682915,"igeo kK","2026-09-12 23:10:17",590.9,2,igeokk
5860,16744752,"Dean Johnson","2026-08-27 10:26:20",590.6,2,deanjohnson202
5861,16659138,allenbcy,"2026-09-10 14:41:18",590.6,2,allenbcy
5862,16634204,"m-toshi desu","2026-08-01 06:20:37",590.6,2,mtoshidesu
5863,16686222,"Nika Chaduneli","2026-08-10 01:21:09",590.4,2,nikachaduneli
5864,16704924,jdx,"2026-09-13 17:32:32",590.2,2,jdsemrau
5865,16666648,"Sriram Reddy19","2026-08-06 08:40:07",590.1,2,sriramreddy19
5866,16657104,"Bashar Gamal","2026-09-15 05:51:30",590.1,2,bashargamal
5867,16716365,Murphy,"2026-08-21 14:00:29",589.9,2,taeyounglimdt
5868,16765031,"Allen JL Li","2026-08-27 06:12:23",589.7,2,allenjlli
5869,16913155,DT,"2026-09-18 06:40:06",589.4,2,"bhd233,vatlegend"
5870,16635377,het2554,"2026-09-13 07:55:05",589.3,2,crazy2554
5871,16657016,"MD. AS-AID RAHMAN","2026-08-26 15:57:49",589.1,2,mdasaidrahman
5872,16696916,Sundar,"2026-08-11 13:04:59",588.9,2,vsundar17697
5873,16735408,"Evan S","2026-08-18 20:06:05",588.8,2,evansc123
5874,16669393,"ÖMER FARUK YILMAZ","2026-08-07 19:54:59",588.6,2,ofyzero
5875,16670070,"Kirill Molostov","2026-08-31 12:18:26",588.5,2,kirillmolostov
5876,16892496,"Alif Mahmud 1993","2026-09-15 16:35:27",588.5,2,alifmahmud1993
5877,16673151,skyblue01,"2026-08-27 07:56:10",588.4,2,skyblue01
5878,16880694,yuxian6666,"2026-09-15 14:46:10",588.4,2,yuxian6666
5879,16757211,dacho,"2026-09-16 00:25:14",588.3,2,slothcafe
5880,16678157,"Ayush Kumawat","2026-08-14 13:10:02",588.3,2,ayushkumawat21
5881,16779539,"Dmitri Bugakov","2026-08-27 16:34:42",588.1,2,dmitrybugakov
5882,16899050,SerenaLsr,"2026-09-16 03:35:02",587.9,2,serenalsr
5883,16811603,hundun,"2026-09-04 09:48:18",587.8,2,zhongh4oyang
5884,16663708,"Imran Ahamed","2026-08-29 22:00:50",587.7,2,immu4989
5885,16725871,"Patrice Santiago","2026-09-03 22:19:56",587.7,2,patricesantiago
5886,16843755,oguzok,"2026-09-17 06:08:03",587.6,2,oguzok
5887,16658042,"Giampietro Pregnolato","2026-08-13 09:17:36",587.5,2,giampietropregnolato
5888,16851079,"Nathaniel Marshall","2026-09-08 02:04:22",587.4,2,nm4rshall
5889,16854535,Dragon,"2026-09-09 16:48:11",587.4,2,dragon116rus
5890,16658019,ไอติวบ้านปังมาเอาแช้มมมม,"2026-08-08 18:43:05",587.4,2,tewnabhat
5891,16744239,"Diogo Gomes ","2026-08-25 09:39:28",587.3,2,diogogomes
5892,16652635,panacea9320,"2026-08-05 10:45:06",587.2,2,panacea9320
5893,16872064,"Jimmy Erickson","2026-09-13 19:43:54",587.2,2,jimmyerickson
5894,16691398,"Time to Win","2026-09-03 04:36:52",587.0,2,yatharthdurgapal
5895,16673359,hasshi7965,"2026-09-06 10:05:10",587.0,2,hasshi7965
5896,16731009,"Joseph Paris","2026-08-24 05:32:21",587.0,2,josephkparis
5897,16632510,shi_koyo,"2026-08-04 08:58:56",586.8,2,shikoyo
5898,16687548,"Shubham Tibrewal","2026-08-22 12:21:02",586.7,2,researchai2026
5899,16774890,SkoopSkoop,"2026-08-31 16:08:04",586.7,2,skoopskoop
5900,16726873,@F,"2026-08-16 01:43:22",586.5,1,atefbouzid
5901,16672370,"Yash Barhanpurkar","2026-09-10 17:36:18",586.5,2,yashbarhanpurkar
5902,16793802,"Andrew Lam","2026-09-01 09:07:56",586.4,2,andrewlam23
5903,16738235,tenfish,"2026-09-12 11:48:01",586.3,2,"oygdri,takatoyoshikawa"
5904,16738336,"Guo Xuehan","2026-09-02 05:44:05",586.1,2,zmllls
5905,16688175,aarav221w,"2026-08-25 23:40:16",586.0,2,aarav221w
5906,16702118,"cemal özdeniz","2026-08-10 20:27:17",585.8,2,cemalzdeniz
5907,16664731,UT,"2026-08-21 15:24:42",585.6,2,"sabapunch,wasshan"
5908,16774333,"Nazim Shoikot","2026-09-03 11:20:20",585.5,2,nazimshoikot71
5909,16623213,zulfikar.khalwaniev,"2026-08-23 09:08:56",585.5,1,khalwaniev
5910,16659951,"CHRISTOPHER CRILLY","2026-09-11 12:23:20",585.3,2,christophercrilly
5911,16702993,PLM,"2026-08-30 13:58:34",585.3,2,"ileabogdan,popu23,razvaniga,rvaurs"
5912,16916387,Nathan,"2026-09-18 00:08:32",585.3,2,nathanpradostapia
5913,16844527,"Suyog Gund","2026-09-12 18:30:05",585.3,2,suyoggund
5914,16665133,"Abhishek Dubey","2026-08-10 13:28:57",585.2,2,abhishekdubey911
5915,16655571,yuken,"2026-08-07 13:27:53",585.1,2,yukenai
5916,16758316,"Roy Lo TW","2026-09-18 03:51:46",585.1,2,roylotw
5917,16728195,"6 GOD","2026-08-21 15:50:28",584.9,2,tertospacko
5918,16659367,"Tayyab Aamir","2026-08-06 10:59:49",584.6,2,duketi
5919,16682876,"Kartik Garg","2026-08-09 05:21:34",584.6,2,kartikgarg97
5920,16823681,Yielder,"2026-09-10 16:59:40",584.2,2,georgepapasideris
5921,16704569,"Lorenzo Grattarola","2026-08-16 22:24:15",584.1,2,lorenzograttarola
5922,16770891,"Oleg Shatov","2026-09-05 16:34:56",583.9,2,bishkek
5923,16670698,"Tamerlan Dadashov","2026-08-09 10:36:12",583.9,2,tamerlandadashov
5924,16658106,"Devam juthani","2026-08-05 08:18:14",583.8,2,devamjuthani
5925,16709318,"Jana Hagen","2026-08-26 18:00:16",583.7,2,janahagen
5926,16844875,GBWK,"2026-09-12 20:01:23",583.6,2,gabmaury
5927,16667565,BeeDeeR,"2026-09-10 22:42:41",583.5,2,beedeer
5928,16853582,"Qiao Ke","2026-09-09 09:44:44",583.1,1,bridgekk
5929,16657798,"Ian Kim","2026-08-06 05:07:10",583.1,2,ianpkim
5930,16671256,"Navid Zaman","2026-09-08 13:58:31",582.8,2,navidzaman01
5931,16657871,Lucienne,"2026-08-05 03:13:59",582.8,2,yangnianan
5932,16667818,AjayVarma555,"2026-08-09 15:14:45",582.6,2,ajayvarma555
5933,16862124,"Lei Yang23","2026-09-16 18:09:55",582.6,2,leiyang23
5934,16671237,"Jose Alejandro Rivera Jaramillo","2026-08-07 18:13:13",582.6,2,alejandroriveraj
5935,16774524,ShinYingChua,"2026-09-13 15:35:15",582.5,2,shinyingchua
5936,16693925,"Francisco Corredor","2026-09-17 22:19:46",582.4,2,franciscocorredor
5937,16814805,Muzhi11,"2026-09-15 03:20:43",582.2,2,muzhi11
5938,16781377,AgriMind,"2026-09-17 18:09:19",582.1,2,slimaneguermat
5939,16657794,"Aromal vK","2026-08-06 15:35:11",582.1,2,aromalvk
5940,16658686,"Alpesh Kumar","2026-08-08 06:12:31",582.1,2,alpeshkumar
5941,16660295,Pentos,"2026-08-10 00:06:56",582.0,2,nishiumi
5942,16739449,SelvapriyankaRam,"2026-08-24 18:44:21",581.8,2,selvapriyankaram
5943,16667630,Sparsh389,"2026-08-06 15:46:09",581.8,2,sparsh389
5944,16848416,"Mayank Bhatia","2026-09-07 15:09:19",581.8,2,mikemayankb
5945,16639705,"Yuta Tomimasu","2026-08-07 13:02:39",581.8,2,yutatomimasu
5946,16706192,rustlers42,"2026-09-02 15:24:05",581.6,2,"lkshrsch,powerofcreation"
5947,16730231,chandler14362,"2026-08-29 03:04:49",581.5,2,chandler14362
5948,16774843,"Assylkhan Kerey","2026-08-30 03:16:54",581.5,2,n0nlyy
5949,16662421,"Aparna Mantha","2026-08-06 17:23:34",581.3,2,aparnam91
5950,16736636,torch,"2026-08-18 10:35:29",581.0,2,rhtsingh
5951,16752899,"Nicolò Alberti","2026-08-23 09:16:36",581.0,2,nicolalberti
5952,16763287,Sathishkumartheta,"2026-08-25 18:53:26",580.9,2,sathishkumartheta
5953,16654943,"Alexis Selorm Gbeckor - Kove","2026-08-10 11:44:58",580.6,2,advancedbeginner
5954,16853993,"Christie Lam","2026-09-16 03:13:27",580.5,2,christielam
5955,16658009,"Lando Wang","2026-08-05 02:18:17",580.5,2,landowang
5956,16702411,"Aryuemaan Chowdhury","2026-08-21 07:05:31",580.4,1,aryuemaanchowdhury
5957,16877886,"Mohamed el.harery","2026-09-16 00:51:49",580.4,2,mohamedelharery
5958,16769793,"Shivam Batra","2026-08-26 14:21:49",580.1,2,shivam744
5959,16665932,"Fabian Birringer","2026-08-21 18:31:41",579.9,2,fabianbirringer
5960,16914950,"Alessio Mezzina","2026-09-17 20:55:25",579.9,1,alessiomezzinaaa
5961,16720788,Anson,"2026-09-05 19:45:48",579.8,2,anson0496
5962,16846408,"Arpit Gole","2026-09-16 02:21:23",579.7,2,connecttoarpitgole
5963,16700885,"Malala Ramaha","2026-08-29 07:29:11",579.7,2,malalaramaha
5964,16748603,qianzhonhao,"2026-09-03 08:20:45",579.6,2,qianzhonhao
5965,16840365,"Pranjal Morwal","2026-09-17 19:23:31",579.6,2,pranjalmorwal
5966,16712902,"Ethan Benjamin Cole","2026-08-13 12:19:26",579.6,2,ethanbenjamincole
5967,16673712,"Alejandro Betato","2026-08-16 10:48:24",579.4,2,alejandrobetato
5968,16697681,"Mahfujur Rahman Rakib","2026-08-10 05:14:21",579.3,2,mahfujurrahmanrakib
5969,16671680,"Joe Hall","2026-08-10 19:02:30",579.1,2,halljr
5970,16689391,"Tejas Rajput","2026-08-08 17:21:18",579.0,2,tejasrajput123
5971,16640504,"Recep Öztürk","2026-08-26 11:19:31",579.0,2,rcpztrrk1
5972,16644508,"Vandana Pathania","2026-08-22 21:59:37",579.0,2,vandanapathania
5973,16674841,"Syna Bedi","2026-08-15 09:57:28",579.0,2,synabedi
5974,16669165,"IT Neko","2026-08-14 13:17:33",578.9,2,"nirvaanaa,zhexuanyecust"
5975,16658937,SebastianQbiak,"2026-08-05 06:20:18",578.9,2,sebastianqbiak
5976,16694134,"Sophia Leng","2026-08-24 20:04:10",578.8,1,sophialeng9
5977,16866643,"Yan Slabodich","2026-09-15 08:02:34",578.7,2,yanskij
5978,16839030,minedmap,"2026-09-07 20:19:52",578.6,2,minedmap
5979,16760604,"Thananut Phiboonbanakit","2026-08-25 14:04:44",578.6,2,tphiboonbanakit
5980,16650930,"Govind Sharma","2026-08-24 09:25:23",578.5,2,govindsarswat
5981,16662120,"Harpal Gujral","2026-08-25 18:07:07",578.3,2,harpalgujral
5982,16707078,"Loïc & Zach","2026-08-24 20:25:24",578.2,2,"locmmeteau,zachariedubus"
5983,16833063,"Fidel Escalona","2026-09-17 20:41:45",578.1,2,fbescalo
5984,16697800,DR_Mkelvo,"2026-08-09 20:42:15",578.0,1,drmkelvo
5985,16669597,农业农村部,"2026-08-10 19:11:08",577.9,2,"bingzhenghan,hrwan1,krasuszl"
5986,16785687,"AP SEM F STUDENTS","2026-08-31 03:52:37",577.9,2,"advaithn0518,rohanjeyavel,shrivatsamurugan,stitchsages"
5987,16645431,Amin,"2026-08-08 22:05:02",577.8,2,aminvafaei
5988,16729531,alfphafarm,"2026-08-19 19:09:48",577.7,2,vudattumaniteja
5989,16655272,"Artur Sakhiullin","2026-08-09 14:27:52",577.5,2,artursakhiullin
5990,16713236,kingofeverything,"2026-09-08 06:20:42",577.4,2,"kingofeverything,skyyyang"
5991,16676360,"Chris Kang","2026-08-17 10:07:49",577.3,2,rukawa917
5992,16808696,마짱MAZZANG,"2026-09-04 09:41:16",577.0,2,mazzang
5993,16724819,Dwij12,"2026-08-20 18:28:01",577.0,2,dwij12
5994,16667143,"Noct-Tech zombie","2026-08-06 13:46:51",576.7,2,jo3thaboss
5995,16690940,NKryst,"2026-08-29 10:57:18",576.7,2,nkryst
5996,16844385,"Michael Leo Tan","2026-09-08 02:56:03",576.7,2,michaelleotan
5997,16664267,"Alan T. Andrea","2026-08-09 03:22:40",576.6,2,alantandrea
5998,16762010,"Ivan Piaternev","2026-09-15 08:14:40",576.3,2,iamvanya
5999,16782993,hayashida,"2026-09-07 14:01:36",576.3,2,daichihayashi
6000,16704437,babybuffalo,"2026-08-25 16:11:16",576.2,2,babybuffalo
6001,16762994,AdvancedRising,"2026-09-13 14:54:28",576.1,2,advancedrising
6002,16848263,Xenongas,"2026-09-08 14:23:14",575.9,2,xenongas1
6003,16885464,"Javier Hernáez","2026-09-16 15:22:08",575.8,2,javierhernaez
6004,16630837,"Vishal Sharma","2026-08-05 18:24:44",575.8,2,vishal40182
6005,16887858,"Oleg Zholobov","2026-09-17 09:39:24",575.6,2,olegzholobov
6006,16756677,"Pyzh Vladislav","2026-08-24 10:19:44",575.5,2,pyzhvladislav
6007,16868576,DarkhanShakhan,"2026-09-15 20:17:01",575.5,2,darkhan1991
6008,16823853,Zerbytheboss,"2026-09-06 22:03:05",575.4,2,zerbytheboss
6009,16696421,"Koyashiki Mao","2026-08-11 06:40:19",575.3,2,koyashikimao
6010,16669595,evanca,"2026-08-08 12:27:56",575.3,2,evanca
6011,16809136,"Xander Lee","2026-09-04 13:56:48",575.0,2,xndlee
6012,16681660,"Parham Ghazanfari","2026-08-07 20:18:18",574.5,1,parhamghazanfari
6013,16800950,"Mani Kanta Kalluru","2026-09-09 17:17:20",574.4,2,manikantakalluru
6014,16791027,"Ryan Cheung","2026-09-07 04:46:47",574.4,2,doggychip
6015,16662293,"Alejandro Fonda","2026-09-17 04:30:23",574.2,2,alejandrofonda
6016,16731447,"Rúben Martins","2026-08-19 20:55:42",574.1,2,rubenmartins10
6017,16696526,"Reda HEDDAD","2026-09-05 21:17:22",574.1,2,redaheddad
6018,16659418,"Fonge Bertin","2026-08-06 09:26:33",574.0,2,fongebertin
6019,16686613,Zubatch,"2026-08-15 20:11:39",574.0,2,zubatch
6020,16789550,foundtion,"2026-08-30 13:19:22",573.6,2,foundtion
6021,16700441,"Houssem RIAHI","2026-08-27 14:54:09",573.2,2,houssemriahi
6022,16755529,"Rafea Almejrab2025","2026-08-29 16:06:34",573.1,2,rafeaalmejrab2025
6023,16845593,matsudaatom,"2026-09-07 14:44:59",572.7,2,matsudaatom
6024,16635746,"jeon hyeon woo","2026-08-13 15:32:43",572.6,2,jeonhyeonwoo
6025,16681149,Lee14k,"2026-08-19 17:00:35",572.6,2,lee14k
6026,16726080,"Arda Yasar","2026-08-19 06:02:10",572.5,2,ardayasar
6027,16794491,"Sushant Pargaonkar","2026-09-02 02:59:45",572.5,2,sushantpargaonkar
6028,16715495,Yashi003,"2026-08-24 04:44:40",572.4,2,yashi003
6029,16673981,"Aarya Jadhav","2026-09-17 06:58:06",572.3,2,aaryajadhav0310
6030,16621407,Kh0a,"2026-09-15 06:55:26",572.2,2,llkh0a
6031,16775001,"Maarij Aqeel","2026-08-26 14:48:03",572.2,2,maarijaqeel
6032,16621811,"Shaun Andrade","2026-08-01 00:44:42",572.0,2,shaunandrade
6033,16851330,umar,"2026-09-16 03:04:16",572.0,2,umar4md
6034,16657807,"Ragav Rida","2026-08-07 16:22:34",571.8,2,ragavrida
6035,16711928,Leraaaa,"2026-08-18 20:01:52",571.8,2,leraaaa
6036,16761451,gulag,"2026-08-24 03:39:54",571.7,2,moglin
6037,16793913,"Vrushal Patil","2026-09-06 11:13:36",571.6,2,vrushalpatil
6038,16896490,"Yiman Gao","2026-09-18 10:17:27",571.6,2,yimangao
6039,16681509,"Kethan Sai","2026-09-18 09:53:32",571.5,2,kethansaikoneru
6040,16718445,"Hamza Elmorjani","2026-08-15 12:16:55",571.3,2,hamzaelmorjani03
6041,16732725,MackTen,"2026-08-19 08:14:01",571.3,2,mackten
6042,16904690,"yuya #2","2026-09-17 07:21:26",571.0,2,pineandtree
6043,16730577,"Team Rocket’s Orbital Farm","2026-09-11 05:56:54",570.9,2,koheitsutsumi
6044,16656792,"Gnanaprakash R","2026-08-28 15:05:38",570.9,2,gnanaprakashr
6045,16770674,"Arpit Jain","2026-09-02 11:44:36",570.9,2,arpitjain5
6046,16722366,"Aki Lit","2026-08-14 23:24:20",570.8,2,akilit
6047,16731996,Chloe,"2026-08-18 02:58:05",570.8,2,chenchloehaimo
6048,16654351,"Manish Kumar","2026-08-04 07:45:22",570.7,2,manishkumarphd2000
6049,16655527,"Saurabh Kumar","2026-08-06 08:14:52",570.7,2,sk25oct
6050,16749764,Aquaflame,"2026-09-11 16:41:58",570.6,2,aquaflame
6051,16827864,"Tùng Dương Bùi","2026-09-04 14:31:54",570.6,2,tdbui1209
6052,16847801,"Joachim Oliver Mampouya","2026-09-08 14:54:14",570.5,2,olivermam
6053,16828050,stephenlau,"2026-09-17 08:18:23",570.3,2,stephenlu0422
6054,16621657,"Nikita Batuev","2026-09-12 12:20:41",570.1,2,batuevnikita
6055,16685652,LeonDuue,"2026-09-01 06:55:54",570.0,2,leonduue
6056,16625047,BOBQWERA,"2026-08-02 06:34:18",570.0,2,bobqwera
6057,16680297,"Ajay Singh","2026-08-08 04:33:24",570.0,2,ajaysinghg
6058,16676534,AlphaBound,"2026-08-25 05:26:32",569.7,2,somsubhrometya
6059,16691164,"Krishna Saathwik","2026-08-13 13:50:40",569.7,2,krishnasaathwik
6060,16726839,syunsuke,"2026-08-21 23:12:13",569.3,2,syunsuke1024
6061,16673191,juliye,"2026-08-10 03:49:13",569.3,2,juliye
6062,16662103,"Saravana Thiagarajan K","2026-08-05 21:43:42",569.3,2,saravanatk1984
6063,16688220,Aadi,"2026-08-24 23:10:37",569.3,2,aadicv
6064,16736261,"Saptanshu Samal","2026-08-22 12:02:42",569.1,2,saptanshusamal
6065,16706413,"Song Research","2026-08-18 00:39:36",569.0,2,sangbong91
6066,16623745,chunluran,"2026-08-27 06:55:55",569.0,2,chunluran
6067,16738777,"Balwinder Singh1235","2026-08-20 10:21:34",568.9,2,balwindersingh1235
6068,16726684,"William Lee","2026-08-19 15:35:28",568.5,2,notyouravgwilly
6069,16738640,"Tjay Burger","2026-08-18 17:35:39",568.4,2,tjayburger
6070,16663864,RamónLópez,"2026-09-18 08:13:01",568.0,2,lopeznomar
6071,16691518,"Sander Ee","2026-08-09 12:03:09",568.0,2,sanderee
6072,16690338,dvv_ram,"2026-08-13 00:11:18",567.7,2,ddvram
6073,16663766,"Anup Gautam","2026-08-08 01:29:10",567.7,2,anupanda
6074,16895374,JerryWang19,"2026-09-15 08:09:57",567.6,1,jerrywang19
6075,16664348,"Rocket Zech","2026-08-29 08:23:04",567.5,2,isaactunglaw
6076,16710512,FishWotou,"2026-08-19 04:45:40",567.5,2,fishwotou
6077,16795997,"Boyu Wan","2026-09-04 04:58:57",567.5,2,pupudan
6078,16704864,ksj00610,"2026-08-12 08:47:16",567.5,2,ksj00610
6079,16657105,"Mathijs Deelen","2026-08-05 01:16:34",567.5,2,mathijsdeelen
6080,16692995,RafaMartinaitis,"2026-08-22 11:50:10",567.4,2,rafaelmartinaitis
6081,16665622,one,"2026-08-11 04:10:11",567.2,2,richardsplayground
6082,16742172,"Felisitas Mellania","2026-09-11 06:39:04",567.1,2,felisitasmellania
6083,16772391,"Jinhan Gao","2026-09-18 00:20:01",567.1,2,jinhangao
6084,16735517,"Philipp k-s","2026-09-13 19:12:05",567.1,2,philippkeussenstrau
6085,16670544,"William Rients","2026-08-06 00:01:02",567.1,2,williamrients
6086,16750614,"Shivansh Chaudhary","2026-09-05 06:17:27",567.1,2,shivanshchoo
6087,16637499,Yuchen20,"2026-09-02 19:10:43",566.9,2,yuchen2066
6088,16691552,"Koshtubh Singh Parihar","2026-08-09 03:19:39",566.6,2,koshtubhsinghparihar
6089,16906705,"Gaurav Vyas","2026-09-18 10:39:30",566.6,2,ctogaurav
6090,16621523,"Victor Orihuel","2026-08-18 05:40:18",566.5,2,victororihuel
6091,16659645,Drakus_Julia,"2026-08-09 02:15:20",566.3,2,drakus74
6092,16659025,"Mohammed Naseef","2026-08-05 09:01:20",566.2,2,mohammednaseef
6093,16715225,"Someswararao Tellakula","2026-08-17 01:15:37",566.0,2,someshtellakula
6094,16717245,bernard558,"2026-08-24 22:18:16",566.0,2,bernard558
6095,16654640,"Halil Akbas","2026-08-28 00:32:12",566.0,2,halilbrahimakbas
6096,16855052,pk954061458,"2026-09-14 10:37:54",565.9,2,pk954061458
6097,16784599,"Engineer Lisa","2026-09-18 07:24:19",565.8,2,lisamhines
6098,16679364,VicD,"2026-08-14 20:16:52",565.7,2,durandv
6099,16736111,hexingwei33,"2026-09-01 02:08:11",565.6,2,hexingwei33
6100,16701034,notnorm,"2026-08-11 10:31:23",565.4,1,notnorm
6101,16732003,"HAO jia liu","2026-08-18 09:58:05",565.4,2,haojialiu
6102,16730030,"Jared Wilder","2026-08-17 14:23:15",565.3,2,jaredwilder
6103,16675066,Opticulture,"2026-08-16 12:19:48",565.3,2,"bajibaburowthu,ponnuripavankumar,radhakrishnadoredla,veereshkumar1219"
6104,16762206,"mohammad khanjani2026","2026-09-06 05:17:52",565.3,2,mohammadkhanjani2026
6105,16677303,"Chase Martyn","2026-08-19 02:05:12",565.2,2,chasemartyn
6106,16660540,Minikotey,"2026-08-16 15:34:40",564.9,2,juliapatarishina
6107,16639867,vibecoder,"2026-08-08 05:34:55",564.8,2,kunal808
6108,16743815,"Asanka Pradeep","2026-08-23 14:32:46",564.8,2,asanakapr
6109,16666249,Kawa_pt,"2026-09-08 22:24:25",564.6,2,kawapt
6110,16732307,"Shobha Vashishtha","2026-08-17 12:32:07",564.5,1,shobhavashishtha
6111,16674504,"Arunabh Gupta","2026-08-18 11:10:33",564.5,2,"arunabhsgupt4,eggsysy"
6112,16732357,"Thales Augusto Leite de Souza","2026-08-23 23:43:38",564.3,2,thalestals
6113,16887280,"ronger zhu","2026-09-17 04:03:22",564.1,2,rongerzhu
6114,16775749,Yurikada,"2026-09-03 11:13:54",563.9,2,yosukeinada
6115,16675585,"Jacob Joy","2026-08-11 12:13:06",563.7,2,jac0b1
6116,16668175,el_dedalus,"2026-08-06 14:48:01",563.4,2,eldedalus
6117,16669545,"Rishabh Gupta","2026-08-06 18:19:04",563.2,2,rishabhguptajs
6118,16632504,"[Deleted] c2f6c5d5-ecb1-4f92-95d7-7c9f0fd3474f","2026-07-31 16:04:32",562.9,1,ryota517
6119,16708907,"[Deleted] 84526ff4-3aed-4b4b-a45f-a4486f01cb7b","2026-08-13 20:01:55",562.8,2,del=34c747d6ee8d2bd7
6120,16914138,"Amritesh Anand","2026-09-17 15:48:42",562.8,2,amriteshananad
6121,16777056,"Seb boulba","2026-08-27 21:03:26",562.7,2,sebboulba
6122,16771283,taroyan-vamos,"2026-09-08 15:31:54",562.5,2,taroyanvamos
6123,16658738,Aman,"2026-08-05 11:12:10",562.4,2,amank95amank95
6124,16747345,"Alex #3","2026-09-17 08:59:07",562.4,2,alexb99
6125,16675264,"Alon Bar Koter","2026-08-06 16:16:43",562.2,2,alonbarkoter
6126,16743001,Nikhilasree,"2026-09-03 11:33:45",562.1,2,nikhilasree2003
6127,16717817,"Nick Stoddart","2026-08-14 05:15:23",562.1,2,nickstoddart
6128,16740662,宣城市机械电子职业技术学院,"2026-09-15 02:05:22",562.0,2,chenzhengy
6129,16690736,omarkami007,"2026-08-11 18:40:45",561.8,2,omarkami007
6130,16675461,mins0_0,"2026-08-30 07:50:53",561.6,2,mins00
6131,16678602,"hassan manour","2026-08-07 12:52:23",561.6,1,hassanmanour
6132,16664119,FSzekut,"2026-08-07 00:03:04",561.5,2,fszekut
6133,16728743,Miki_Nuummiu,"2026-09-16 20:54:12",561.5,2,mikinuummiu
6134,16657401,korpo,"2026-08-25 20:18:13",561.3,2,krisko
6135,16775237,"Haruki Iwase","2026-09-12 14:38:17",561.3,2,harukiiwase
6136,16844334,lsnm,"2026-09-07 15:02:17",561.3,2,eliasnema
6137,16744534,"Leonardo Custode","2026-09-11 09:16:04",561.3,2,leocus
6138,16668022,"Lady and tech","2026-08-19 04:08:50",561.3,2,ladyandtech
6139,16624941,"KO Ho Tin","2026-08-10 03:33:47",561.2,2,b14ckc4tmr
6140,16854398,"VALERIY MIKHALEV","2026-09-08 16:27:24",561.2,2,valeriymikhalev
6141,16663093,"Akul Sareen","2026-08-21 23:49:50",561.0,2,akulsareen
6142,16848633,umizora,"2026-09-08 13:34:47",561.0,2,yoiisohira
6143,16756131,"Emre Atilgan","2026-08-24 20:20:06",560.9,2,emreatilgan
6144,16639408,Invictus,"2026-08-11 22:44:04",560.8,2,nicho256
6145,16890772,tcipin-egor,"2026-09-14 12:21:54",560.7,2,egorich51
6146,16687604,Harrislrobinson,"2026-08-11 00:25:10",560.4,2,harrislrobinson
6147,16756388,"Sam Scott","2026-08-22 22:04:06",560.4,2,shepard5
6148,16730740,"claude opus5🏆","2026-08-19 09:58:24",560.2,2,yinpinggao
6149,16762831,026,"2026-09-07 00:58:19",560.2,2,thahaarsh
6150,16917921,xxxx333,"2026-09-18 04:43:44",560.1,1,xxxx333
6151,16621354,pengshy,"2026-08-06 04:54:01",560.1,2,dm15336142
6152,16637776,MarvelousXun,"2026-08-03 09:33:38",560.1,2,marvelousxun
6153,16667794,knadithyavr,"2026-08-13 12:24:05",559.6,2,knadithyavr
6154,16666483,"Salih Erdem Kaymak","2026-08-08 17:32:38",559.6,2,saliherdemkaymak
6155,16703129,"Pratik Vadher","2026-08-10 21:08:27",559.5,1,pratikvadher
6156,16749104,danielx119,"2026-08-20 16:36:00",559.5,2,danielx119
6157,16661564,yang20251228,"2026-09-02 03:40:29",559.4,2,yang20251228
6158,16630438,"Aayush Bansal","2026-09-17 15:28:32",559.4,2,aayushbansal0330
6159,16729157,HahaTaco,"2026-09-12 17:33:16",559.0,2,hahataco
6160,16793452,"Ghazaros Ghazaros","2026-09-12 00:26:59",559.0,2,ghazarosghazaros
6161,16732609,"Filippo Paninforni","2026-08-19 18:30:22",559.0,2,filippopaninforni
6162,16890342,Bin.Han,"2026-09-17 00:28:13",559.0,2,binhan0514
6163,16640845,"tang yangzhou","2026-08-04 21:36:09",558.9,1,tangyangzhou
6164,16664415,"Imerson Krysthio","2026-08-12 05:37:03",558.9,2,imersonk
6165,16631772,yuki,"2026-08-03 17:39:58",558.9,2,yururoi
6166,16660670,"Chirag Bhatnagar","2026-08-31 09:21:45",558.9,2,chiragbhatn
6167,16891184,rbjp557,"2026-09-17 10:31:21",558.9,2,rbjp557
6168,16686912,@mldsdev,"2026-08-13 02:07:44",558.8,2,lan1mel
6169,16673923,"Gabriele Giacometti","2026-09-10 12:15:50",558.8,2,gabrielegiacometti
6170,16671364,"Mike Riggs","2026-08-09 03:22:55",558.8,2,riggsasi
6171,16840480,jignesh13,"2026-09-16 19:33:04",558.7,2,jignesh13
6172,16717671,Jeremy,"2026-09-17 16:47:25",558.7,2,lukeenness
6173,16669396,Fleo98,"2026-08-10 15:43:34",558.4,2,fleo98
6174,16730104,BartHeart,"2026-08-20 18:58:23",558.3,2,bartheart
6175,16825999,"Atsushi Yoshikawa","2026-09-07 02:06:13",558.1,2,atsushiyoshikawa
6176,16793150,Comet19,"2026-08-31 10:53:04",558.1,2,comet19
6177,16773779,"Daichi Tanaka","2026-08-31 03:38:48",558.0,2,daichit64
6178,16727376,"Roko Torbarina","2026-08-18 18:31:57",558.0,2,rokotorbarina
6179,16724904,"Carlos Eduardo De Paula Arantes","2026-08-15 15:48:43",557.7,2,carloseduardo1753
6180,16658779,"Richard G Atkinson","2026-08-05 00:29:59",557.6,2,richardgatkinson
6181,16915731,INF2_josallo4_anpego3,"2026-09-18 09:32:04",557.6,2,josepsalvador
6182,16666988,"Sarthak Vedant Mohanty","2026-08-08 00:10:11",557.5,2,sarthakvedantmohanty
6183,16753353,"Aayush Kumar","2026-09-17 15:27:36",557.3,2,devaayushkumar
6184,16684674,"Ch Muhammad Umer ","2026-08-11 08:11:36",557.2,2,chmuhammadumer
6185,16707767,"Lai Eu Wen","2026-08-16 16:47:50",557.2,2,laieuwen
6186,16740534,"Gao Wenjiang","2026-09-02 09:48:37",557.0,2,gaowenjiang
6187,16733910,davidsmith42,"2026-08-19 23:59:03",557.0,2,ananthvydianath42
6188,16760226,"Erich Hofstötter","2026-08-24 15:49:06",556.9,2,erichhofsttter
6189,16753887,"Hong Tang","2026-08-24 21:41:20",556.8,1,hongtang15
6190,16787010,"Samir Patel","2026-09-04 02:59:28",556.7,2,mesamirpatel
6191,16640077,larry54321zhao,"2026-09-09 08:48:32",556.7,2,larry54321zhao
6192,16767800,awee,"2026-09-07 19:34:52",556.7,2,aweertw
6193,16671779,"Syed Jawad","2026-09-06 12:12:28",556.7,2,syedjawad11
6194,16667346,Artwenty-six,"2026-09-15 14:55:14",556.6,2,rezakautsarinsani
6195,16658477,"chathura prasadh9817","2026-08-06 07:18:04",556.4,2,chathuraprasadh9817
6196,16658775,"Vincent Pan","2026-08-29 12:55:20",556.2,2,"judithhong,vincentpan2005"
6197,16632118,nk,"2026-09-11 09:55:01",556.2,2,nagatakengo
6198,16686743,charmander,"2026-09-11 15:44:15",556.1,2,rahuladhi
6199,16673266,Preet,"2026-08-14 05:57:17",556.0,2,hpkaur34
6200,16702481,"Scott G","2026-08-13 15:19:02",555.9,2,verifiedscott
6201,16660119,"Dhruva Das","2026-08-05 17:05:52",555.8,2,dhruva77
6202,16669408,"Josaphat Adjele","2026-08-31 17:26:56",555.6,2,josaphatadjele
6203,16697704,"Leonid Matetskiy","2026-08-09 21:39:06",555.6,2,leonidmatetskiy
6204,16676155,"Adam Carnaffan","2026-08-07 16:48:03",555.3,2,adamcarnaffan
6205,16663437,inversion,"2026-08-04 20:44:41",555.2,1,inversion
6206,16750751,AarizKh,"2026-09-09 16:28:15",555.0,2,aarizkh
6207,16740894,BetOnMe,"2026-08-19 14:40:02",554.9,2,betonme
6208,16659446,zhaozy233,"2026-08-15 16:51:36",554.8,2,zhaozy233
6209,16764330,"Koral Kulacoglu","2026-08-26 04:51:33",554.6,2,koralkulacoglu
6210,16658718,"Duong Bao Duy","2026-09-15 13:31:45",554.4,2,duongbaoduy
6211,16655426,engin_zhou,"2026-08-05 15:21:18",554.3,2,enginzhou
6212,16784420,renyxin,"2026-09-04 06:35:37",554.3,2,renyxin
6213,16665462,ZSZ,"2026-08-12 13:55:00",554.2,2,zsuzsanna2
6214,16786450,fujii,"2026-09-15 14:01:51",554.0,2,kojisoemi
6215,16846845,Shunsuke,"2026-09-07 15:25:38",553.9,2,shunsukeisono
6216,16727009,B05801037,"2026-08-18 02:28:48",553.8,2,peteropop
6217,16671420,"Chengchen Duan","2026-08-17 15:25:09",553.8,2,chengchenduan
6218,16727961,"Ebenezer Olumeyan","2026-08-22 15:54:00",553.7,2,eolumeyan
6219,16670274,"dankwa wadie","2026-09-01 08:45:40",553.7,2,dankwawadie
6220,16726687,"Rohin Kethipally","2026-09-14 22:41:28",553.7,2,rohinkethipally
6221,16841858,"Aadit Agrawal","2026-09-08 07:23:56",553.6,2,aaditagrawal
6222,16623071,"Santiago Maniches","2026-09-06 06:32:55",553.6,2,santmani
6223,16661066,"André Kuster","2026-08-06 00:54:20",553.5,2,andrkuster
6224,16622938,"Farmville Redux","2026-08-03 18:58:04",553.5,2,daveconnor
6225,16670596,prabalsingh_23,"2026-08-26 02:33:14",553.4,2,prabalsingh23
6226,16857823,"Hà Công Nga ","2026-09-10 02:49:42",553.4,2,hcngnga
6227,16674599,"Luka Duvanov","2026-08-19 22:03:46",553.4,2,nekkon
6228,16743438,嘎嘎滴辣晒,"2026-08-24 09:30:32",553.4,2,yuhangzhang0621
6229,16750864,Ymori,"2026-09-16 03:14:11",552.9,2,yasunorim
6230,16736368,tora,"2026-08-19 06:54:47",552.9,1,toranosukenoda
6231,16747163,"Sarthak Patel","2026-08-21 06:36:26",552.9,2,sarthakpatel2028
6232,16826099,"Aykut Çağlar","2026-09-15 16:08:32",552.7,2,aykutcaglar
6233,16705328,"Ester Arias","2026-09-18 06:09:59",552.6,2,esterarias
6234,16806260,"Kotaro Furuno","2026-09-03 14:36:00",552.5,2,kotarofuruno
6235,16655075,"Félix Rodríguez Roble","2026-08-04 09:16:25",552.2,2,flixrodrguezroble
6236,16659309,irisV11,"2026-08-18 05:23:01",552.2,2,irisv11
6237,16659181,Hongjie04,"2026-08-05 04:07:04",552.2,2,hongjie04
6238,16845760,Alyosha85,"2026-09-07 05:42:01",552.0,2,alyosha85
6239,16659444,"ANKIT AGARWAL","2026-09-18 05:54:26",551.9,2,ankwall223
6240,16664142,"The Studio 1","2026-08-16 23:04:06",551.8,2,landonsheatsley
6241,16655651,"Kevin Cho","2026-09-14 16:40:58",551.7,2,chokevinjs
6242,16701795,Proshian,"2026-08-11 00:01:04",551.6,2,proshian
6243,16660850,"Khoa Le","2026-08-05 13:23:55",551.6,2,bryanle2025
6244,16644456,Agbe,"2026-09-17 00:04:26",551.6,2,timmecom
6245,16657981,"Arijit Kar","2026-08-18 11:05:52",551.6,2,demonicak
6246,16718366,RATriculture,"2026-08-28 19:15:28",551.4,2,tarasshchur
6247,16642994,"Danila Galkin","2026-08-13 19:22:17",551.4,2,danilagalkin
6248,16699711,"maxscender ","2026-08-13 14:03:35",551.3,2,maxscender
6249,16712746,itsraininnnn,"2026-08-12 16:38:56",551.3,1,itsraininnnn
6250,16687448,"Israel Burns","2026-08-12 08:41:38",551.2,2,israelburns
6251,16844670,"Zheng haoling","2026-09-07 04:22:40",551.2,2,zhenghaoling
6252,16782187,"Margo Kim","2026-08-28 19:15:18",551.1,2,margokim
6253,16673333,"Dimas Renggana","2026-08-06 23:40:39",550.4,2,dimasrenggana
6254,16897955,Diganta,"2026-09-15 18:15:03",550.4,2,digantabhattacharya
6255,16795609,2023314806_이승민,"2026-09-04 10:21:31",550.1,2,sminleeee
6256,16722028,"Aw Ming Xuan","2026-08-16 09:24:48",550.0,2,awmingxuan
6257,16717742,"Ghawwjsb Vsjsjsbs","2026-08-13 22:32:49",549.8,2,ghawwjsbvsjsjsbs
6258,16744898,"Tore Erdmann","2026-09-13 14:18:13",549.7,2,toreerdmann
6259,16663232,"Marco Mangan","2026-09-06 21:20:24",549.6,2,masmangan
6260,16674540,"Pratik Priyanshu","2026-08-07 18:28:12",549.5,2,pratikpriyanshu5
6261,16700484,白井孝太郎,"2026-08-15 01:08:02",549.5,2,kotaroshirai
6262,16748774,"hakan ulucan","2026-08-25 19:19:11",549.4,2,hakanulucan
6263,16660419,"Kai-Shih Chiu","2026-08-06 12:54:22",549.3,2,kaishihchiu
6264,16699045,"Abu Kayyisah Basyid","2026-09-17 21:14:39",549.3,2,abukayyisahbasyid
6265,16669479,"Shifa Salsabiila","2026-08-09 02:56:11",549.2,1,shifasalsabiila
6266,16666597,Ramkumar4240,"2026-08-10 12:19:20",549.2,2,ramkumar4240
6267,16664750,"shubham kumar","2026-09-13 16:24:23",549.2,2,shubzk17
6268,16669118,"yunus yavuz","2026-08-05 21:51:21",549.0,2,yunusyvz
6269,16673034,"Milos Vlainic","2026-09-17 09:22:22",548.9,2,wlakinsson
6270,16658151,"Nguyễn Phúc Gia Bảo","2026-08-06 15:15:07",548.7,2,kevincrazy678
6271,16660173,"PAULO HENRIQUE DE LIMA","2026-08-06 02:42:20",548.6,1,paulohenriquedelima
6272,16768178,Scarttish,"2026-08-26 22:44:26",548.6,2,scarttish
6273,16730649,Mink,"2026-09-13 19:27:02",548.6,2,"mahendransaeyohnn,mysterious5577"
6274,16662751,ZeD,"2026-08-06 10:11:24",548.5,2,hussamcheema
6275,16760190,"Florian Tigoulet","2026-08-24 12:37:14",548.5,2,floriantigoulet
6276,16688646,lakranitesh,"2026-08-08 12:49:18",548.3,2,lakranitesh
6277,16663677,"Aghazie David","2026-08-07 00:32:14",548.3,2,aghaziedavid
6278,16882322,hehahakl,"2026-09-17 14:41:05",548.1,2,hehahakl
6279,16729202,Sven,"2026-08-27 21:55:40",548.0,2,sventleman
6280,16710521,"Natpaphon Nukhunthod","2026-08-17 03:37:15",548.0,2,natpaphonnukhunthod
6281,16691938,"PRASHANT SUTHAR11","2026-08-10 09:46:05",547.9,2,prashantsuthar11
6282,16660214,ytddsyt1214,"2026-08-09 12:32:06",547.8,2,ytddsyt1214
6283,16731887,"hoo aam","2026-08-21 05:37:16",547.8,2,hooaam
6284,16660364,dadandsats,"2026-08-14 11:41:04",547.6,2,continuingdev
6285,16757407,"Dylan Bailes","2026-08-26 07:11:56",547.6,2,dylanbailes
6286,16660270,Ziel_Lux,"2026-09-13 11:18:14",547.5,2,nahbilafaith
6287,16718363,"Jarbas Camurça","2026-08-28 11:15:44",547.4,2,pjarbas
6288,16655424,Fayche,"2026-08-10 16:50:28",547.4,2,fayche
6289,16720143,"AMAN PANDEY","2026-08-16 13:57:00",547.2,2,amanapofficial
6290,16865454,"Zhihuan Xue","2026-09-16 11:16:53",547.1,2,xuantianfengwu
6291,16756029,EndCreeper,"2026-09-17 18:43:32",546.9,2,endcreeper
6292,16874388,"Shuqi Zhang","2026-09-18 01:59:23",546.9,2,sasalisa
6293,16709494,"Aditya Dushara","2026-09-10 22:24:55",546.8,2,adityadushara
6294,16709885,"Manuel Pérez","2026-08-14 01:54:02",546.7,2,manuelperezzz
6295,16872190,"Zephyr Pong","2026-09-11 11:07:15",546.4,2,zephyrpong
6296,16634790,"Steven Lui","2026-08-03 12:22:08",546.2,2,stevenlui
6297,16845161,"Abate etienne","2026-09-08 00:28:04",546.0,2,abateetienne
6298,16857732,bzczz123,"2026-09-17 09:52:43",545.9,2,bzczz123
6299,16811259,"Aaryan Agarwal","2026-09-03 20:21:00",545.8,1,aaryanagarwal
6300,16692680,"Marc-Luca ","2026-08-11 12:02:15",545.6,2,marcluca
6301,16885591,Orange,"2026-09-13 11:30:58",545.5,2,orangecoppers
6302,16669397,"Abed Kibbe","2026-09-13 06:09:10",545.4,2,abedkibbe
6303,16716632,shini47,"2026-08-22 20:30:17",545.3,2,shini47
6304,16676259,Th_Gbay,"2026-08-19 20:42:35",545.3,2,thgbay
6305,16690152,"The Ceris","2026-08-16 11:49:31",545.2,2,amedeopachera
6306,16778145,TW_益民_li,"2026-09-03 12:28:49",545.0,2,liyimintw
6307,16840437,nick.ai007,"2026-09-10 06:36:01",544.9,2,nickai007
6308,16735475,SunjaeLee02,"2026-08-19 08:12:41",544.8,2,sunjaelee02
6309,16853288,ypl0lpy,"2026-09-09 07:56:50",544.7,2,ypl0lpy
6310,16749038,Seuz,"2026-08-29 18:40:14",544.6,2,kohdawei
6311,16723037,"Red Cat","2026-09-10 19:23:50",544.6,2,severl
6312,16658290,rrishavrraj,"2026-09-04 10:35:19",544.4,2,"rrishavrraj,shubhamkumar9812"
6313,16686655,"Emir Baki Demirci","2026-08-14 22:43:55",544.4,2,emirbakidemirci
6314,16884148,mengxc410,"2026-09-18 03:42:08",544.3,2,mengxc410
6315,16672463,"Muzammil Baloch","2026-08-07 12:45:39",544.3,2,muzammilbaloch
6316,16848498,KeiroS,"2026-09-11 07:59:01",544.3,2,keiros
6317,16734901,Breaking1800,"2026-09-08 20:16:46",544.2,2,breaking1800
6318,16728863,Irabala,"2026-09-18 09:51:01",544.2,2,irabala1
6319,16798918,"Toan Nguyen Mau","2026-09-07 08:39:35",544.0,2,toannguyenmau
6320,16677231,"Ahmed Bootaan","2026-08-06 18:08:52",543.9,2,ahmedbootaan
6321,16702820,"Plorek ","2026-08-28 11:28:11",543.9,2,plorek
6322,16658074,"Qui Ngx","2026-08-05 05:57:15",543.8,2,quingx
6323,16738456,"Pritul Raut","2026-08-21 08:45:04",543.7,2,pritulraut
6324,16730105,"Leonardo Palis","2026-08-17 03:35:05",543.3,2,leonardopalis
6325,16740646,"Darren Chung","2026-08-25 18:00:27",543.2,2,chungdarren
6326,16671648,"[Deleted] 05e6ae2c-c72f-4044-b02f-dc74277e34ab","2026-08-09 07:21:22",543.1,2,del=871ca06d8c734ede
6327,16780513,"Hugo JOBÉ","2026-08-27 20:51:09",543.0,2,hugojob
6328,16664143,"Lucas Henrique Mateo","2026-08-21 19:10:52",543.0,2,lucashmateo
6329,16691007,"Nhật Khoa Phạm","2026-08-14 16:15:43",542.9,2,pnk123456
6330,16764600,"Tanmay Shingavi","2026-09-03 05:43:57",542.8,2,decodingafterlife
6331,16871854,"Tanvi Parsam","2026-09-13 16:07:41",542.6,2,tanviparsam
6332,16888433,SINKO1,"2026-09-17 22:23:46",542.5,2,sinko1
6333,16662313,"Maximus Sambucetti","2026-08-09 15:36:46",542.4,2,maximussambucetti
6334,16683918,Thuytien,"2026-08-07 17:20:33",542.3,2,thuytien200529
6335,16841589,加藤正樹,"2026-09-06 01:59:11",542.2,2,masaki9920
6336,16685618,"Krupa Vardhan","2026-08-28 09:24:21",542.1,2,krupavardhan
6337,16740840,"Huchen Jiang","2026-09-02 09:18:47",542.1,2,huchenjiang
6338,16678644,"Kanik Aggarwal","2026-08-13 19:01:16",541.9,2,roronoazoro200
6339,16667025,"Anjitha Mekkayil Anand ","2026-08-28 05:59:46",541.3,2,anjithamekkayilanand
6340,16698164,"Ruizhang Zhi","2026-09-17 23:04:16",541.2,2,ruizhangzhi
6341,16665046,"Srish Jana","2026-08-06 18:12:59",540.9,2,srishjana
6342,16795624,"Shashwat Khare","2026-09-02 01:46:54",540.8,2,shshwtkhr
6343,16656317,"Manu Rahi","2026-08-06 16:43:55",540.7,2,manurathi
6344,16705183,"Tong Jiakai","2026-08-14 08:23:26",540.5,2,tongjiakai
6345,16691271,"Ashler Herrick","2026-08-09 14:54:33",540.4,1,ashlerjohnherrick
6346,16708625,"Lê Văn Pháp","2026-08-29 03:15:56",540.3,2,"linhsarah,lvnphp"
6347,16623302,"Raffi Ardhi Naufal","2026-07-31 18:31:57",540.1,1,raffiardhi
6348,16696020,"Hugo Voisin","2026-08-11 16:08:06",540.0,2,hugovoisin
6349,16738923,Quantum,"2026-08-29 01:40:45",539.9,2,jawadxhassan
6350,16623316,"Ondrew Zudin","2026-08-06 23:08:41",539.9,2,ondrewzudin
6351,16756987,"Joseph Paggeot","2026-08-24 04:32:57",539.8,2,josephpaggeot
6352,16659507,"Lokesh Lalan","2026-08-26 08:51:50",539.7,2,lokeshlalan
6353,16786140,valgrinderror,"2026-09-16 01:37:51",539.6,2,valgrinderror
6354,16765380,jslee_homeofson,"2026-08-25 13:10:22",539.6,2,jsleehomeofson
6355,16864314,marwar22,"2026-09-10 14:10:20",539.4,1,marwar22
6356,16660462,"Vishwanath N Iyer","2026-08-07 07:22:17",539.3,2,vishwanathniyer
6357,16662057,DeokJin,"2026-08-05 04:01:38",539.3,2,deokjin
6358,16802663,ipefix,"2026-09-01 17:34:35",539.2,2,nmsis91
6359,16656690,"Sushant Kumar (xWF)","2026-08-06 04:44:38",539.0,2,sushantkumarxwf
6360,16662875,Jimmy,"2026-09-16 15:30:46",538.9,2,jiyo4476
6361,16759246,wangfeifei_si,"2026-08-26 14:27:19",538.9,2,wangfeifeisi
6362,16669470,"ASDM HUB","2026-08-12 20:13:20",538.9,2,jesushechavarria
6363,16868761,TboneBrown,"2026-09-11 17:14:42",538.8,2,tbonebrown
6364,16686150,"Aek KunKub","2026-08-14 05:21:43",538.8,2,aekkunkub
6365,16627751,lzeee,"2026-08-10 14:06:38",538.8,2,shzgong
6366,16654890,"Josh Hipps","2026-08-06 14:16:49",538.6,2,joshuahipps
6367,16884997,"Le Huy Tuong","2026-09-17 12:55:49",538.4,2,lehuytuong
6368,16718042,"Muddassir Shah","2026-09-02 21:49:44",538.4,2,wisemanseed
6369,16719172,"Victor Carriço","2026-08-24 03:35:14",538.4,2,kronossaurus
6370,16666614,"Arjun Annamalai","2026-08-18 09:23:28",538.2,2,arjunannamalai
6371,16630773,"An Hoang Vo","2026-09-05 14:49:25",538.2,2,anhoangvo
6372,16660360,"Joey Gonzales","2026-08-05 00:00:47",538.2,2,joeygonzales
6373,16725847,"Shel Horta","2026-08-18 04:29:55",537.9,2,shelhorta
6374,16623112,Tians12,"2026-08-09 19:10:24",537.9,2,tiansang12
6375,16635145,"Isaac Menard","2026-08-05 21:11:36",537.9,2,isaacmenard
6376,16862225,"Dmitriy Ershov","2026-09-09 19:38:26",537.8,2,bejeweled
6377,16656871,"Pedro Henrique","2026-08-07 03:37:29",537.8,2,pedrohets
6378,16697730,JCN2365,"2026-08-13 18:06:35",537.7,2,jcn2365
6379,16731729,"Sumit Bopche","2026-08-21 15:53:56",537.5,2,sumitbopche
6380,16905027,"xiaomeng lin","2026-09-16 08:03:14",537.5,1,xiaomenglin
6381,16781545,"Jake Lin","2026-09-04 01:41:22",537.5,2,jakelinai
6382,16914539,Kou111111,"2026-09-18 10:32:09",537.4,2,kou111111
6383,16664841,vohi01,"2026-09-06 09:53:46",537.3,2,vohi01
6384,16713033,Contact-Nade,"2026-09-10 07:44:18",537.3,2,"masanammedha,rayofc"
6385,16679771,Coolgolf,"2026-09-02 13:56:54",537.0,2,coolgolf
6386,16715897,shettynaisha,"2026-09-06 17:28:58",537.0,2,shettynaisha
6387,16661550,SeriouS_K,"2026-09-05 08:25:29",536.9,1,serious101
6388,16676320,"Khôi Trần","2026-08-29 14:14:57",536.8,2,khoitrn
6389,16743282,"Srivishnu Charan","2026-09-03 14:06:54",536.7,2,srivishnucharan
6390,16698103,JJ,"2026-09-02 09:46:15",536.7,2,jianjinchen
6391,16752153,zhao569,"2026-09-17 08:34:24",536.6,2,zhao569
6392,16720714,"Lithole Munangiwa","2026-08-19 11:23:49",536.6,2,litholemunangiwa
6393,16725938,"Ben Cheng","2026-09-05 16:03:36",536.5,2,benczb
6394,16664370,"Joel Arias","2026-08-06 17:29:01",536.5,1,j4rias
6395,16696163,"Romain Durand","2026-08-17 19:00:46",536.4,2,romaindurand1607
6396,16846010,muelsyse111,"2026-09-07 07:52:55",536.1,1,muelsyse111
6397,16661832,"Roberto Garcia","2026-08-08 15:09:39",536.0,2,robertogarciada
6398,16677585,Pan,"2026-08-07 13:54:22",535.9,2,mehdiacho
6399,16657601,Simon,"2026-08-05 15:59:44",535.8,2,benten10
6400,16651167,ArmanVardanyan07,"2026-08-03 22:43:13",535.8,2,armanvardanyan07
6401,16714592,"Carey Casile","2026-08-14 18:34:16",535.7,2,ccasile
6402,16887642,"Dimitrios Giannoulis","2026-09-14 12:38:24",535.6,2,plagiagia
6403,16696460,"Enzo 7mlk","2026-09-16 15:19:51",535.6,2,enzo7mlk
6404,16656883,KK,"2026-08-05 10:27:15",535.5,2,kkonzyb
6405,16688366,yokoikazumasa,"2026-08-08 19:25:58",535.5,1,yokoikazumasa
6406,16740709,"Abimael Firstana #2","2026-09-11 07:19:13",535.4,2,abimaelfirstana99
6407,16833476,"Richard Pagan","2026-09-05 03:01:54",535.3,1,richardpagan
6408,16685800,"Sumit Ridhal","2026-09-05 11:44:15",535.2,2,sumitridhal
6409,16899234,vimes1984,"2026-09-17 01:19:19",535.2,2,vimes1984
6410,16638645,ChrisDavis,"2026-08-03 23:29:34",534.9,2,alpacas
6411,16675863,"Habib ullah","2026-09-17 13:54:42",534.6,2,habibullah123456789
6412,16712921,"Come Back","2026-08-20 00:45:45",534.6,2,amirhosseinltf
6413,16692637,"Blox Amaze","2026-08-09 09:47:42",534.5,2,bloxamaze
6414,16682076,"Igor Riegel","2026-09-02 14:49:12",534.5,2,igormriegel
6415,16628487,"Koichi HIRAOKA","2026-08-01 08:42:40",534.5,2,koichihiraoka
6416,16664605,"Nathaniel Shou","2026-08-05 17:51:47",534.4,2,nathanielshou
6417,16657400,indrapurnama,"2026-08-08 05:42:05",534.3,2,indr0008
6418,16676613,LCZ1996,"2026-08-29 02:02:59",534.2,2,lcz1996
6419,16672333,"Giovanny Rodríguez","2026-09-17 16:32:24",534.2,2,giovannyrodrguez
6420,16674076,rigsutra,"2026-09-12 16:57:45",534.1,2,rigsutra
6421,16659896,TedT,"2026-08-11 19:36:14",534.0,2,fdsaur
6422,16702359,"Ethan Pl","2026-08-11 19:43:21",533.9,2,ethanpl
6423,16668678,"Madhur Sabherwal","2026-08-14 02:47:14",533.9,2,madhur321
6424,16784966,oouiaa,"2026-09-03 21:53:59",533.7,2,tomofumihata
6425,16756858,"Rushi A.","2026-08-23 18:54:03",533.6,2,rushia
6426,16666328,"Dornus !","2026-08-05 21:53:19",533.5,2,dornus
6427,16635744,XDang13,"2026-09-01 00:50:40",533.4,2,xdang13
6428,16715711,"Shawon Biswas","2026-08-19 10:42:24",533.2,2,shawonbiswas11
6429,16664140,Sxwat,"2026-08-23 01:13:13",532.8,2,aybatov
6430,16662741,"Abhiraj Govind","2026-08-04 18:01:16",532.8,1,abhirajgovind
6431,16656913,"Inna Davidov","2026-08-20 04:43:47",532.8,2,innadav
6432,16678633,"Tanishq Tayade","2026-09-14 21:39:04",532.8,2,tanishqtayade
6433,16663777,"Mortis Beans","2026-08-24 05:27:44",532.8,2,mortisbeans
6434,16915853,popwenman,"2026-09-18 05:54:00",532.6,2,popwenman
6435,16685582,Wasaanyi,"2026-08-18 09:21:30",532.5,2,"cnakakeeto,wasaanyi"
6436,16761751,KrishnaKumar_AIML,"2026-09-02 14:38:24",532.4,2,krishnakumarcsr
6437,16723737,HaruhiroKazami,"2026-08-21 16:12:04",532.3,2,haruhirokazami
6438,16890221,"Kalebu Makombe","2026-09-14 10:07:31",532.3,2,kalebuomakombe
6439,16845696,Huskkky,"2026-09-07 03:47:13",532.3,2,huskkky
6440,16808750,ssssying,"2026-09-11 14:41:53",532.2,2,ssssying
6441,16633069,"Nur Srijan","2026-08-06 12:55:34",532.2,2,nursrijan
6442,16669028,"Atishay Kasliwal","2026-08-11 17:54:59",532.1,2,atishaykasliwal
6443,16723045,"Albert Einstein F Muritiba","2026-09-18 09:23:13",532.1,2,spideryzarc
6444,16708230,"jose manuel Tinajero","2026-08-25 15:02:46",532.0,2,josemanueltinajero
6445,16694171,"guanran wang","2026-08-11 05:57:12",531.9,2,guanranwang
6446,16633934,Alexy,"2026-08-25 04:40:02",531.9,2,alexycactus
6447,16790206,"bogdan chirkov","2026-09-15 13:46:30",531.5,2,bogdannchirkovv
6448,16814952,"Ngọc Huyền","2026-09-15 03:55:18",531.5,2,ngchuynss
6449,16875818,Mateollqw,"2026-09-12 22:08:38",531.4,2,mateollqw
6450,16664706,olivbhxf,"2026-08-06 07:10:34",531.4,2,olivbhxf
6451,16796509,"Taha Alselwi","2026-09-10 22:26:26",531.4,2,tahaalselwii
6452,16668509,HarryZ,"2026-09-13 04:29:04",531.2,2,mzhumzhu
6453,16697346,"sayyid mogaka","2026-08-10 21:37:36",531.2,2,sayyidmogaka
6454,16661099,TheSven,"2026-08-06 17:05:25",531.0,2,thesven
6455,16670218,"What is Coding?","2026-08-07 01:47:17",530.9,2,matthewshvarts
6456,16829729,NoobMaster69,"2026-09-06 09:12:58",530.9,2,thelegend007
6457,16693738,"Sonu Jha","2026-08-14 20:32:37",530.8,2,sonujha090
6458,16777150,Eduardo2c,"2026-09-06 14:23:04",530.6,2,eduardo2c
6459,16688134,"Marc Dakuginow","2026-08-13 01:40:44",530.6,2,marcdakuginow
6460,16740248,KK_nut,"2026-08-25 03:26:52",530.4,2,k0k0nut
6461,16723125,"Shubham Dhapola","2026-08-16 13:35:23",530.1,2,shubhamdhapola24
6462,16717716,"Диас Издибаев","2026-08-15 05:32:14",530.0,2,diasiz1
6463,16891695,yuruihito,"2026-09-16 14:04:22",530.0,2,yuruihito
6464,16718565,Frankyface,"2026-08-13 18:54:37",529.9,1,frankyface
6465,16666055,Axit,"2026-08-06 10:16:15",529.9,2,axitslab
6466,16692450,duckypants,"2026-08-23 20:36:59",529.8,2,duckypants
6467,16654596,"khusham sheth","2026-08-13 05:28:55",529.8,2,khushamsheth
6468,16662060,"Richard Valino","2026-08-06 16:03:36",529.7,2,richardvalino
6469,16658031,BSam79,"2026-09-12 09:12:39",529.5,2,bsam79
6470,16698292,"Dallas Manning","2026-08-17 14:29:53",529.4,2,dallasmanning
6471,16658327,pocari1,"2026-08-19 07:17:28",529.1,2,pocari1
6472,16658973,"not today","2026-08-05 05:57:14",529.1,2,cemhan44
6473,16907592,may2223,"2026-09-18 08:40:19",529.0,2,may2223
6474,16672078,vietlinhh02,"2026-08-08 07:46:53",528.8,2,vietlinhh02
6475,16722252,pwdh2026,"2026-08-14 22:16:22",528.7,2,pwdh2026
6476,16658820,"Jonathan Ashenaf1","2026-08-11 16:59:20",528.7,2,jonathanashenaf1
6477,16774134,kokdonbaq,"2026-08-30 14:07:52",528.6,2,darkhan14
6478,16731013,"Abimael Firstana","2026-09-11 06:55:02",528.2,2,abimaelfirstana
6479,16674943,feyZERO,"2026-08-16 10:48:50",528.2,2,faezamora
6480,16657654,TemperaryT,"2026-09-18 05:32:36",528.1,2,temperaryt
6481,16658702,sherlockwatson007,"2026-08-29 08:48:53",527.8,2,sherlockwatson007
6482,16661927,JHCodeQuest,"2026-08-25 11:36:46",527.7,2,josephkhassan
6483,16795284,"Kostas Tsolis","2026-09-14 09:14:56",527.6,2,tkostas
6484,16745655,巴啦啦能量,"2026-09-08 01:30:14",527.6,2,wsh10086
6485,16660035,NoNamedeo,"2026-08-27 14:20:15",527.6,1,nonamedeo
6486,16631919,"Ghinwa Allaoui","2026-08-04 16:27:17",527.5,1,ghinwaallaoui
6487,16861492,Adi_271,"2026-09-10 09:47:25",527.5,2,adi271
6488,16784417,"Dallas Odem","2026-08-29 13:14:30",527.4,2,dallasodem
6489,16691310,"Ganesh ","2026-09-16 21:40:18",527.4,2,hotshot1798
6490,16767754,"Dr. T","2026-09-13 08:01:21",527.3,2,davinor
6491,16918826,NOTSUREKITTY,"2026-09-18 10:18:25",527.2,2,notsurekitty
6492,16664652,QuasarHeart,"2026-09-04 14:00:05",527.1,2,quasarheart
6493,16692246,"Pamod Jayaneth","2026-09-08 05:13:09",526.9,2,pamodjayaneth
6494,16845148,"nasa Furiy","2026-09-07 08:24:40",526.8,2,nasafuriy
6495,16630163,"SEREENA JERRY","2026-08-06 08:59:17",526.8,2,serenajerry
6496,16654085,"Bill Xu","2026-09-07 05:10:56",526.7,2,billll
6497,16663188,"Ethan Feng","2026-08-05 22:09:38",526.7,2,xenon111231
6498,16768939,"Pratham Sonawane","2026-08-30 17:37:23",526.6,2,prathamsonawane1
6499,16761589,"Eren -","2026-08-27 08:48:44",526.6,2,erenozyurek
6500,16894008,"Marcus Jamieson","2026-09-17 12:46:00",526.5,2,marcusjamieson
6501,16684024,"Work From Home 3.0","2026-08-14 12:33:30",526.4,2,"direct1,gongyiqian,jovansee,maxtankialok,n00bcak"
6502,16770440,"Tegar Putrayas Dentatama","2026-08-29 06:33:59",526.3,2,tegarputrayasd
6503,16661596,t@got@go,"2026-08-10 06:24:24",526.2,2,kamdaanahessod
6504,16648589,"Yilan Zhu","2026-08-05 11:23:23",526.1,2,yilanzhu
6505,16669699,nikesh23,"2026-08-08 01:52:56",526.1,2,nikesh23
6506,16677360,"Jatin Chawla","2026-08-08 13:45:06",526.0,2,jatin221
6507,16679671,Ash0666,"2026-08-09 19:28:52",525.9,2,ash0666
6508,16759112,songxin,"2026-09-04 05:01:15",525.8,2,likewaterandwind
6509,16796810,JosephErikRibeiro,"2026-09-02 20:21:08",525.6,2,josepherikribeiro
6510,16629002,Alpro,"2026-09-08 23:32:24",525.6,2,"dogaakal,egekemalkaraca"
6511,16685349,Onelux,"2026-08-13 12:58:31",525.5,2,leehomhuang
6512,16655630,askBillyWhatMamaDid,"2026-08-28 02:06:18",525.5,2,askbillywhatmamadid
6513,16741766,lrik00,"2026-09-15 13:27:32",525.4,2,lrik00
6514,16686149,"Luc Mantoux","2026-08-09 20:25:33",525.4,2,lucmantoux
6515,16641009,"Marius Kirschner","2026-08-03 08:41:47",525.3,2,mariuskirschner
6516,16774317,A_yuki,"2026-08-28 23:42:10",525.2,2,yukiys
6517,16904318,"wofi poria","2026-09-18 01:33:18",525.1,2,wofiporia
6518,16823519,GarciasN,"2026-09-07 18:43:18",525.1,2,garciasn
6519,16701250,T00bii,"2026-08-11 16:11:06",525.1,1,t00bii
6520,16752665,"Dominik Toric","2026-09-14 17:20:14",525.1,2,dominiktoric
6521,16720760,ysteh05,"2026-08-15 05:14:53",524.5,2,ysteh05
6522,16691807,lbs-vadar,"2026-08-26 18:29:57",524.5,2,lbsvadar
6523,16855185,ArdiaNova,"2026-09-18 08:22:08",524.5,2,ardianova
6524,16667872,"Pralay Ghosh","2026-09-06 10:12:25",524.4,2,pralayghosh83
6525,16668562,"Anthony LOISEAU","2026-08-06 16:07:52",524.4,2,anthonyloiseau
6526,16672657,"Lochan Naik","2026-08-07 08:41:44",524.4,2,lochannaik
6527,16714363,guohaowen,"2026-08-13 14:25:48",524.1,2,guohaowen1910
6528,16705480,Mint120,"2026-08-19 05:49:10",523.9,2,mint120
6529,16867745,"Carlos Uño Magne","2026-09-13 15:09:49",523.9,2,carlosuomagne
6530,16729914,Christina,"2026-09-14 11:16:46",523.9,2,geekycb
6531,16661432,"Ange Adantchede","2026-09-14 09:00:26",523.8,2,angeadantchede
6532,16806084,"DSDgsdgs SDgsdfgs","2026-09-03 05:19:11",523.8,1,dsdgsdgssdgsdfgs
6533,16632253,nasuuuuun,"2026-08-04 13:30:11",523.6,2,hikarumatsuzaki
6534,16724269,lava,"2026-09-11 11:22:13",523.5,2,fanxiaozhen
6535,16706985,Valmrnch,"2026-08-24 07:57:56",523.5,2,valmrnch
6536,16658160,yunquer,"2026-08-17 07:18:53",523.2,2,yunquer
6537,16730749,"Đông Hà","2026-09-03 03:04:06",523.2,2,phapsucongu
6538,16823067,Francisco,"2026-09-10 18:00:57",523.1,2,cheneblanc
6539,16663618,Anthaus,"2026-08-09 17:06:35",523.1,2,anthaus
6540,16743823,"Zeyu Huang_summer","2026-09-14 15:40:41",522.8,2,zeyuhuangsummer
6541,16889005,Dino,"2026-09-18 07:12:51",522.5,2,ngohongthai
6542,16886832,"Ayush Patel","2026-09-13 16:25:18",522.2,2,ayushpatel02
6543,16742059,dafei2025,"2026-09-03 09:19:34",522.2,2,dafei2025
6544,16773402,齐乐,"2026-08-28 05:52:43",521.9,2,qile200107
6545,16657681,"Prince Raj","2026-08-11 22:49:02",521.8,2,princerajmdb
6546,16675477,"Joanne Yun","2026-08-07 13:40:53",521.6,2,joannejyun
6547,16693033,AgriBot,"2026-08-13 23:53:10",521.5,2,prcieuxcomlan
6548,16886765,LZWang,"2026-09-13 22:00:47",521.5,2,wlzwlz
6549,16828705,"liama liama","2026-09-04 16:37:52",521.4,2,liamaliama
6550,16687293,"Aurelie Jodelle Kemme","2026-08-20 00:25:43",521.3,2,"audreydemafo,aureliejodellekemme"
6551,16862188,KJ007123,"2026-09-10 07:02:20",521.2,2,kj007123
6552,16693797,"Riyaz Ur Rehman","2026-08-17 02:21:15",521.0,2,riyazurrehman
6553,16656410,Sam,"2026-08-14 01:58:04",521.0,2,beartrader
6554,16666709,JSQL,"2026-09-02 18:52:37",520.7,2,jeffreyschott
6555,16639244,"Romone Dunlop","2026-08-11 10:19:49",520.6,2,romonedunlop
6556,16749272,giraffeneck,"2026-09-17 14:32:23",520.6,2,yamajin
6557,16852342,"Minh Đăng Lê","2026-09-08 17:30:17",520.6,2,minhngle
6558,16810343,"Aleksandr Borodin","2026-09-02 20:29:06",520.5,2,aleksandrbor
6559,16664913,"ABHISHEK KUMAR","2026-08-17 04:20:56",520.4,2,abhishek6545
6560,16654970,"Maycon Coutinho","2026-08-27 21:28:32",520.3,2,coutinhomaycon
6561,16682707,"AJAY KUMAR","2026-08-07 19:13:08",520.1,2,worldsslayer
6562,16666371,jiten_topiwala,"2026-08-08 16:51:13",519.9,2,jitentopiwala
6563,16657674,Warriors,"2026-08-29 14:12:29",519.8,2,"karthikreddykarri,kovvurisaimohanreddy,vikramadityaabhiram"
6564,16676663,"This cat is called Fumi","2026-08-11 18:21:43",519.6,2,qwer556617123
6565,16692644,"Achille Gohin","2026-08-10 00:26:26",519.5,2,achillegohin
6566,16683309,"Zealous Sebastian","2026-08-09 12:45:32",519.4,2,zealoussebastian
6567,16666652,"Mohamed Fanni","2026-08-17 00:51:38",519.2,2,"arachid,mohamedfanni,soukaynamokhtari"
6568,16680108,dentalsoup,"2026-08-07 09:03:47",519.1,2,afinemonkey
6569,16693207,"Vamshi Guntupalli","2026-08-11 22:40:36",518.9,2,vamshiguntupalli
6570,16670779,"Aditya Dube","2026-08-06 01:41:24",518.6,2,dubeaditya
6571,16662201,"Saumitra Verma","2026-08-04 18:28:36",518.5,2,saumitraverma
6572,16846143,germanyum,"2026-09-13 14:32:05",518.4,2,germanyum
6573,16689908,Hyun777,"2026-08-14 01:11:17",518.4,2,hyun777
6574,16809985,"ADOLE Edache","2026-09-15 09:00:43",518.3,2,adoleedache
6575,16793889,zhzz,"2026-09-01 11:28:52",518.2,2,ucsdzhengzeng
6576,16775214,"Sambhav R","2026-08-27 15:34:44",518.2,2,sambhavr
6577,16673214,Boiga7,"2026-08-06 14:03:53",517.9,2,lewiselliot
6578,16798512,"Yuichiro Kinoshita","2026-09-18 10:56:22",517.7,2,yuichirokinoshita
6579,16688383,plong2101,"2026-08-18 06:21:34",517.6,2,plong2101
6580,16691466,"Jeeta Nandi ","2026-09-04 09:23:34",517.6,2,jeetanandi
6581,16662715,"Great Okwuma","2026-08-17 00:10:46",517.4,2,greatokwuma2
6582,16635481,Jamaisvu,"2026-08-20 15:39:29",517.3,2,jamaisvu
6583,16789996,"Chen Jiaqi","2026-09-02 15:48:25",517.2,2,elaemchen
6584,16775131,"Re Son","2026-08-27 14:29:31",516.6,2,lemelson
6585,16661934,"Viacheslav Kasatkin","2026-08-10 10:48:25",516.6,2,viacheslavkasatkin
6586,16631480,"Kumar Abhijeet","2026-07-31 13:29:40",516.6,1,krabhijeet
6587,16662043,"Hengcong Zhu","2026-08-05 14:46:24",516.5,2,hengcongzhu
6588,16771171,Manfucci,"2026-09-12 14:08:47",516.5,2,manfucci
6589,16778579,"Jiajia Zhang","2026-08-29 18:19:12",516.3,2,jiajiazhang01
6590,16654485,"Mahbub Alam","2026-08-04 02:08:23",516.2,2,mahbubalam214
6591,16630903,"Hrushikesh Pawar","2026-08-09 14:44:37",516.2,2,hrushikeshpawar
6592,16661858,"Lukas Lee e","2026-08-18 00:58:12",516.2,2,lukasleee
6593,16733948,novodude,"2026-09-06 18:41:26",516.2,2,novomont
6594,16735702,opflare,"2026-09-04 23:47:49",515.9,2,opflare1144user
6595,16891652,Cristian034,"2026-09-17 12:25:59",515.8,2,cristian034
6596,16749371,"Renisa Assyifa Putri","2026-08-21 05:24:07",515.8,1,renisaassyifaputri
6597,16762881,Yuki0x80,"2026-09-17 16:45:41",515.8,2,saiyuki1919
6598,16664266,"Ian Chung","2026-08-07 23:32:55",515.7,2,iannnnn012345
6599,16726854,"Tâm La Thành","2026-08-27 08:55:02",515.7,2,tmlathnh
6600,16670719,SimoImane,"2026-08-05 23:36:09",515.6,2,simoimane
6601,16658344,SOONHANKWON,"2026-08-28 02:00:59",515.2,2,soonabletv
6602,16701779,"Chaoqi Luo","2026-08-15 16:42:19",515.2,2,chaoqiluo7
6603,16665080,"RAVI KUMAR696996","2026-08-05 06:14:29",515.2,2,ravikumar696996
6604,16661930,zzangsunghyeon,"2026-08-08 16:22:21",515.1,2,zzangsunghyeon
6605,16779813,zitihc,"2026-08-29 14:18:49",515.1,2,zitihc
6606,16735251,AlviH47,"2026-08-19 14:25:48",515.1,2,alvih47
6607,16760352,"Romain Bomba","2026-08-24 01:27:23",515.1,2,romainbomba
6608,16680562,devsloppy,"2026-08-10 20:02:19",515.0,2,twu1738
6609,16647438,"Aderian Setiawan","2026-09-16 09:23:33",514.9,2,aderiannovito
6610,16724395,"Hampton Yeh","2026-08-22 04:07:32",514.8,2,hamptonyeh
6611,16707159,"Toua Innocent TIA","2026-08-17 16:28:36",514.7,2,centino
6612,16655899,"Dominic Tedrow","2026-08-17 20:37:28",514.7,2,dominictedrow
6613,16632100,"Mohit Shirke","2026-08-07 17:55:11",514.6,2,orcivion
6614,16811414,Y-Kitaro,"2026-09-17 02:24:34",514.5,2,yhataktaro
6615,16687330,"Mehmet Ensar Çetin","2026-09-06 06:20:19",514.4,2,mehmetensaretin
6616,16665511,phoenix_merk,"2026-08-05 09:46:25",514.4,2,phoenixmerk
6617,16870486,"Sincere Bailey","2026-09-14 12:26:18",514.1,2,sincerebailey
6618,16656641,AndrewEly8,"2026-08-05 00:56:32",514.1,2,andrewely8
6619,16865918,yh00722,"2026-09-14 04:52:38",514.1,2,yh00722
6620,16701761,BalaVignesh,"2026-08-11 17:04:37",514.0,2,balavignesh
6621,16652952,lackmind,"2026-09-04 18:46:11",513.9,2,lackmind
6622,16659261,PromptEngineer48,"2026-08-04 16:44:46",513.9,2,promptengineer48
6623,16726445,"James Patounas","2026-08-19 08:37:06",513.9,2,jamespatounas
6624,16769648,"Alok Kumar","2026-08-28 18:04:50",513.8,2,shadowserpent
6625,16786461,"Caleb Bredlow","2026-09-07 04:17:50",513.7,2,calebbredlow
6626,16831074,BiNar,"2026-09-15 19:13:24",513.6,2,durbinar
6627,16659813,"Uday Kumar R","2026-08-13 09:47:39",513.5,2,udaykumarramineni
6628,16668612,"raffael prem","2026-08-06 08:02:13",513.4,2,raffaelprem
6629,16890133,Adsterr,"2026-09-14 20:06:19",513.4,1,adsterr
6630,16863015,"Carlos Jaime","2026-09-14 05:18:14",513.4,2,cjaime708
6631,16709880,"Javier Pérez Robles","2026-08-15 02:21:07",513.4,2,javierprezrobles
6632,16888050,"Ayoub Fliless","2026-09-14 17:56:12",513.3,2,ayoubfliless
6633,16705363,"Matt Hall","2026-08-16 01:44:32",513.2,2,matthall0
6634,16682984,"Rishikesh Bharat Koli","2026-08-08 04:18:06",513.0,2,rishikeshbharatkoli
6635,16763351,shutong114,"2026-08-24 15:17:06",513.0,2,shutong114
6636,16665257,"Ken Li","2026-08-09 12:59:32",512.9,2,kenliwt
6637,16662647,"Ruben Maya","2026-08-18 20:55:57",512.8,2,rubenmaya
6638,16780592,sergey,"2026-08-27 19:09:25",512.8,2,sadsdfsdf
6639,16709712,IWA_setu,"2026-09-18 03:44:45",512.6,2,sdcarson
6640,16685028,"serene ng","2026-08-13 14:53:37",512.3,2,sereneng
6641,16679958,Bum_Fy_Mz,"2026-08-13 20:31:44",511.7,2,bumfymz
6642,16728137,mchicen,"2026-08-20 16:48:10",511.6,2,"iyaiji,mchicen"
6643,16663551,"Germinator G-1000","2026-09-15 21:52:40",511.3,1,sinkingpoint
6644,16672473,goldfish,"2026-08-13 03:34:21",511.2,2,dolgfish
6645,16674308,"Ayush Roy","2026-08-06 20:28:57",510.9,2,ayushroy39
6646,16658115,SantaClaws,"2026-08-10 14:50:31",510.6,2,vovikdrg
6647,16867132,"Dilara Adıgüzel","2026-09-17 14:18:23",510.6,2,dilaraadgzel
6648,16775236,hohohoZzZ,"2026-09-16 16:14:37",510.6,2,hohohozzz
6649,16737362,"moushun chen","2026-08-20 06:45:46",510.6,2,moushunchen
6650,16887274,Shakeel,"2026-09-14 09:55:20",510.5,2,shakeel787
6651,16662643,Mohit_Singh,"2026-09-17 07:24:15",510.5,2,mohitsingh955
6652,16730713,"Michael Mueller","2026-09-15 14:48:49",510.4,1,michaelmueller26
6653,16718295,doinggyu,"2026-08-18 12:56:58",510.1,2,doinggyu
6654,16778947,mart3104,"2026-09-05 15:31:43",510.0,2,mart3104
6655,16724842,"Mikaela Gkolemi","2026-08-21 19:04:38",509.9,2,mikaelagkolemi
6656,16718338,"Oladimeji Adeyemi","2026-08-17 15:33:50",509.8,2,adeyemioladimeji
6657,16764751,"Abhishek Parmar","2026-08-26 04:06:39",509.5,2,abhisheknparmar
6658,16896566,Bleriot11,"2026-09-15 15:08:27",509.5,2,bleriot11
6659,16645446,gogo98415,"2026-08-29 06:04:15",509.4,2,gogo98415
6660,16724847,"guangchen lu","2026-09-10 03:34:37",509.3,2,guangchenlu
6661,16858944,Ashish_G_A,"2026-09-17 18:30:57",509.2,2,ashishga
6662,16661507,Siddharth1984,"2026-08-06 13:39:22",509.2,2,siddharth1984
6663,16661443,"STEPHEN ASANTE OPOKU","2026-08-04 16:45:41",509.2,1,stephenasanteopoku
6664,16818405,MickyDot,"2026-09-08 08:16:06",509.1,2,mickydot
6665,16909602,jack1e32,"2026-09-18 02:32:58",509.1,2,jack1e32
6666,16725123,"Pham Quang Nghia","2026-08-22 15:00:51",508.7,2,phamquangnghia
6667,16693045,"Huseyin Battal","2026-08-09 05:41:25",508.6,2,huseyinbattal
6668,16674714,"Kaaleedass Manoharan","2026-08-31 19:07:47",508.6,2,kaaleedassmanoharan
6669,16644577,"Arthur Merritt","2026-08-04 07:11:11",508.5,2,jarthuph
6670,16656143,"Debanshu Mallick","2026-09-10 13:27:19",508.5,2,debanshumallickiisc
6671,16656470,Glimmeron,"2026-08-12 02:01:48",508.5,2,rishabhraushan
6672,16705415,"Mauro Najera","2026-08-11 05:30:13",508.4,2,mauronajera
6673,16733644,Gavilán,"2026-08-23 19:41:22",508.3,2,gaviln
6674,16794797,zzzyan10,"2026-09-18 07:42:32",508.3,2,zzzyan10
6675,16809677,"Phong Khổng Hoàng","2026-09-12 12:30:45",508.2,2,phongkhonghong
6676,16889078,"Md Waquar Ahmad","2026-09-16 02:52:56",508.2,2,mohdwaquarahmad
6677,16692168,"Kinshuk Aggarwal","2026-08-09 04:23:32",508.0,1,kinshukaggarwal
6678,16715769,Ethereallll1,"2026-08-14 15:21:12",508.0,2,ethereallll1
6679,16678083,"Abdeljalil Idalahaj","2026-09-05 04:28:08",508.0,2,abdeljalilidalahaj
6680,16659183,"Leonard Yaw Mensah","2026-08-05 02:22:25",507.8,2,leonardyawmensah
6681,16778703,kamaras,"2026-08-30 11:58:07",507.5,2,kamaras
6682,16818158,Noza,"2026-09-16 04:36:09",507.5,2,harukanozato
6683,16632105,"shreyas sangalad","2026-08-02 12:01:08",507.4,2,spoortisangalad
6684,16726155,miyawakiayaka,"2026-08-15 18:50:10",507.4,2,kanatakon
6685,16674106,Jaikrishna@007,"2026-09-17 07:11:06",507.2,2,"dineshak07,jaikrishna007"
6686,16685570,"Micah Fernando","2026-08-07 19:46:31",507.2,2,micahfernando
6687,16632368,"Yuelin Bai","2026-08-03 08:15:12",507.1,2,paralym
6688,16655072,Sonuaswar1,"2026-08-04 07:33:47",506.9,2,sonuaswar1
6689,16623938,flashthunder,"2026-09-14 08:04:09",506.9,2,thunderflash
6690,16661950,moonmelonpizza,"2026-08-09 12:25:23",506.8,2,moonmelonpizza
6691,16717601,"Mariem Fersi","2026-08-24 23:22:14",506.8,2,"mariemfersi,yassinebrahem2"
6692,16890976,zyh222,"2026-09-15 00:04:04",506.6,2,zyh222
6693,16686645,Ornaat,"2026-09-17 15:44:57",506.4,2,ornaat
6694,16705149,"Allen Chun","2026-08-15 04:59:05",506.3,2,allenchun
6695,16656573,"Ashiq Firoz","2026-08-17 18:20:11",506.2,2,ashiqfiroz
6696,16668154,JuanEspana,"2026-08-09 11:38:32",506.2,2,juanespana
6697,16744610,"Safiullah Baig","2026-08-20 13:16:58",506.1,1,safm1rza
6698,16777132,"Soham Dave","2026-08-27 14:51:01",506.1,2,sohamdave19
6699,16762168,Lewbei,"2026-09-10 04:58:43",506.1,2,lewbei
6700,16884418,xuechengzou,"2026-09-13 12:22:43",506.0,2,xuechengzouinkaggle
6701,16722109,Navneet,"2026-08-14 14:02:35",506.0,2,zxcdfg
6702,16633577,Boxy,"2026-08-15 18:55:40",505.8,2,boxyml
6703,16672105,"Natural Stupidity","2026-08-10 19:39:53",505.7,2,"parthb21,sujaygolla"
6704,16631981,"Karen Letir","2026-08-10 09:21:51",505.6,2,karenletir
6705,16667101,SundharSteyn,"2026-08-27 02:41:04",505.5,2,sundharsteyn
6706,16793465,"Farming Sols","2026-09-03 23:40:36",505.2,2,rishitreddypalle
6707,16856778,"Johnathan King","2026-09-18 00:01:58",505.2,2,johnathanking1278
6708,16701454,"André-Marie BEHANZIN","2026-09-15 11:42:17",505.1,2,andremariebehanzin
6709,16687538,aefinityaiinc,"2026-08-27 20:59:35",504.9,2,aefinityaiinc
6710,16843633,"Arbnor Grubi","2026-09-13 02:32:30",504.7,2,protocool
6711,16665364,"Shien Zhang","2026-08-06 06:50:46",504.7,1,shienzhang
6712,16700661,"Aakash Kavuru","2026-08-12 05:13:05",504.6,2,aakashkavuru
6713,16702281,"Dhruv Patel #2","2026-08-10 21:25:08",504.6,2,dhruvpatel1972
6714,16645841,Lucien,"2026-09-17 01:29:28",504.5,2,lucienhu6775765
6715,16733785,"Stuart Gilbert","2026-08-30 01:52:41",504.3,2,stuartgilbert
6716,16804924,"Kevin L.","2026-09-09 07:04:46",504.1,2,zorgis
6717,16686109,"Triple Tensor","2026-08-17 08:24:26",504.0,2,"adinathjagtap777,pds178,prajwalzolage05"
6718,16917535,"Edric Zhou","2026-09-18 00:29:01",503.9,1,edriczhou
6719,16774035,"Shengfeng Wang","2026-08-26 07:28:46",503.9,1,shengfengwang
6720,16630335,"Solve Langseth","2026-08-05 06:48:57",503.7,2,solvelangseth
6721,16729152,Antoine,"2026-08-17 10:12:04",503.6,2,a11t01n3
6722,16706277,"ratat Zheng","2026-08-12 10:25:38",503.4,2,ratatzheng
6723,16843316,"Felipe Chiarini","2026-09-12 12:03:15",503.2,2,felipechiarini
6724,16699756,"zhang xin","2026-09-13 16:58:12",503.2,2,zhangxin300
6725,16707986,Pones_kaggle,"2026-09-01 22:08:32",503.2,2,pyd966
6726,16756561,"Eren Tekin","2026-09-14 23:41:50",503.1,2,erennntkn
6727,16627324,"Attack on Kaggle","2026-08-06 13:27:22",502.9,2,user19394494
6728,16832891,"Kana Kuroyanagi","2026-09-15 03:41:44",502.9,2,kanakuroyanagi
6729,16729510,ARM,"2026-09-08 13:01:17",502.8,2,"midhun4126,mrohithjohn"
6730,16798775,Lissabon,"2026-09-07 03:36:41",502.7,2,lissabon
6731,16765488,chenyinheng30,"2026-09-06 14:26:22",502.6,2,chenyinheng30
6732,16883234,Cpleasance,"2026-09-14 00:24:24",502.4,2,cpleasance
6733,16733961,"Julia Fredo","2026-09-17 20:55:02",502.4,2,juliafredo
6734,16658627,"Osman Can ÇETLENBİK","2026-08-05 15:25:30",502.2,2,osmancancet
6735,16798074,"Akkapop Prasompon","2026-09-09 12:17:36",502.2,2,akkapopprasompon
6736,16662722,"Ajeet Jain","2026-08-07 06:32:10",502.2,2,jainajeet29
6737,16883859,"Carlos Daniel Polanco","2026-09-15 22:48:08",502.1,2,carlospolanco00
6738,16659681,"Aditya Seth","2026-09-04 13:12:36",502.0,2,adityaseth777
6739,16664502,"Alejandro Morales","2026-08-10 01:05:59",502.0,2,langley96
6740,16724470,"Mahdi Rafati","2026-08-24 15:32:51",502.0,2,mahdirafati
6741,16774958,"Charles Wuytack","2026-08-27 14:58:07",502.0,2,charleswuytack
6742,16641622,datajanko,"2026-08-22 07:40:54",501.7,2,jankoch
6743,16752191,"Wenxuan Ye","2026-09-04 07:10:28",501.3,2,akomwins
6744,16678613,iBooNDK,"2026-08-09 19:03:37",501.3,2,iboondk
6745,16825996,"Alex Li","2026-09-04 08:02:19",501.3,2,alexli1998
6746,16664251,zzy123123,"2026-08-08 09:22:51",501.2,2,zzy123123
6747,16725483,PQ_Marz,"2026-08-15 16:25:50",501.1,2,pqmarz
6748,16840641,"Yukar Fu","2026-09-16 00:29:30",500.9,2,yukarfu
6749,16665281,"[Deleted] 899172b8-e148-4564-ba8c-c46356105ab8","2026-08-05 09:55:11",500.8,2,del=cd7e9a4014b872ef
6750,16755101,"Thomas van der Meer","2026-08-26 11:19:19",500.5,2,tvdermeer
6751,16719857,"Howey do it","2026-08-14 23:06:06",500.5,2,ronincoppins
6752,16810019,M&S,"2026-09-02 17:19:11",500.3,2,"martinhma,yishusheng"
6753,16660081,fakyyy,"2026-08-09 11:19:15",500.3,2,manideepreddyakula
6754,16664211,"Ben Wilson","2026-08-06 23:57:29",500.1,2,crispyryse
6755,16673324,Amaranta,"2026-09-17 02:59:12",499.9,2,ulyanovantonamaranta
6756,16661682,"Rishi Gupta","2026-08-05 07:46:38",499.9,2,rishigupta07
6757,16683934,"Teja Madala","2026-08-10 14:46:07",499.8,2,tejamadala
6758,16875460,"Safa Nasrin","2026-09-18 06:39:54",499.8,2,safanasri
6759,16645870,"Barathan Aslan","2026-08-03 08:21:55",499.7,2,barathanaslan
6760,16668108,"Suresh Chandra Mangena","2026-08-11 09:32:31",499.6,2,sureshchandramangena
6761,16885828,U-Bex,"2026-09-16 05:30:55",499.6,2,shuichiurabe
6762,16915448,asdfghjklbelinda,"2026-09-18 01:55:15",499.5,2,"asdfghjklbelinda,yyyemin,zhouqingwen"
6763,16895340,Prakhareshwar,"2026-09-16 14:36:42",499.4,2,prakharpathak12
6764,16639814,"Nikhil Krishna A","2026-09-07 07:37:56",499.3,2,techmasternikhil
6765,16744572,DivyanshAgg,"2026-08-31 19:30:49",499.2,2,divyanshagg
6766,16654885,"Jason Kong","2026-08-04 06:52:19",498.9,2,jasonkongie
6767,16694146,"JIlong Zhou","2026-08-26 15:04:38",498.8,2,acemaker
6768,16661397,"T. Scharf","2026-08-05 02:54:36",498.8,2,scharf
6769,16849108,raypratik,"2026-09-16 17:55:26",498.7,2,raypratik
6770,16627463,dnish,"2026-08-05 07:37:16",498.5,2,dnishio
6771,16851553,Sentinel,"2026-09-12 19:35:06",498.5,2,atlasar
6772,16811685,benhur0905,"2026-09-15 07:00:49",498.4,2,benhur0905
6773,16623006,"Aaradhy Singhvi","2026-09-08 12:48:10",498.4,2,aaradhysinghvi
6774,16695102,whitelok,"2026-08-11 12:54:41",498.1,2,whitelok
6775,16705661,"Toshiki Touda","2026-08-13 06:51:05",498.1,2,toshikitouda
6776,16637649,cameronezrajones579,"2026-08-15 15:49:12",498.0,2,cameronezrajones579
6777,16649077,"Yifan Yang 135","2026-08-11 06:22:40",498.0,2,yifanyang135
6778,16668137,"Thomas De Sousa","2026-08-06 06:34:48",497.9,2,thomasdesousa
6779,16672798,yaphanqiii,"2026-08-27 07:55:23",497.7,2,yaphanqiii
6780,16726913,"T T‗Worker","2026-08-22 11:08:14",497.7,2,ttworker
6781,16656689,"Vansh Gupta","2026-08-11 08:56:56",497.7,2,vanshrl9ine
6782,16769170,"Hardik Savaliya211","2026-08-25 11:07:10",497.7,2,hardiksavaliya211
6783,16668324,"Alden Jenish S","2026-08-06 14:02:09",497.5,2,aldenjenishs
6784,16685722,"Jiahan Cao","2026-08-12 09:01:22",497.5,2,jiahancao
6785,16729081,"Venkata Y","2026-08-19 00:45:13",497.5,2,venkatayerrapothu
6786,16794598,"Andrew Yu","2026-09-02 04:51:57",497.4,1,andnyu
6787,16771725,"Rijusmit Biswas","2026-09-18 10:55:33",497.2,2,rijusmitbiswas
6788,16685412,Praveen8775,"2026-09-17 13:55:54",497.1,2,praveen8775
6789,16725955,"Aditya Pandey","2026-08-17 00:10:10",497.1,2,adipandey777
6790,16695400,"Karam Khasawneh","2026-08-10 20:29:16",497.0,2,karamkhasawneh
6791,16755781,NaveenManwani,"2026-08-28 05:37:31",497.0,2,naveenmanwani
6792,16726044,"Lena Traczuk","2026-08-22 12:03:58",497.0,2,lenatraczuk
6793,16895121,Timmmmmmmy,"2026-09-17 05:51:31",496.9,2,"molic1,timmmmmmmy"
6794,16765688,jihunai,"2026-08-26 23:15:54",496.7,2,jihunai
6795,16771972,"Vansh Ahlawat","2026-09-18 05:34:44",496.7,2,vansh5126
6796,16765194,henry,"2026-08-24 13:39:29",496.6,2,zchenry
6797,16707865,"bb aa","2026-09-10 15:39:17",496.3,2,bbaa233
6798,16666637,"Uttam Limbani","2026-08-07 13:41:14",496.1,2,uttamlimbani
6799,16721814,"DOAMBA Jean Edouard Odilon","2026-08-24 14:48:43",496.0,2,doamba
6800,16686972,"Ankit Maurya","2026-08-23 07:05:44",496.0,2,"ankitmaurya16,rudraprasadsah"
6801,16664252,"Huy Hoang","2026-08-15 03:59:40",495.9,2,themeend
6802,16689372,"Kiran Yerpude","2026-08-12 05:39:43",495.9,2,kiranyerpude
6803,16658925,CYBWithFlourish,"2026-08-06 15:56:28",495.8,2,cybwithflourish
6804,16687237,Khalibryler,"2026-08-11 09:17:03",495.8,2,khalibryler
6805,16655600,"VYSHAKH G NAIR","2026-08-04 21:31:24",495.7,2,vyshakhgnair
6806,16893233,"Garrick Lai","2026-09-15 08:44:07",495.6,2,garricklai
6807,16799023,"Alkava Ind","2026-09-18 06:35:19",495.5,2,alkavaind
6808,16641948,JustForFun,"2026-08-18 08:00:36",495.4,2,thangphung215
6809,16876700,"Omar Mukhtar","2026-09-18 10:05:32",495.4,2,omarmukhtar3
6810,16661402,"Abin Biju","2026-08-11 18:00:35",495.3,2,abinbiju1
6811,16660089,ChristosGrigoras,"2026-08-07 22:41:49",495.2,2,cgrigoras
6812,16701046,"Thanakorn Kaewwiang","2026-08-14 17:13:39",495.0,2,deweytng
6813,16656431,"Venetta Smithen","2026-08-20 02:19:45",494.9,2,venettasmithen
6814,16773195,"Pham Nguyen Thanh Huy","2026-08-27 05:25:55",494.8,2,huyphmnguyenthanh
6815,16656797,"رحيم محمد","2026-08-04 20:05:45",494.7,2,darkmaxedwe
6816,16659558,Ayuroshbo,"2026-09-18 10:26:39",494.6,2,ayuroshbo
6817,16720049,"aditya emmadishetty","2026-08-14 13:20:54",494.5,2,adityaemmadishetty
6818,16706143,Adityaupadhyay0805,"2026-08-20 04:28:06",494.5,1,adityaupadhyay0805
6819,16665865,"Agrippa Beaulieu","2026-08-08 19:09:28",494.5,2,agrippabeaulieu
6820,16664608,sid,"2026-08-07 18:18:04",494.4,2,sidshastri04
6821,16726211,RepeatAfterMe,"2026-08-17 08:21:41",494.3,2,bekirsciftler
6822,16688873,cancel,"2026-08-18 06:50:33",494.3,1,rugaru
6823,16711812,"zhan renyi","2026-08-31 05:24:39",493.9,2,zhanrenyi
6824,16664116,"Bogdan Sburlea","2026-09-18 03:36:31",493.9,2,bogdan1405
6825,16791550,Team21,"2026-09-08 12:53:38",493.8,2,"fchen121,muktharam"
6826,16779152,"taijiu int","2026-09-04 22:22:20",493.7,2,taijiuint
6827,16640399,Hubbahub,"2026-08-04 20:40:39",493.7,2,hubbahub
6828,16687942,"Arya Arun","2026-08-16 08:52:26",493.7,2,aryaarun07
6829,16663327,Gnr8tr,"2026-08-13 14:16:44",493.6,2,wilburjpereira
6830,16659505,"Duleeka Mevan","2026-08-06 09:32:46",493.5,2,duleekamevan
6831,16631547,"Chong Xuan Ng","2026-08-08 15:38:52",493.4,2,chongxuanng
6832,16668461,SobanAli,"2026-08-19 15:49:03",493.3,2,soban256
6833,16670651,Echare,"2026-09-15 23:28:38",493.1,1,echare
6834,16751058,"Henrique Loyola ","2026-08-21 05:29:59",493.1,2,henriqueloyola
6835,16675060,"Xinger Gao","2026-08-31 08:52:07",493.0,2,xingergao
6836,16771340,pang,"2026-09-05 16:41:51",492.9,2,pangwenfeng
6837,16851860,"Senih Bayankulu","2026-09-08 03:13:24",492.8,2,senihbayankulu
6838,16719257,"Alexander Morozov","2026-08-14 23:53:53",492.7,2,scanhex
6839,16793080,"Lonan Syayf","2026-08-31 19:44:09",492.6,2,lonansyayf
6840,16761979,"Chaitany Patel","2026-09-17 14:59:29",492.6,2,chaitanypatel
6841,16758970,"Jason Wong","2026-09-16 16:00:15",492.6,2,jsin27
6842,16654984,"Guseinov Elvin","2026-08-08 21:44:00",492.5,2,guseinovelvin
6843,16688662,"Faz Forward","2026-08-08 09:03:10",492.4,2,fazforward
6844,16881765,"aakriti & tanya","2026-09-17 20:00:23",492.3,2,"aakritiinchaos,tanyac1"
6845,16692480,"Khalis Murfid","2026-08-24 07:03:02",492.1,2,khalismurfid
6846,16914771,"Moritz Schobesberger","2026-09-17 15:21:34",492.0,2,moritzschobesberger
6847,16693233,"Noah Wheeler","2026-09-16 02:28:07",491.9,2,nwheeler806
6848,16668606,"Hasith Kulathilaka","2026-08-31 19:09:39",491.8,2,hasithkulathilaka
6849,16783713,Gale,"2026-09-05 02:29:43",491.6,2,na1vel
6850,16654174,"Dharmeswar Basumatary","2026-09-09 11:09:15",491.6,2,dharmeswarbasumatary
6851,16760191,"Kushal Shiva1","2026-08-26 20:19:36",491.5,1,kushalshiva1
6852,16875601,forwardidear,"2026-09-13 02:46:39",491.5,2,forwardidear
6853,16678154,"Hashim Far","2026-08-08 04:20:32",491.3,2,hashimfar
6854,16694314,"Ali Abbas Baig","2026-08-28 19:55:16",491.1,2,aliabbasbaig
6855,16680799,zixma13,"2026-08-25 13:12:44",491.1,2,zixma13
6856,16638883,LeiYang,"2026-08-03 15:04:07",491.0,2,leiyangcq
6857,16722561,Asia214,"2026-08-30 02:26:16",491.0,2,asia214
6858,16728318,T3jas06,"2026-08-22 19:45:13",490.9,2,t3jas06
6859,16761657,Picu,"2026-08-23 10:42:49",490.9,2,rumoschilling
6860,16717018,"Urvashi Bansal","2026-08-17 09:12:29",490.8,2,urvashibansal123
6861,16767585,Hyena,"2026-08-25 22:17:26",490.6,1,hemant0
6862,16636719,"Naman Durve","2026-09-12 16:14:56",490.6,2,namancdurve
6863,16636973,"Ali Ali G","2026-08-03 18:36:40",490.4,2,alialig
6864,16880689,yasmine0809,"2026-09-12 16:19:37",490.4,2,yasmine0809
6865,16826447,"Absara viswanathan","2026-09-07 06:16:20",490.3,2,viswanathanabsara
6866,16805275,"Women or something","2026-09-12 04:22:27",490.3,2,"appalachianmounta1n,reneeschmidt"
6867,16819549,APEX101,"2026-09-06 06:16:51",490.1,2,"akshitasrivastava1,irongm"
6868,16723583,"varun chindage","2026-09-05 14:52:13",489.9,2,stormy420
6869,16767147,"Hacker Trinity","2026-09-09 12:20:12",489.8,2,hackertrinity
6870,16654347,"aarav maheshwari1","2026-08-26 05:57:03",489.3,2,aaravmaheshwari1
6871,16768079,Sohee087,"2026-08-24 20:21:01",488.7,1,sohee087
6872,16709487,Kohei,"2026-08-19 20:54:42",488.7,2,kshintani
6873,16762427,Raj_craj,"2026-08-30 20:27:00",488.6,2,rajcraj
6874,16699207,"Bipin Rimal","2026-08-10 07:45:21",488.5,2,bipinrimal314
6875,16639577,Haitaks,"2026-08-16 09:42:16",488.5,2,haitaks
6876,16636333,xiaoyang66,"2026-08-17 13:35:28",488.4,2,kennethhao8
6877,16674605,Versilogic,"2026-08-16 07:54:48",488.2,2,versilogic
6878,16858984,Katherine_2002,"2026-09-17 15:19:36",488.2,2,katherine2002
6879,16844262,"S Aishvarya","2026-09-15 16:46:13",488.2,2,saishvarya
6880,16674612,"Muhammad Dhiaz Rafilianza","2026-08-22 05:48:04",488.2,2,dhiazr
6881,16745065,MrEvidentYew,"2026-08-24 18:36:02",488.2,2,mrevidentyew
6882,16666716,"Fanis Alexakis","2026-08-17 11:59:15",488.1,2,fanisalexakis
6883,16668589,"Gleb Naumkin","2026-08-05 22:46:26",488.0,1,glebnaumkin
6884,16681924,WEcoS,"2026-08-10 04:32:03",488.0,2,aungkhainghtun
6885,16625216,"Emre Can","2026-08-01 17:05:51",488.0,2,seicatsu
6886,16655069,"Jason Harrison","2026-08-05 20:56:59",488.0,2,jasonharrisonco
6887,16662995,"carlos mario de oro aguado","2026-08-06 21:08:28",487.9,2,cdeoroaguado
6888,16766803,"Kanishk Sharma","2026-09-01 23:52:42",487.8,2,kan1shq198
6889,16772803,"Linneu Holanda","2026-09-11 00:03:53",487.5,2,linneuholanda
6890,16665424,taaaaanq,"2026-08-17 14:23:35",487.3,1,"chuayaplong,flashtigro,huayu05,taaaaanq"
6891,16675916,Lorenzo176ITA,"2026-08-14 11:02:15",487.2,2,"alessiopap,lorenzo176ita"
6892,16743494,"ROHAN Exploit","2026-09-08 11:13:08",487.1,2,rohanexploit
6893,16668698,Addie,"2026-08-08 05:21:08",487.0,1,addie999
6894,16662938,CarlitrosParra,"2026-08-05 21:34:52",486.7,2,carlitrosparra
6895,16661460,Lucky,"2026-09-03 07:49:58",486.6,2,tmiya0107
6896,16780097,"wei chang","2026-09-13 00:42:40",486.4,2,wayne0404
6897,16736951,giacomovin,"2026-08-25 20:14:52",486.2,2,giacomovin
6898,16630520,dimitris_x94,"2026-08-23 21:10:57",486.1,2,dimitrisx94
6899,16715942,_@HimShukla23,"2026-08-18 03:57:15",486.0,2,himshukla23
6900,16653118,"Elmira Yekani","2026-08-18 17:05:20",485.8,2,elmirayekani
6901,16621437,AdamBelniak,"2026-08-03 18:15:21",485.8,2,adamos581
6902,16644410,"Swaroop Kallakuri","2026-08-04 15:40:29",485.7,2,ksjpswaroop
6903,16681637,nasu01,"2026-08-07 10:14:10",485.7,2,nasu01
6904,16637894,"Leonardo Domingues","2026-09-06 10:38:08",485.6,2,leonardodomingues
6905,16623824,zhangende02,"2026-08-01 01:15:21",485.5,2,zhangende02
6906,16840130,tkm_ktn,"2026-09-05 15:48:40",485.4,2,takumikotani
6907,16660060,AnkitGoyal,"2026-08-05 15:33:29",485.4,2,goyalankit
6908,16651042,Mira_332,"2026-08-27 04:58:29",485.3,2,ichiiohno
6909,16883044,"Muhammad Olamide","2026-09-16 10:59:44",485.2,2,muhammadolamide
6910,16682386,"Charbel Nehme","2026-09-09 06:36:54",485.1,2,charbelnehme
6911,16671602,"Nithin Nambi","2026-08-07 00:09:31",484.9,2,nitthewit
6912,16794052,"Sarthak Mishra","2026-09-18 06:45:52",484.8,2,"aarushverma04,pg541425,sarthak25b15310182,yadavup50"
6913,16759381,"Subhan Hussain","2026-08-26 10:37:25",484.8,2,subhanhussain0205
6914,16762154,lli,"2026-09-07 19:04:26",484.8,2,colesuoseue
6915,16699707,"Afana Khalit putra","2026-08-11 08:57:25",484.6,2,afanakhalitputra
6916,16719742,"Varun Dave","2026-08-31 22:56:07",484.5,2,"pranavtrivedi02,varundave95"
6917,16892006,"Leul Hailemichael","2026-09-16 21:00:15",484.4,2,leulhailemichael
6918,16716531,tebenia,"2026-08-16 08:06:58",484.4,2,tebenia
6919,16773194,NgNhan3110,"2026-08-27 09:36:17",484.4,2,ngnhan3110
6920,16697568,"Sergey Fedorov","2026-08-20 21:25:34",483.5,1,bd01ar
6921,16737532,lsystudyhard,"2026-08-22 12:16:47",483.4,2,lsystudyhard
6922,16741053,"Bui Minh Thanh","2026-09-07 18:50:23",483.2,2,buiminhthanh
6923,16843921,Ruijiehe1213,"2026-09-13 03:40:30",483.2,2,ruijiehe1213
6924,16842936,"Sreejit Pradhan","2026-09-12 19:11:37",482.8,2,sreejitpradhan
6925,16657929,Robert-zwr,"2026-08-05 11:15:48",482.7,1,robertzwr
6926,16670986,"Anas Erami","2026-08-08 01:38:43",482.6,2,anaserami
6927,16738218,kiyo,"2026-09-10 13:01:37",482.6,2,kiyohiro
6928,16785352,"joão Vitor","2026-09-05 20:19:12",482.4,2,jaov30718
6929,16712488,"Vansh Bhura","2026-08-12 14:23:18",482.3,2,vanshbhura
6930,16880843,"Triều Đinh Hải","2026-09-12 19:41:11",482.1,2,triuinhhi
6931,16757204,hhcjj,"2026-08-22 06:42:32",481.9,2,hhcjjkk
6932,16626105,sasaki,"2026-08-24 02:34:55",481.9,2,rsasaki
6933,16661323,mzyktkhs,"2026-08-10 13:21:59",481.9,2,mzyktkhs
6934,16663368,"Laurence Dale","2026-08-12 18:00:07",481.8,2,laurencedale
6935,16763898,"Tarık Sarıcı","2026-08-24 09:54:31",481.8,2,ssarici
6936,16691628,"Gavin Walsh (N1DGE11)","2026-08-08 16:07:24",481.6,2,gavinwalshn1dge11
6937,16728014,Alpha223,"2026-09-05 15:51:24",481.6,2,alpha223
6938,16661382,CBenaventte,"2026-09-02 13:35:27",481.5,2,cbenaventte
6939,16889017,Bigwh3el,"2026-09-17 00:23:20",481.4,2,bigwh3el
6940,16663822,BhavyaSaini001,"2026-08-29 23:10:34",481.4,2,bhavyasaini001
6941,16861019,CloriTeam,"2026-09-09 15:34:28",481.2,2,lorenzocomis
6942,16697448,"Mykola Mazniuk","2026-08-15 17:57:39",481.1,1,mykolamazniuk
6943,16665436,Aeternum,"2026-08-15 18:31:32",481.0,2,"donbinoy2004,surajkumarks"
6944,16890884,"Michael Swartz","2026-09-14 17:50:04",480.7,2,michaelbruwerswartz
6945,16886012,smartkdy7,"2026-09-13 11:37:51",480.7,1,smartkdy7
6946,16756900,Kome_Sh,"2026-08-30 13:40:56",480.6,2,komeshun
6947,16772455,dextrecity,"2026-08-30 11:37:56",480.5,2,"dextrecity,leo0pa"
6948,16889822,CornReform,"2026-09-17 16:13:10",480.3,2,cornreform
6949,16809022,CheeseFunction,"2026-09-05 06:58:36",480.3,2,cheesefunction
6950,16657664,"Nguyễn Anh Kiệt 28","2026-08-06 04:17:40",480.3,2,nguynanhkit28
6951,16665184,woorym,"2026-08-10 03:04:12",480.1,2,woorym
6952,16749271,"Shoki Suzuki","2026-09-01 13:48:43",480.0,2,shokisuzuki
6953,16774849,RiyadhLakadimu123,"2026-08-31 19:51:17",479.9,2,riyadhlakadimu123
6954,16689881,"yuki #2","2026-09-16 13:37:24",479.8,2,hosikusa
6955,16867680,Asuka,"2026-09-11 05:45:46",479.7,2,asuka0langley0soryu
6956,16664205,"shr Wei","2026-09-03 06:00:47",479.7,2,shrwei
6957,16657383,"Shih Hua Chou","2026-08-18 03:51:08",479.7,2,shihhuachou
6958,16657502,Jasmeen,"2026-08-16 08:59:05",479.6,2,jasmeen0207
6959,16809898,wodDAOdun,"2026-09-14 07:14:35",479.5,2,kylaucode
6960,16911383,PurpleNightmare,"2026-09-18 09:23:26",479.2,2,purplenightmare
6961,16663040,"BARBARA GASKINS","2026-08-12 01:08:47",479.2,2,barbaragaskins
6962,16780915,"Aravind S","2026-09-17 23:13:19",479.0,2,aravind20061981
6963,16760480,yat0i811,"2026-09-13 14:13:59",478.9,2,yat0i811
6964,16876859,Broncat,"2026-09-15 02:27:28",478.8,2,broncat
6965,16727920,"Youssef Yacoup","2026-09-04 16:50:53",478.8,2,youssefyacoup
6966,16679096,WilliamXylean,"2026-09-16 16:40:09",478.8,2,williamxylean
6967,16750666,"Mitali Yadav","2026-09-17 18:40:25",478.7,2,mitaliyadav18
6968,16713218,"Julien Baumgartner","2026-08-14 08:36:27",478.7,2,julienbaumgartner
6969,16692263,"ADITYA CHAVAN","2026-08-09 17:44:15",478.7,2,adityasnr7
6970,16663707,DotBix,"2026-08-12 21:45:54",478.5,2,dotbix
6971,16690698,posty_melek,"2026-08-15 05:06:40",478.3,2,srisaraswati
6972,16668813,zhaowang,"2026-08-06 05:19:52",477.9,2,zhaowangwang
6973,16666071,"Arda Yıldız","2026-08-20 09:33:54",477.7,2,xreina8
6974,16707331,"Simon Ziegs","2026-08-23 22:54:11",477.7,2,simonziegs
6975,16654401,ChronoForensics,"2026-08-08 17:26:11",477.5,2,ryanwollmuth
6976,16655080,"Mohamed Judi","2026-09-07 19:18:31",477.5,2,mhjudi
6977,16675468,"atakan akgün","2026-08-13 15:32:32",477.3,2,atakanakg
6978,16683837,"Blessed Ngorima","2026-08-18 09:40:53",477.3,2,blessedngorima
6979,16705276,layr0,"2026-08-14 00:53:11",477.3,2,layr0dotdev
6980,16709918,GUI666,"2026-08-26 16:17:40",477.2,2,gui666
6981,16676803,"Josue Villao","2026-08-14 05:20:13",477.2,2,josuevillao
6982,16871538,freesoso,"2026-09-15 13:11:39",477.2,2,freesoso
6983,16758526,"sudo give_me_the_prize","2026-08-24 16:34:02",477.2,2,ibrahimab2
6984,16843511,"JiaHui Ni ","2026-09-13 14:59:35",477.1,2,jiahuini
6985,16667078,dprinzensteiner,"2026-08-05 14:06:26",476.9,2,dprinzensteiner
6986,16687648,"RSJ CorneR","2026-08-08 10:57:54",476.9,2,rsjcorner
6987,16809943,"A Rook","2026-09-03 19:06:08",476.9,2,rookcastle
6988,16858250,"ayush kumar","2026-09-14 10:35:32",476.7,2,ayushkumar1610
6989,16755677,"Rutwik Kumar M","2026-08-26 16:31:00",476.7,2,rutwikkumarm
6990,16862497,DefiAudit,"2026-09-18 00:48:19",476.4,2,defiaudit
6991,16756812,"Alex Amirkhanyan","2026-08-24 05:51:16",476.3,2,aleksamirkhanyan
6992,16799224,"Tian Yan666","2026-09-03 14:48:42",476.2,2,tianyan666
6993,16711823,Abi_e,"2026-09-07 09:47:37",476.1,2,abidjacquelineanadi
6994,16665949,Rbda,"2026-08-06 14:18:03",476.0,2,brazvan
6995,16657528,"Symekah Shadrack Basweti","2026-08-05 10:17:09",476.0,2,symekah99
6996,16745980,"Arif Amijoyo","2026-08-30 07:54:40",475.9,2,arifamijoyo
6997,16695692,Saadii2279,"2026-08-11 16:44:39",475.8,2,saadii2279
6998,16700080,Kaushik,"2026-08-10 11:11:18",475.8,2,kgarumugam
6999,16658476,"goksel yesiller","2026-08-04 11:07:53",475.8,2,gokselyesiller
7000,16732200,"Louis WhoEat","2026-08-24 12:02:40",475.7,2,louiswhoeat
7001,16693003,ShirrleyChen,"2026-08-15 12:54:58",475.3,2,shirrleychen
7002,16768456,清水一希,"2026-08-25 00:47:38",475.2,1,kazukishimizu0427
7003,16627009,c0sm1c,"2026-08-01 11:06:14",475.2,1,tanghao111
7004,16690221,"HISOKY DEV","2026-08-10 09:42:03",475.1,2,omarfahid
7005,16783677,"Đặng Anh Thịnh","2026-08-28 08:31:12",475.0,1,nganhthnh
7006,16887058,"Michael Eberhard","2026-09-15 20:29:09",474.9,2,michaebe
7007,16675686,"PRERIT MAURYA","2026-08-14 06:37:51",474.9,2,preritmaurya
7008,16764151,Jpadilla987@gmail.com,"2026-08-25 21:00:27",474.9,2,jpadilla987gmailcom
7009,16659658,"Tim Wong","2026-08-06 02:02:30",474.8,2,wai0186
7010,16661449,"Samarjeet Singh","2026-08-23 04:32:19",474.7,2,samarjeet010
7011,16661576,"Yash Jumde","2026-08-15 20:09:59",474.7,2,yashjumde
7012,16653809,acbabc123,"2026-08-04 13:53:53",474.6,2,acbabc123
7013,16882021,"lucas honoratodesouza","2026-09-14 05:21:58",474.5,2,lucashonoratodesouza
7014,16724984,anish711,"2026-08-22 17:54:18",474.3,2,anish711
7015,16847740,FarmAre,"2026-09-07 17:31:01",474.1,2,abishekak
7016,16701871,"Raj Nandan","2026-08-10 15:13:30",474.0,1,imrajnandan
7017,16663622,sammuq1,"2026-08-10 23:56:19",474.0,2,sammuq1
7018,16645302,LuCcc,"2026-08-03 09:45:35",474.0,2,luuuuccccc
7019,16665374,UmangDobhal03,"2026-08-06 03:46:29",473.9,2,umangdobhal03
7020,16625808,"Etsushi Yamamoto","2026-08-09 16:50:41",473.9,2,etsushiyamamoto
7021,16651872,Evgen21,"2026-08-05 14:03:50",473.7,2,evgen21
7022,16667722,Radhouen911,"2026-08-06 21:37:37",473.6,2,radhouen911
7023,16681778,kzeus@003,"2026-08-12 05:12:15",473.6,2,kzeus003
7024,16670634,"Narayan Sharan","2026-09-12 06:55:27",473.5,2,narayansharan
7025,16653049,"Umut Doruk Öztürk","2026-09-02 09:52:16",473.2,2,umutdorukztrk
7026,16644053,Rafiozoo,"2026-08-03 19:26:40",473.2,2,rafiozoo
7027,16713179,"Enise Zengin","2026-09-15 02:53:02",473.0,2,enisezengin
7028,16755394,"Ruben Lucas","2026-08-21 21:50:16",472.9,2,rubenlucas
7029,16880707,Joy_22@1,"2026-09-15 16:30:49",472.8,2,joy221
7030,16797002,ZhixinLuo,"2026-09-01 14:16:09",472.8,2,zhixinluo
7031,16659919,"SILVISTON EMMANUEL","2026-08-06 06:51:55",472.8,2,silvistonemmanuel
7032,16903652,LokeshGiri,"2026-09-17 05:05:07",472.6,2,lokeshjasrotia
7033,16745574,"Yadunandan Raman","2026-08-22 12:20:06",472.5,2,yadunandanraman
7034,16715126,준환,"2026-09-10 11:28:25",472.5,2,paulguilbert
7035,16757135,Agrihand,"2026-09-02 15:00:23",472.3,2,mayur756
7036,16718828,"Tejas Nisar","2026-08-23 17:04:45",472.2,2,tejasnisar
7037,16623263,ASHML,"2026-07-30 23:28:50",472.2,2,ashml
7038,16731636,関西人,"2026-08-24 06:23:14",472.2,2,m1333666888
7039,16655881,"Zhuoran Zhao","2026-08-07 16:50:04",472.2,2,yearcakes
7040,16770979,"Paulo Martins","2026-09-17 17:59:27",472.2,2,paulomartins87
7041,16667517,"Recep Barkın Topcu","2026-08-31 05:30:02",471.3,2,recepbarkntopcu
7042,16668068,"Neural Harvest","2026-08-27 19:23:44",471.1,2,meghashyampawar
7043,16670155,Kiznaiver,"2026-08-23 14:27:19",471.0,2,kiznaiver
7044,16785568,"Sneha Bhargava4","2026-09-16 17:56:17",470.9,2,snehabhargava4
7045,16690352,"Aled von Oppell","2026-09-18 10:32:06",470.5,2,aledgvonoppell
7046,16838929,Charlesm85,"2026-09-06 05:56:26",470.4,2,charlesm85
7047,16646286,"C Aravindhan","2026-08-04 05:03:22",470.3,2,caravindhan
7048,16662111,"Mood Vikram","2026-09-05 23:15:35",470.3,2,"moodvikram,sidhantchauhan"
7049,16773043,"Petani Baik","2026-09-03 00:56:35",470.3,2,durrahandri
7050,16792069,"Yen Hung1021","2026-09-03 16:09:33",470.2,2,yenhung1021
7051,16780783,priscilamaria5363,"2026-08-28 15:10:15",470.2,2,priscilamaria5363
7052,16885547,L0k1xd,"2026-09-13 10:04:10",470.1,2,l0k1xd
7053,16732513,Taogege,"2026-09-08 08:02:16",470.0,2,"liyiyiyi6,taogege520"
7054,16659520,"Play Code","2026-08-05 14:28:00",470.0,2,codenya
7055,16696716,MatiasMG,"2026-09-17 15:52:40",469.9,2,matiasmgonzalez
7056,16649421,Eltormtace,"2026-08-14 04:35:15",469.9,2,eltormtace
7057,16669168,"Kingsley Jide","2026-08-31 21:30:18",469.8,2,kingsleyjide
7058,16908418,Ayush_1319,"2026-09-17 11:59:04",469.7,2,ayush1319
7059,16687959,"Destin Nedjou","2026-08-27 05:45:33",469.6,2,destinnedjou
7060,16716636,"Mahamane Lawaly","2026-08-13 10:22:51",469.6,1,mahamanelawaly
7061,16661233,"Uriel Johnson","2026-08-05 08:45:24",469.6,2,urieljohnson
7062,16661287,"Jacob Hanlon","2026-08-11 13:59:58",469.4,2,jacobhanlon
7063,16776824,"Manuel Santiago Atencio","2026-09-09 21:24:06",469.2,2,manuelsatencio
7064,16677524,"Phúc Phạm","2026-08-07 20:16:24",469.0,2,phucpham77
7065,16743015,"Sword's Frost","2026-09-04 00:53:30",468.9,2,alexwilliam7
7066,16730870,"Jiang Ryan","2026-09-03 03:37:12",468.6,2,jiangryan
7067,16688296,"Michael Pollind","2026-08-28 13:30:32",468.5,2,mpollind
7068,16715456,"wilson LUNG","2026-08-17 23:54:10",468.4,2,wilsonlung
7069,16811454,"Zakaria Taouil","2026-09-07 16:11:13",468.4,2,ztaouil
7070,16693795,kurt,"2026-08-30 15:22:47",468.4,2,syarht
7071,16768578,"Patrick Lzz","2026-08-25 02:56:30",468.3,2,patricklzz
7072,16765310,"Aria Muse","2026-09-04 06:00:22",468.0,2,ariamuse
7073,16625434,"Chirapathleo Saelim","2026-09-08 08:40:06",468.0,2,chirapathleosaelim
7074,16627313,"Zafer Liu","2026-08-03 05:13:39",467.9,2,zaferliu
7075,16786101,Cai0Emanuel,"2026-08-29 01:11:51",467.9,1,cai0emanuel
7076,16838981,"Adil Shamim","2026-09-09 13:55:52",467.8,2,adilshamim8
7077,16654312,Xmeeeee,"2026-08-05 00:11:29",467.6,2,xmeeeee
7078,16778886,"Sandeep Das","2026-08-31 09:48:37",467.6,2,sandypos
7079,16797029,phospholipid,"2026-09-16 05:06:13",467.4,2,phospholipid0614
7080,16663267,"Sravya Isukapatla","2026-08-11 10:14:54",467.4,2,sravyaisukapatla
7081,16794499,smileMAN13912339850,"2026-09-07 10:01:07",467.3,2,smileman13912339850
7082,16656568,"FARIATHTHEEN F","2026-08-04 11:44:49",467.3,2,fariaththeenf
7083,16661628,PradipBanerjee,"2026-08-05 21:03:11",467.1,2,pradipbanerjee
7084,16696703,Farmer,"2026-09-18 06:02:48",467.0,2,alekseic
7085,16645936,"Abhy Rejikumar","2026-08-22 19:26:23",466.7,1,abhyrejikumar
7086,16757806,Richardwe,"2026-09-08 08:43:12",466.6,1,richardwe
7087,16882682,"BALQEES GHWANMEH","2026-09-16 20:39:36",466.6,2,balqeesghwanmeh
7088,16802580,WarlockCode,"2026-09-03 14:07:58",466.3,2,maktub83
7089,16871722,agenlu,"2026-09-18 10:17:51",466.0,2,agenlu
7090,16714488,"HusseinNadem Nadem","2026-08-26 01:53:13",465.9,2,husseinnademnadem
7091,16725757,AchyutKishore123,"2026-09-17 09:23:50",465.8,2,achyutkishore123
7092,16623198,"Chris D'Mello (ineligible)","2026-07-31 17:32:46",465.7,1,cdmello
7093,16725957,"Ayman Tarig Mohammedosman Elgadi","2026-08-24 02:57:16",465.4,2,aymantarig17
7094,16621367,Numari,"2026-07-31 16:30:01",465.3,2,numaritaisei
7095,16677166,Spectrobot,"2026-08-08 11:11:46",465.2,2,spectrobot
7096,16661105,"Vignesh Murugan","2026-08-04 19:57:46",465.2,2,vigneshv1cky
7097,16734096,"Cem Ali Görmez","2026-09-06 10:48:37",464.9,2,cemaligrmez
7098,16635406,ykuroka,"2026-09-12 19:59:56",464.9,2,ykuroka
7099,16696271,"Neeta Sanjay Gajabi","2026-08-09 14:48:42",464.7,2,neeta2574
7100,16903680,"marwan na","2026-09-17 12:55:40",464.5,2,marwanna
7101,16708348,"Edilaine Arceno","2026-09-11 02:43:41",464.4,2,edilainearceno
7102,16728549,Karatelb,"2026-08-16 17:45:59",464.3,2,karatelb
7103,16721940,DarkLayer,"2026-08-22 02:07:13",464.2,2,nnpaopao
7104,16847224,Kfarmer,"2026-09-18 05:29:43",464.1,2,"cwy0904,jasonchao89,jaspersooks,makomek,peiyingtok"
7105,16920069,"arar tawil","2026-09-18 10:19:18",464.1,1,araraltawil
7106,16841679,Chafuuu,"2026-09-09 16:26:02",464.1,2,chafuuu
7107,16686093,"Muhammad Usman Butt","2026-08-07 22:00:04",463.8,2,debugdemon
7108,16646318,"I wanna Die","2026-09-06 16:25:14",463.8,2,chrisopherjoshy
7109,16671033,"Alexandr Shustikov","2026-09-17 22:35:17",463.8,2,alexandrshustikov
7110,16728414,"Pedro Caycho","2026-08-16 12:40:26",463.7,1,pjcc1123
7111,16709512,Rustamdurdyyev,"2026-08-31 19:59:56",463.6,2,rustamdurdyyev
7112,16793145,KarlNUrban,"2026-09-05 12:19:50",463.5,2,karlnurban
7113,16652661,"Petru-Mihai Craciun","2026-08-05 14:55:07",463.5,2,petrumihaicraciun
7114,16662690,"Pablo Gomez Perez","2026-09-04 16:45:32",463.5,2,pablogp
7115,16657093,"sixer srinath","2026-08-26 10:48:12",463.4,2,srinath2495
7116,16675000,"Carl Bell","2026-09-16 20:55:33",463.4,2,allegedcarlbell
7117,16728845,"Mohamed Kaleel","2026-08-22 16:12:58",463.2,2,mdkaleel
7118,16625149,Rubylicious,"2026-07-31 07:53:00",463.1,2,labibahalya
7119,16654458,"Likith Narakala","2026-09-10 20:27:03",463.0,2,likith17052004
7120,16660455,"Alex Kapend","2026-08-05 08:42:26",463.0,2,alexkapend
7121,16917703,"Tommy Mac Bird","2026-09-18 02:14:59",463.0,1,tommymacbird
7122,16676327,shu10038,"2026-09-14 12:07:16",463.0,2,shu10038
7123,16692618,"Ali Zakaee","2026-08-09 10:13:02",462.8,1,itheequalizer
7124,16711918,"Pavel Filin","2026-08-13 05:23:28",462.2,2,pavelfilin
7125,16661360,"Jasper Jiss","2026-08-13 18:45:37",462.1,2,jasperjiss
7126,16662790,"Derek Earnhart","2026-08-04 18:04:01",462.1,1,derekearnhart
7127,16855836,"Srinivasan Raghavan","2026-09-08 18:07:38",462.0,1,srinivasan1812
7128,16872182,yxxchh,"2026-09-11 13:18:38",461.7,1,yxxchh
7129,16728933,dOvOb,"2026-09-08 14:51:10",461.5,2,waytosleep
7130,16892976,"Tony He","2026-09-16 19:21:18",461.5,2,tonyyang0504
7131,16757366,"Sean Connolly","2026-09-05 04:10:21",461.5,2,seanconnolly
7132,16856112,"Thomas White","2026-09-08 19:39:13",461.3,1,leopardguy
7133,16667601,"Audrius Molis","2026-08-27 19:30:39",461.3,2,vienas
7134,16852845,quantumgeek,"2026-09-12 06:54:58",460.8,2,yk1598
7135,16666924,esis_ai,"2026-09-16 15:26:26",460.6,2,alexesn
7136,16661154,"gronky goobers","2026-08-15 14:39:05",460.5,2,"viktoriusontop,yoshisurjuise"
7137,16664044,IntentionalSayshara,"2026-09-05 14:45:02",460.3,2,jaelle
7138,16644765,MoeCode,"2026-09-12 16:46:28",460.3,2,syrianeagle
7139,16858543,"Fakhar Mustafa","2026-09-10 05:07:39",460.2,2,fakhar90
7140,16638967,"Jenny Luo","2026-08-01 23:55:07",460.2,2,"jennyluo96,kyeoh92"
7141,16892644,ElKnilcho,"2026-09-14 19:01:37",460.1,2,elknilcho
7142,16681655,"Tae seong Gim","2026-08-14 14:14:10",460.1,2,taeseonggim
7143,16665966,aj000,"2026-09-11 09:21:27",460.1,2,anishjagdaleaj
7144,16796273,"Kiplangat Vincent","2026-09-14 11:08:50",460.1,2,balvins
7145,16687602,"jithin manoj","2026-08-12 13:00:23",460.0,2,jithingmanoj
7146,16791617,"Neil Li","2026-08-30 00:10:32",460.0,1,neilliroub
7147,16716002,"Preethi Gnanaprakasam","2026-08-14 09:10:46",459.7,2,preethignanaprakasam
7148,16704597,"Wallace Switzer","2026-08-12 01:09:49",459.6,2,wallaceswitzer
7149,16669117,"Shrikant Lambe","2026-08-10 23:31:50",459.6,2,shrikantlambe
7150,16786264,"THISHA S","2026-09-06 06:53:09",459.5,2,thishas
7151,16915747,xiao,"2026-09-17 17:03:40",459.5,2,xiao789
7152,16658521,"Vishal Dhariwal","2026-08-08 11:43:36",459.4,2,user412
7153,16663871,"Iyed Djebbi","2026-08-07 09:25:07",458.9,2,iyeddjebbi
7154,16664327,"Maged Hegazy","2026-08-06 13:13:28",458.8,2,magedhegazy
7155,16752081,"Ahmad Dehaini","2026-08-30 06:04:54",458.8,2,ahmaddehaini
7156,16654974,"ACd Rooy","2026-08-11 06:35:28",458.7,2,acdrooy
7157,16698141,Zippo,"2026-08-16 05:44:18",458.6,2,gagemerrick
7158,16628268,toxic_2499,"2026-09-14 13:39:02",458.3,2,toxic2499
7159,16719460,"Amon #2","2026-08-15 12:40:41",458.2,2,ezjameng
7160,16676497,"Non-veg plants","2026-08-07 09:54:00",458.1,2,mohammadshadabshaikh
7161,16853895,sailohith07,"2026-09-08 10:49:11",458.0,2,sailohith07
7162,16682906,Masiki,"2026-09-05 13:55:54",458.0,2,blackseed
7163,16804902,"aitahmed amina","2026-09-08 16:15:15",458.0,2,aitahmedamina
7164,16840624,Deepakexplores,"2026-09-11 17:51:43",458.0,2,deepakexplores
7165,16663258,sawe,"2026-09-16 09:10:13",457.8,2,boiihhh
7166,16823197,Cowabunga,"2026-09-18 05:56:32",457.8,2,ameripreye
7167,16657312,"baolood herid","2026-08-06 13:13:48",457.8,2,baoloodherid
7168,16661539,"Ilia Mironov","2026-08-09 13:51:47",457.7,1,millcool
7169,16676482,GitLyf,"2026-08-16 12:47:59",457.7,2,"jaideva30,rohithkrishnaak"
7170,16657201,ShayML,"2026-08-08 09:02:05",457.3,2,shayml
7171,16700596,"Markel Iru","2026-08-13 15:52:53",457.2,2,markeliru
7172,16844010,"Nori Miya","2026-09-06 15:17:38",457.2,2,norimiya
7173,16838619,HeroGod,"2026-09-05 12:25:27",457.1,2,herogod
7174,16660330,wangyikai,"2026-08-09 07:59:45",456.6,2,wangyik
7175,16679872,"Kirby Won","2026-08-19 16:47:21",456.5,2,kirbywon
7176,16723490,"Panashe Arthur Mhonde","2026-08-22 11:41:19",456.4,2,panashearthurmhonde
7177,16640965,jidaoluckey,"2026-08-08 07:10:45",456.3,2,jidaoluckey
7178,16683390,Christopher34,"2026-08-08 00:20:59",456.2,2,christopher34
7179,16639764,CortexExplorer,"2026-09-17 21:32:32",456.1,2,cortexexplorer
7180,16651939,"Yogesh Jadhav","2026-09-17 06:54:06",456.1,2,dynamo14324
7181,16755159,"Kay Gijzen","2026-08-23 11:51:31",456.1,2,kaygijzen
7182,16668095,Menna_Allah_Samy12,"2026-08-15 15:04:56",456.1,2,mennaallahsamy12
7183,16739711,SBC,"2026-08-20 10:16:10",456.0,2,"anusasaha2406,harshkumar3014,rahulmaity"
7184,16729996,"Michael Roust","2026-08-18 16:09:56",456.0,2,michaelroust
7185,16664558,"Praneeth Annapureddy","2026-08-05 04:52:45",455.9,2,praneethannapureddy
7186,16668185,"Swayam Chavan","2026-08-09 01:12:23",455.9,2,swamboy
7187,16706790,"Stas Chereshkevich","2026-08-19 12:23:33",455.9,2,staschereshkevich
7188,16660420,tipofyzik,"2026-09-05 14:34:30",455.8,2,tipofyzik
7189,16655820,"Cory Tortorici","2026-08-08 15:20:42",455.7,2,corytortorici
7190,16623271,"William Morley","2026-07-31 10:09:16",455.5,2,williamkmorley
7191,16623712,Dapp,"2026-08-03 23:09:19",455.4,2,lgloria
7192,16916293,Hun731r,"2026-09-17 20:49:12",455.3,2,hun731rkooki
7193,16662896,"Adrian Dubois","2026-09-12 22:49:02",455.3,2,adriandubois
7194,16655415,"Ivan Jarp","2026-08-29 17:07:03",455.3,2,ivanjarp
7195,16664506,"Jonatan Asketorp","2026-08-23 02:57:42",455.3,2,weft169aston
7196,16675631,"Aswini Gowda","2026-08-10 05:37:33",455.1,2,aswinigowda
7197,16694330,"Jack Way","2026-08-10 11:48:42",455.0,2,jackway05
7198,16655783,KonaKonaz,"2026-08-04 09:36:57",454.8,2,konakonaz
7199,16640516,"Alfandi Hassan","2026-08-08 03:41:33",454.8,2,alfandihassan
7200,16809168,"Shaun the Sheep ","2026-09-18 09:30:59",454.5,2,badlandsram
7201,16784731,Alfred,"2026-09-06 13:27:19",454.4,2,holleyalfred
7202,16718517,"Jessica Yin","2026-08-17 00:10:31",454.0,2,jeqyin
7203,16621572,"Abdulazeez AbdulMumeen","2026-08-05 10:59:27",453.8,2,ayobeen
7204,16658051,SethuMadhavan004,"2026-08-09 09:38:27",453.4,2,sethumadhavan004
7205,16786351,"Pradeep P","2026-09-14 16:39:50",453.4,2,pradeeppuranam
7206,16719521,xarquin,"2026-08-25 03:16:23",453.3,2,xarquin
7207,16795877,"Marco Polo","2026-09-16 00:02:55",453.3,2,zhesong1
7208,16638953,"Joe Young","2026-08-03 19:23:13",453.3,2,jsphyg
7209,16735206,"Shiyal Kishan","2026-08-20 04:01:28",453.2,2,shiyalkishan01
7210,16675340,"SHAURYA SHARMA","2026-09-03 00:57:48",453.1,2,shauryas555
7211,16674266,HamYad,"2026-08-06 18:19:46",453.0,2,hamyadlab
7212,16695521,"Chen Ken","2026-09-07 16:32:18",453.0,2,nutastray
7213,16668267,Saran,"2026-08-27 14:18:05",452.9,2,saran2
7214,16661786,Nagaraju,"2026-08-10 01:53:04",452.8,2,orugantn
7215,16890511,"Alex Solonsky","2026-09-14 08:57:30",452.7,1,alexsolonsky
7216,16880393,flower_s,"2026-09-14 15:37:50",452.6,2,flower244140625
7217,16692128,gibocx,"2026-08-10 18:10:34",452.6,2,gibocx
7218,16693522,shadycoderalltime,"2026-08-22 14:00:16",452.3,2,shadycoderalltime
7219,16773264,LA28,"2026-09-03 19:44:02",452.3,2,saisreelasyaappali
7220,16876642,Gruberx,"2026-09-14 07:24:35",452.2,2,gruberx
7221,16883962,"Ilakk manoharan","2026-09-18 07:17:26",452.1,2,ilakkmanoharan
7222,16701367,CryptoQuant1992,"2026-08-11 13:04:12",452.1,2,cryptoquant1992
7223,16708409,toshiconner,"2026-08-12 06:30:06",452.0,2,toshiconner
7224,16785010,"Victor Wangles","2026-08-28 16:01:17",451.9,1,victorwangles
7225,16815817,haiy_qq,"2026-09-04 01:41:26",451.9,2,haiyqq
7226,16664352,"Shreyash Asati","2026-08-06 10:40:56",451.6,1,shreyashasati
7227,16654394,sserges,"2026-08-08 20:46:14",451.6,2,sserges
7228,16697396,"Collective Win","2026-08-18 05:10:12",451.4,2,collectivewin
7229,16729086,samanyu,"2026-08-23 10:13:11",451.3,2,samanyu1808
7230,16729214,kisamaki0815,"2026-08-28 01:21:57",451.3,2,kisamaki0815
7231,16729522,all-coder,"2026-08-16 17:55:08",451.3,2,allcoder
7232,16859368,"Emmanuel King Christopher","2026-09-09 23:31:24",451.2,1,emmanuelkingchris
7233,16662167,"Tara Singh Kharwad","2026-08-05 17:13:10",451.1,2,tarasi7261
7234,16660990,"Bunny Tang","2026-09-10 14:33:23",450.6,2,tanghung64
7235,16707951,K_ChanHo,"2026-09-17 11:40:29",450.5,2,kchanho
7236,16698287,"Ethan J. Schauder","2026-08-12 18:21:50",449.9,2,ethanjschauder
7237,16656989,Crunchex,"2026-08-29 10:52:11",449.8,2,"asmo04,chinmaysoni48,codencry"
7238,16676205,"Alhassan Fedawy","2026-08-14 17:15:07",449.8,2,alhassanfedawy
7239,16879532,kiwamizamurai,"2026-09-14 20:27:53",449.6,2,kiwamizamurai
7240,16773032,fecrescencio22,"2026-09-02 21:07:10",449.5,2,fecrescencio22
7241,16690793,"MOHAMMAD ALRASHED","2026-08-08 18:33:34",449.4,2,mohammadalrashed
7242,16668810,ZZZZGOD,"2026-08-07 19:11:09",449.2,2,zzzzgod
7243,16665647,hr15de,"2026-08-28 10:00:50",449.0,2,hr15de
7244,16663594,"NGU BLACK SANTA","2026-08-05 15:23:10",448.9,2,ngublacksanta
7245,16705510,"Palak Choudhary","2026-08-11 07:12:44",448.8,2,palak2564
7246,16640814,"Kritika Adhikari","2026-08-07 09:25:26",448.4,2,kritikaadhikari
7247,16735934,"Uday Kiran003","2026-08-18 06:23:18",448.3,1,udaykiran003
7248,16795330,"Alejandro Villacampa","2026-09-02 17:32:11",448.3,2,avillacampa
7249,16885124,"LABHESH YAWALKAR","2026-09-13 07:45:34",448.2,1,labheshyawalkar
7250,16637342,SupremeWarrior108,"2026-09-17 13:52:59",448.2,2,supremewarrior108
7251,16747670,"Luis Molina","2026-08-26 07:40:36",448.1,2,micuentadecasa
7252,16890098,"Binief Ta","2026-09-14 14:08:36",448.0,2,biniefta
7253,16660531,greySnow,"2026-09-10 23:39:09",448.0,2,shlomoron
7254,16731790,"A random farmer","2026-08-18 02:19:53",447.9,1,hinatatokuda
7255,16684031,"Phillip Kamundia","2026-08-14 20:35:15",447.9,2,phillipkamundia
7256,16641501,Sonal,"2026-08-08 22:07:46",447.9,2,sonalm13
7257,16633097,"Matheus Bonjour Laviola da Silva","2026-08-02 11:08:21",447.8,2,matheusbonjour
7258,16838460,"Yash Vardhan","2026-09-08 07:39:50",447.6,2,poruskapil1
7259,16706184,"Lingaraju Saikumar","2026-08-16 11:51:34",447.3,2,lingarajusaikumar
7260,16845679,"Wenhai Tang (raisin)","2026-09-07 03:33:14",447.3,1,wenhaitangraisin
7261,16666878,aaronykchen,"2026-08-17 15:06:13",447.3,2,aaronyukuchen
7262,16677047,LINOXYR,"2026-08-15 13:13:58",447.2,2,linoxyr
7263,16660484,"Waiswa Geoffrey","2026-08-31 08:29:58",447.1,2,waiswageoffrey
7264,16785932,"Thomas Yi","2026-09-04 00:33:06",446.9,2,tyyslashd
7265,16683761,"Chiefmen749 Aris","2026-08-10 07:42:42",446.8,2,saysplayz
7266,16624414,"Chaitanya Jamble","2026-07-31 05:42:10",446.7,1,chaitanyajamble
7267,16664004,"Me, Myself, and I","2026-08-11 03:57:46",446.3,2,notlunarxd
7268,16717051,"Chirag Hosdurga","2026-08-13 13:38:41",446.2,2,chiraghosdurga
7269,16734601,sweetlesson,"2026-08-18 00:40:55",446.2,2,sweetlesson
7270,16696939,"Keaton Zang","2026-08-10 21:24:20",445.8,1,keatonzang
7271,16653429,mktdev,"2026-08-10 12:19:54",445.7,2,mktdev
7272,16692782,"Andres Regino","2026-08-23 20:26:03",445.6,2,andresregino
7273,16706843,"yh z","2026-08-11 09:32:56",445.6,1,yhz123456
7274,16759239,SunYaoXi,"2026-08-27 09:32:42",445.3,2,sunyaoxi
7275,16792630,Vipluv1,"2026-09-04 20:32:56",445.1,2,vipluv1
7276,16699633,Nafmo,"2026-08-11 17:10:53",445.1,2,nafmo2
7277,16659414,TTGP_TEAM,"2026-08-06 15:33:09",445.0,2,phttrntrnggia
7278,16728821,"Alen Maria Nirmal","2026-08-17 21:51:03",444.9,1,alenmarianirmal
7279,16916104,"Dayi Zhang","2026-09-18 07:03:06",444.6,2,dayizhang
7280,16726285,Dhananjay,"2026-08-15 18:48:20",444.5,2,dhananjaylakkawar
7281,16885346,"Michael Handal","2026-09-13 16:23:03",444.4,1,michaelhandal
7282,16870864,"Overfitting Is All You Need","2026-09-18 09:25:23",444.0,2,ryylll
7283,16658520,drownedsnake,"2026-08-05 01:03:22",443.9,2,makerplay
7284,16691704,"Rahman Aliyev","2026-09-10 17:59:57",443.8,2,rahman4li
7285,16675215,"Viljen Apalset Vassbø","2026-08-06 22:24:44",443.8,2,viljenapalsetvassb
7286,16621402,Maxim,"2026-08-13 07:01:03",443.5,2,ektarr
7287,16891504,"Taha N Kaya","2026-09-14 14:03:21",443.5,1,tahankaya
7288,16722819,Anna,"2026-08-21 15:01:26",443.5,2,annatmp
7289,16707437,"Ivan Plekhanov","2026-08-11 12:03:11",443.4,1,nnob0dy
7290,16669945,"Turab Zaidi","2026-08-07 13:27:44",443.4,2,turabzaidi
7291,16634060,"Chí Thành Đỗ","2026-08-02 05:11:58",443.2,2,chithanhdeptrai
7292,16698029,"Meet Vachhani","2026-08-10 18:34:55",443.1,2,meetvachhani7
7293,16765863,MADUPU.SRINIDHI,"2026-09-05 10:31:08",443.0,2,madupusrinidhi
7294,16724556,"Yixiang Wu","2026-08-28 03:34:55",442.8,1,yixiang964
7295,16721877,SuzukiTakumi,"2026-09-18 06:45:57",442.8,1,suzukitakumi
7296,16725065,"Maxim Smirnov","2026-08-15 13:21:05",442.7,2,smirnoffmg
7297,16715033,"Colton Byers","2026-08-17 10:41:50",442.7,2,coltonbyers
7298,16807636,"Liu Panfeng","2026-09-05 00:30:20",442.6,2,liupanfeng
7299,16666066,Khush3e,"2026-09-16 23:20:51",442.5,2,khush3e
7300,16660343,"Mert Olgun899","2026-08-05 13:05:07",442.4,2,mertolgun899
7301,16675043,malibu_orange,"2026-09-05 13:27:13",442.3,2,malibuorange
7302,16857747,shaoxw,"2026-09-15 08:33:39",442.2,2,shaoxw
7303,16728345,ron,"2026-09-13 00:49:44",441.9,2,romart
7304,16701064,KMishra011,"2026-08-20 20:30:34",441.6,2,kmishra011
7305,16804231,illegalplumbing,"2026-09-16 02:55:22",441.5,2,illegalplumbing
7306,16660923,naganikshith,"2026-08-06 08:01:09",441.4,2,naganikshith
7307,16820596,Karina,"2026-09-16 11:36:45",441.3,1,karinajoey
7308,16721942,"Daniel Rodriguez Bothe","2026-08-18 16:57:00",441.2,2,danielrodriguezbothe
7309,16665152,"Ahmed Karim","2026-08-17 11:32:15",441.2,2,versusic
7310,16662095,"Buzz shocker","2026-09-13 20:28:48",441.1,2,buzzshocker
7311,16640888,"Dhe Yeong","2026-09-17 14:35:31",441.0,2,dheyeong
7312,16668368,"Waleed Hasan","2026-08-12 01:42:22",441.0,2,whasan
7313,16632855,Shreyash_Automation,"2026-08-21 00:06:49",440.9,2,shreyashautomation
7314,16660317,esgranja,"2026-08-04 18:58:48",440.8,1,esgranja
7315,16660697,"Dannis Wong11","2026-09-09 10:07:46",440.7,2,danniswong11
7316,16656156,"Kshitij aucharmal","2026-08-06 04:35:27",440.7,2,narutoaucharmal
7317,16661014,manu,"2026-08-16 04:45:12",440.7,2,manupandit
7318,16669434,"Saugat Kannojia","2026-08-07 11:45:47",440.7,2,saugatkannojia
7319,16907577,"Дмитрий Витальевич","2026-09-17 07:59:28",440.3,2,mtkrqt
7320,16659080,VENKY,"2026-08-07 17:22:03",439.8,2,venkateshthatha
7321,16713061,Yuk!,"2026-08-16 10:59:12",439.7,2,mitsuyukiokamura
7322,16662133,"Ding Lifeng","2026-08-29 08:20:49",439.7,2,dinglifeng
7323,16691761,"Evie Barker","2026-08-15 13:40:05",439.5,2,eviebarker
7324,16661751,"Shailaja J","2026-08-12 14:51:15",439.5,1,shailajaj
7325,16726765,"Ali Al-Killidar","2026-08-16 09:47:37",439.4,1,alialkillidar
7326,16658678,"Manav Aghera","2026-09-06 18:16:28",439.1,2,manavaghera
7327,16670090,"Gianpaolo Nettis","2026-08-24 08:42:07",439.0,2,rakes7
7328,16865650,Azhi,"2026-09-10 09:02:01",438.9,1,azh1sdad
7329,16694497,Kawai,"2026-08-23 18:33:10",438.8,2,"lavendermoon19,sumitwod"
7330,16827781,c1626343198,"2026-09-04 14:50:37",438.8,2,c1626343198
7331,16776777,cerceanit,"2026-08-29 14:51:48",438.7,1,uaisamangeldi
7332,16726882,"Albert Yu","2026-08-17 00:01:53",438.7,2,yukinying
7333,16897148,"Ikrame Ibn Hayoun","2026-09-15 14:26:06",438.2,2,ikrameibnhayoun
7334,16853371,JIAWEILI0001,"2026-09-10 05:05:16",437.9,2,jiaweili0001
7335,16661194,"Sandeep Vanapalli","2026-08-04 15:37:06",437.6,2,mrleaf
7336,16751979,"Sasha Sam","2026-08-27 20:02:46",437.5,2,sashasam
7337,16792685,李明,"2026-08-31 00:46:42",437.5,2,liming2026good
7338,16848309,"Angela Wu","2026-09-09 03:56:03",437.4,1,angelawurx
7339,16689256,"Pavan Pusapati","2026-09-17 11:26:52",437.4,1,pavanpusapati
7340,16774592,"Oliad Dandana","2026-08-27 09:28:20",437.4,2,olidan
7341,16768174,lambdap,"2026-09-06 13:25:29",437.4,2,lambdap
7342,16742009,"Mutyam kavyanjali","2026-08-19 10:25:06",437.4,1,mutyamkavyanjali
7343,16723614,"James Atteh","2026-09-12 06:28:17",437.3,2,jamesatteh
7344,16714240,"The Shovel","2026-08-26 03:21:18",437.2,2,"astapasta0,qotqat"
7345,16750435,"Oleksandr Zalievskyi","2026-08-23 18:34:59",437.2,2,sashaworker
7346,16641513,"Sameer Chakravedi","2026-08-15 16:06:11",437.2,2,sameerchakravedi
7347,16683316,moonriver0922,"2026-08-11 07:04:11",437.0,2,moonriver0922
7348,16735177,shilpa.rpns,"2026-08-22 04:57:10",437.0,2,shilparpns
7349,16662079,"Farrukh Hussain","2026-09-08 11:36:07",436.8,2,farrukhhussai
7350,16667759,"Nafis Fuad Shahid","2026-08-05 19:21:39",436.8,2,nafisfuadshahidd
7351,16668688,"Nezihe Sözen","2026-09-18 09:24:29",436.7,2,nezihesozen
7352,16805621,"DIVYANSH KUMAR SINGH CHAUHAN","2026-09-02 04:04:53",436.6,2,capdiv
7353,16888455,Erin,"2026-09-14 02:55:17",436.6,2,eringobyte
7354,16692373,"Ornevis Montero","2026-08-20 01:59:43",436.5,2,ornevisbolaosmontero
7355,16759765,"Ososanwo Idris Olaitan","2026-09-11 18:38:06",436.4,2,ososanwoidrisolaitan
7356,16676397,Rohan_Joshi6404,"2026-08-13 13:58:56",436.2,2,rohanjoshi6404
7357,16728394,"Aisultan Davletkan","2026-08-16 13:01:38",436.2,1,aisdav
7358,16796102,yiliang,"2026-08-31 12:55:20",436.1,2,yilianglv
7359,16623503,"D Mohith","2026-08-01 01:06:22",435.9,2,dmohith
7360,16726441,Enrique.rfm,"2026-09-14 16:40:46",435.8,2,enriquerfm
7361,16777612,"zebra G","2026-08-27 15:46:59",435.7,1,zebrag
7362,16907268,"Ilya Fedorov","2026-09-17 21:49:00",435.6,2,sorrow321
7363,16671773,"Sawyer Lundberg","2026-08-07 03:33:23",435.5,2,sawyerlundberg
7364,16723411,CaZen,"2026-08-15 10:48:16",435.4,2,cathzwah
7365,16715404,"karthik reddy","2026-09-04 01:34:50",435.3,2,karthikreddyp
7366,16640810,まさやん,"2026-08-12 15:22:53",435.2,2,masayam1234
7367,16666132,andres555,"2026-08-28 14:36:21",435.1,2,"andres555,violalin"
7368,16668093,Sai_Dattu,"2026-08-07 07:35:01",435.0,2,saidattu2003
7369,16663259,erush,"2026-09-08 03:16:44",434.9,2,erushia
7370,16657520,"Joel De la Cruz Fuertes","2026-08-12 16:33:48",434.8,2,joeldcf
7371,16659269,"Bedirhan Dinçer","2026-08-10 20:26:46",434.8,2,bedirhandiner
7372,16713557,kaggri-kal-chal,"2026-09-16 18:53:51",434.6,2,"nainikaanish,shrivastavaaryan"
7373,16831179,"Andrey Baranov","2026-09-10 15:10:38",434.5,2,baranov
7374,16738351,"Haidar Faruqi","2026-08-25 05:00:00",434.4,2,haidarfaruqi
7375,16744018,"ZK Adam","2026-08-27 17:40:04",434.4,2,zkadam
7376,16696993,healer2408,"2026-08-15 07:10:57",434.4,2,healer2408
7377,16656951,"[Deleted] 6015b650-8e16-4705-8036-db40bdd2d353","2026-08-04 09:08:05",434.4,1,del=084ea76838ad756b
7378,16623631,SeaEag1e,"2026-07-31 06:26:17",434.2,1,seaeag1e
7379,16668241,"Shreyansh Kanotra","2026-08-08 19:56:15",433.9,2,shreyanshkanotra
7380,16750931,"Antonio Rotundo","2026-08-27 12:52:58",433.9,2,antoniorotundo2
7381,16735012,"Shuvam Swapnil Dash","2026-08-28 19:56:48",433.9,2,"shashwatmandal,shuvamswapnildash"
7382,16662589,"Arunagirinadan Sudharshan","2026-09-06 07:07:50",433.8,2,sudhanaruna
7383,16657712,"samuel job Adeola ","2026-09-04 23:18:57",433.8,2,samueljobadeola
7384,16632841,AGG,"2026-09-05 18:33:20",433.8,2,aleixgim
7385,16702200,"ANGAD JANGIR","2026-08-11 02:01:38",433.7,2,angadjangir
7386,16721530,revv0o,"2026-08-15 13:58:34",433.2,2,revv0o
7387,16702935,"Defne Demir","2026-08-11 18:27:36",433.1,2,defnedemir
7388,16729155,WangZihao5649,"2026-08-24 02:32:08",433.1,2,wangzihao5649
7389,16693255,"Carlos Hideo Yamaguchi","2026-08-10 00:59:12",432.9,2,carloshy
7390,16775069,JWlKIM,"2026-08-26 23:22:43",432.7,2,jwlkim
7391,16759916,"Jeevith G","2026-08-23 06:58:50",432.6,2,jeevithg090
7392,16736432,"Sarthak #2","2026-08-18 12:33:53",432.6,2,srthkdixit
7393,16802750,"[Deleted] fafa60dd-8026-43cc-b656-34ca4625ef7d","2026-09-01 12:22:13",432.6,1,del=e2a734cecd171934
7394,16649339,"华东 朱","2026-09-17 23:34:00",432.5,2,mgdbzny
7395,16666447,"Shuaib ayad Jasim Jasim","2026-08-06 20:51:47",432.5,2,shuaibayadjasimjasim
7396,16743032,"Sabarishvar S S","2026-09-03 17:49:08",432.4,1,sabarishvarss
7397,16623528,"Faijur Rahaman","2026-08-20 09:40:07",432.4,2,faijurrahaman
7398,16665228,Jason_Qian,"2026-08-05 16:00:43",432.3,2,jasonqia
7399,16906032,Volkan,"2026-09-18 10:12:05",432.1,1,volkan97
7400,16825489,"Monishwar S","2026-09-06 17:28:12",432.0,1,monishwar2718
7401,16862542,"Mitchell Luciana","2026-09-15 03:06:15",431.8,2,mitchellluciana
7402,16723779,Matheubern,"2026-09-07 02:24:32",431.8,2,matheubern
7403,16651157,StupidXie,"2026-09-17 00:02:01",431.7,2,stupidxie
7404,16700627,"Benedict Ebito Boyubie","2026-08-10 11:03:38",431.5,1,bboyubie
7405,16914972,cdwswb,"2026-09-18 10:39:19",431.4,2,cdwswb
7406,16732041,"Vallapu Nandini","2026-08-17 10:22:47",431.4,1,nandinivallapu
7407,16713723,"Jyot Buch","2026-08-12 23:09:41",431.3,2,jyotbuch
7408,16658500,"abhinav rai1","2026-08-18 17:24:56",431.2,1,abhinavrai1
7409,16673009,CruelShow,"2026-09-13 10:36:40",430.8,2,cruelshow
7410,16763523,"Nam Khánh Lê","2026-09-02 06:28:44",430.6,2,"khanhss,khimbodoi"
7411,16634016,"Adrien Thomas","2026-09-13 16:40:18",430.2,2,adrienthomas
7412,16662726,"Juan Carlos González Aguilar","2026-08-14 19:54:48",430.1,2,juancg
7413,16760377,"Yuxuan Qian","2026-08-29 23:45:28",429.8,2,yuxuanqian
7414,16798347,"Mr Michael Chung","2026-09-14 19:39:17",429.6,2,mrmichaelchung
7415,16691790,"Akshay Sawant","2026-08-08 19:33:14",429.6,2,akshaysawant8983
7416,16664129,"Mr M 8641","2026-08-06 18:57:45",429.5,2,mrm8641
7417,16655316,Nader,"2026-08-10 14:49:21",429.5,2,naderamin
7418,16658366,kuroneko,"2026-08-04 10:43:29",429.5,2,kurorosuke
7419,16673201,"Sanjay Varma Malladi","2026-09-18 07:00:17",429.5,2,sanjayvarmamalladi
7420,16621518,jaccobian,"2026-08-29 08:11:50",429.4,2,harshraj22
7421,16875479,"Debasish Gorai","2026-09-16 18:41:56",429.2,2,debasishgorai
7422,16669703,AnubhavBhadani142,"2026-08-15 06:32:19",428.8,2,anubhavbhadani142
7423,16660899,"Clarence Trinidad","2026-09-16 18:28:20",428.8,2,claree007
7424,16829367,"quant park","2026-09-15 10:29:07",428.8,2,quantpark
7425,16676256,"Kotaro Nakamura","2026-08-11 22:18:41",428.8,2,kotaroma
7426,16880350,喜欢逢坂大河,"2026-09-16 08:36:54",428.7,2,yhsno69
7427,16656627,"Soykot Podder","2026-08-14 05:39:06",428.6,2,diptopodder
7428,16665040,"Arnav Yashlaha","2026-08-05 05:44:26",428.5,2,arnavyashlaha
7429,16702980,GCSudarshanReddy,"2026-08-15 17:32:06",428.4,2,gcsudarshanreddy
7430,16633984,"Mongkhon Hatit","2026-08-04 11:58:56",428.3,2,mongkolhatit
7431,16664512,oggyiu,"2026-09-01 07:46:10",428.3,1,oggyiu
7432,16888000,Akhilesh,"2026-09-17 19:46:38",428.2,2,akhilkas
7433,16661966,Rocket,"2026-08-29 18:05:35",428.2,2,"aarchie4,nick16541,siddharthdongardive"
7434,16654175,abhiv142,"2026-08-11 13:22:03",427.9,2,abhiv142
7435,16662985,DanTheDataScienceMan,"2026-08-05 17:40:06",427.9,1,danthedatascienceman
7436,16634911,onlytimeknows,"2026-08-22 12:31:11",427.7,2,onlytimeknows
7437,16658202,"SNAEHATH P","2026-08-06 13:51:15",427.6,2,snaehath
7438,16847947,"Phongwit Sri","2026-09-14 04:24:54",427.6,2,phongwitsri
7439,16748500,stimmie,"2026-08-30 16:11:56",427.6,2,stimmie
7440,16686796,"Harinath Reddy A","2026-08-23 21:23:45",427.4,2,harynath
7441,16633786,tuannm3812,"2026-08-28 08:00:42",427.3,2,tuannm3812
7442,16659018,"Ramziddin Toxirov","2026-08-11 04:58:03",426.6,2,ramziddintoxirov
7443,16877297,"Aaryan Gole","2026-09-15 09:37:08",426.5,2,aaryangole
7444,16845067,"Vineet Gupta","2026-09-14 09:08:20",426.2,1,"graceydugar,vineetgupta2023"
7445,16725349,"Saj Patel","2026-08-15 21:55:42",426.1,2,sajpatel15
7446,16793657,Xin_T,"2026-08-30 16:48:11",425.8,1,xint666
7447,16738441,"Moritz Huber","2026-08-30 21:00:10",425.5,2,moritzhuber
7448,16664064,lookapmaka,"2026-08-10 17:19:05",425.4,2,lookapmaka
7449,16656579,"Riad Rayhan","2026-08-15 06:40:35",425.3,2,riadrayhan
7450,16898204,"MAHESH ISHRAN","2026-09-16 11:17:44",425.3,1,iitm21f1003346
7451,16918460,cotton0025,"2026-09-18 07:21:15",425.3,1,cotton0025
7452,16696959,"Joe Filfli","2026-08-11 10:47:03",425.2,2,joefilfli
7453,16622943,"Erwin Huizenga","2026-09-06 15:04:57",425.2,2,erwinh
7454,16839457,HugoLee_dreamer,"2026-09-14 01:18:31",425.2,2,hugoleedreamer
7455,16656608,"Jeffrey Dilley","2026-08-04 15:40:08",425.1,1,jeffreydilley
7456,16761319,Yuvraj,"2026-08-23 07:29:44",424.9,1,yuvrajkr01
7457,16786328,"DanishGW School","2026-09-02 03:50:19",424.8,2,danishgwschool
7458,16796572,"Phan Van Hieu ","2026-08-31 14:23:03",424.7,2,phnvnh
7459,16717912,"Anu Kumari","2026-08-13 18:03:07",424.6,1,anuk16020
7460,16666873,"linli duan","2026-08-12 15:06:42",424.5,2,linliduan
7461,16659459,"Akandé Philippe ABIODOUN","2026-08-06 11:58:09",424.3,2,vrmelo
7462,16686954,"Davie Mdumuka","2026-08-09 19:40:56",424.2,1,daviemdumuka
7463,16896794,Cidoai,"2026-09-18 08:45:45",424.2,2,cidoai
7464,16811013,"Sara Vahidestakhri","2026-09-03 00:32:07",424.2,1,saravahidestakhri
7465,16685615,Spectra,"2026-08-07 16:14:32",424.1,2,thomaskressig
7466,16758987,"Irtaza Ahmed Khan","2026-09-08 06:38:25",424.0,2,yrrebeere
7467,16655997,tanatet8,"2026-09-05 11:00:05",423.8,2,tanatet8
7468,16700685,"Preeti Dhotmal","2026-08-27 11:25:29",423.8,2,preetidhotmal
7469,16660515,"pooja sandali","2026-08-08 05:51:03",423.7,2,poojasandali
7470,16699436,"Oluwaseun O Adeya","2026-08-23 01:22:24",423.7,2,oluwaseunoadeya
7471,16806568,"Mumtaz Ahmad Maitla","2026-09-15 08:15:34",423.6,2,mumtazahmadmaitla
7472,16854266,もふもふ神,"2026-09-12 16:26:42",423.5,2,mohumohukami
7473,16667615,"Zayd Mulani","2026-08-08 23:05:57",423.3,2,zaydmulani
7474,16675232,"Rafif Ariq Rabbani","2026-08-27 19:37:32",423.3,2,rafifariqrabbani
7475,16655891,"Yukihito Ikoma","2026-08-27 03:55:41",423.2,2,yikoma
7476,16660073,"Mahad Kakooza","2026-09-06 20:30:18",423.0,2,mahadkakooza
7477,16659588,"Priya J","2026-08-14 05:57:46",422.9,2,priyaj21
7478,16701885,"Mehdi L.","2026-08-13 13:41:14",422.7,2,lmehdi
7479,16684776,"D Rithika","2026-08-10 18:36:30",422.6,2,drithika
7480,16630020,"Piotr Gabrys","2026-08-09 16:53:59",422.6,2,piotrekga
7481,16712906,"Sharad Garg","2026-08-13 14:54:43",422.6,2,sharadgarg
7482,16695095,"Jayanth Chowdary","2026-08-22 17:50:39",422.6,2,jayanthchowdary24
7483,16857871,SHP123SHP,"2026-09-10 03:20:57",422.1,2,shp123shp
7484,16728839,Mharfe,"2026-09-06 23:26:08",421.9,2,mharfe
7485,16669170,AsadUsmanFAST,"2026-08-05 22:37:33",421.8,2,asadusmanfast
7486,16887947,"Michael Riedl","2026-09-17 22:49:30",421.7,1,michaelriedl
7487,16695828,rihiRule,"2026-08-11 13:40:24",421.7,2,rihirule
7488,16717420,"Muhammad Yasir Sarwar","2026-08-13 14:40:09",421.7,2,muhammadyasirsarwar
7489,16881479,GG,"2026-09-13 11:27:34",421.6,2,ggroth
7490,16671665,"Kobata Sota","2026-08-06 07:17:03",421.5,1,kobatasota
7491,16630896,OpenBuilder,"2026-08-08 12:09:06",421.3,2,weijunguo
7492,16912864,zhzhang,"2026-09-18 07:55:45",421.2,2,lililizh11
7493,16668522,"Moatez Litaiem","2026-08-06 16:57:54",421.1,2,moatezlitaiem04
7494,16918087,Kenyo8,"2026-09-18 07:19:16",421.0,2,kenyo8
7495,16674278,"Niels de Gier","2026-08-07 15:57:04",420.8,2,nielsdegier
7496,16630662,Akshatjhawar777,"2026-08-05 12:18:30",420.7,2,akshatjhawar777
7497,16728945,"Suryansh Kulshreshtha","2026-09-01 14:39:14",420.7,2,"busyfellow,suryanshkulshreshtha"
7498,16663104,Sohan,"2026-08-23 14:42:40",420.6,2,sohansinghrawat
7499,16656023,JD_Mello,"2026-09-06 01:41:52",420.6,2,jdmello
7500,16783050,"Charles Chen","2026-09-07 06:24:21",420.4,2,charles2580
7501,16768262,"Brayan Miranda G","2026-08-26 19:40:15",420.3,2,brayanmirandag
7502,16705640,"Dongre Laxman","2026-08-12 12:36:29",420.3,2,dongrelaxman
7503,16675462,bkcoban,"2026-08-07 18:22:48",420.3,2,bkcoban
7504,16663976,"wangyang denis","2026-08-12 06:26:08",420.2,2,wangyangdenis
7505,16670475,Adib,"2026-08-06 02:02:27",420.0,2,adibemohamed
7506,16708896,"Alberto Scinetti","2026-08-13 19:18:11",419.8,2,albertoscinetti
7507,16670464,halfpintcider,"2026-09-16 08:50:31",419.8,2,"amoghdeshpande2021,visspric7"
7508,16881853,Sleepyman,"2026-09-15 09:22:24",419.7,2,alishakeri1
7509,16698570,MurphyIIVan,"2026-08-10 03:35:41",419.6,2,murphyiivan
7510,16774921,"conor lowth","2026-08-28 10:46:42",419.3,2,conorlowth
7511,16629201,"GUILLERMO REY PANIAGUA","2026-08-01 16:41:58",419.2,2,guillermoreypaniagua
7512,16796474,"Chaitanya Mundhe ","2026-09-13 12:27:10",419.0,2,chaitanyamundhe
7513,16666479,"Prajwal Nivangune","2026-08-09 18:33:51",418.9,2,prajwalnivangune
7514,16758681,"Sahil suman","2026-08-26 16:26:13",418.8,2,gruntingtorch
7515,16753895,Andrew98,"2026-08-22 13:10:58",418.8,2,vitem98
7516,16624935,"Anjana mohan","2026-08-01 06:06:39",418.8,2,anjanamohan13
7517,16668331,"Maitreya Mohapatra","2026-09-10 20:52:30",418.7,2,maitreyamohapatra
7518,16751796,"Leo Pallorina","2026-08-23 14:06:17",418.4,2,lelelsp
7519,16840668,"Aratrika Ruhal","2026-09-13 23:35:13",418.2,2,aratrikaruhal
7520,16664818,"B M Dimpu Shree","2026-08-21 10:51:22",418.1,2,bmdimpushree
7521,16701713,"Максим Хованский","2026-08-10 14:35:38",417.9,1,yeezynaizi
7522,16691891,"Gagan Thakur","2026-08-16 04:36:51",417.7,2,gaganthakur2006
7523,16772511,"Max Gläser","2026-08-26 23:39:34",417.7,1,maxglser
7524,16716299,Biwaaa67,"2026-08-13 19:57:06",417.7,1,biwaaa67
7525,16659659,"michael J king","2026-09-15 07:11:18",417.6,2,michaeljking
7526,16854332,kotaross,"2026-09-09 15:18:06",417.6,2,kotaross
7527,16632503,"Wei Hsiang Lin111","2026-08-01 07:42:33",417.4,2,weihsianglin111
7528,16726168,"Shrey Modi","2026-08-15 19:42:14",417.4,2,shreymodi2
7529,16778939,"Stepan Antonov","2026-08-27 07:59:30",417.4,1,stepanantonov
7530,16663055,jainish_d24ce180,"2026-08-10 13:54:40",416.7,2,jainishshah35
7531,16850232,"Kharchenko Bogdan","2026-09-09 18:57:16",416.5,2,kharchenkobogdan
7532,16808233,"Yash Hingane","2026-09-04 12:53:43",416.4,2,yashhingane
7533,16689286,"Telman Yusifov","2026-08-09 07:08:46",416.3,2,yusifovtelman
7534,16659939,"Mouafak Dakhlaoui","2026-09-05 13:26:34",416.2,2,sharmoul
7535,16804803,"01000110 01010101 01000011 01001011 00100000 01011001 01001111 01010101 00100001","2026-09-14 16:38:59",416.1,1,f01010101
7536,16706054,"ErrorX Info","2026-08-20 11:30:03",416.1,2,"errorxinfo,shyampatel47"
7537,16689017,"Mounica Challa","2026-09-17 19:39:39",416.1,2,mounicachalla
7538,16716702,"majjati khalid ","2026-08-19 14:12:32",415.7,2,khalidma
7539,16658535,khanna.rohit5,"2026-08-10 05:00:31",415.5,2,khannarohit5
7540,16719679,ZhiruiLuo,"2026-08-25 15:52:57",415.4,1,zhirluo
7541,16631609,dlougen,"2026-08-04 16:40:03",415.3,2,dlougen
7542,16711374,Jascha,"2026-08-13 11:22:30",415.1,2,lippja
7543,16818498,"AARYAN VISHAL","2026-09-07 11:53:23",414.7,2,aaryanvishal
7544,16623054,"Max Bond ABE","2026-08-15 22:43:34",414.7,1,maxbondabe
7545,16726052,"Peter Mugoya","2026-09-17 08:35:32",414.5,2,petermugoya
7546,16790718,"Carlos Alves","2026-09-02 04:29:42",414.3,2,carlosone
7547,16675385,Apex🦾,"2026-08-14 18:00:17",414.2,2,"raghadabdullara,renadahmadalamri,zzainh"
7548,16665470,KanakoS,"2026-08-18 13:13:58",414.1,2,kanakos
7549,16855885,"Shinonome Seiga","2026-09-10 05:10:04",414.0,1,shinonomeseiga
7550,16663804,"Fredy Meyer","2026-08-05 20:19:51",413.9,2,alexmeyerm
7551,16657574,harikrishnacs,"2026-08-04 12:28:53",413.6,2,harikrishnacs
7552,16671911,"Dwi Eflatino","2026-08-16 10:44:17",413.3,2,eflatino
7553,16732395,"Nikita Antonov","2026-08-23 08:33:03",413.2,2,nantonov
7554,16665988,"Ronel maamoc","2026-08-31 09:37:13",413.1,2,ronelmaamoc
7555,16695177,"Ajith Bagali","2026-08-15 12:23:37",412.9,2,ajithbagali
7556,16739939,crescent_star,"2026-09-09 04:42:10",412.8,2,cenzop
7557,16851939,"Naoya Mieno","2026-09-11 06:19:02",412.7,2,naoyamieno
7558,16660287,BhatNasir,"2026-08-04 16:29:18",412.5,2,nasir94
7559,16663286,"Fan Wang","2026-08-10 21:12:40",412.4,2,wangfan420
7560,16654290,"Srinivasa Ranga","2026-09-17 17:40:48",412.3,2,srinivasaranga
7561,16660413,Ritesh-2006,"2026-08-21 10:21:53",412.3,2,ritesh2006
7562,16662646,"Jay Parsana","2026-08-09 18:07:10",412.3,2,jay051
7563,16719296,Mr.TtT_Games,"2026-08-14 04:58:39",412.1,2,mrtttgames
7564,16666944,"Meghnath S","2026-08-11 01:56:22",411.6,2,meghnaths
7565,16918421,"Joseph Kosednar","2026-09-18 06:11:44",411.6,2,josephkosednar
7566,16658498,cheesama,"2026-08-04 23:36:18",411.5,2,cheesama
7567,16908873,KelOliHar,"2026-09-17 00:26:05",411.5,2,kelolihar
7568,16663815,"Tetsuya Sasaki","2026-09-05 00:00:30",411.5,2,sasakitetsuya
7569,16716657,"Jasti Phani","2026-08-19 08:38:00",411.3,1,jastiphani
7570,16681209,AgenticBuilder,"2026-08-13 18:44:29",411.1,2,gau2112
7571,16659720,Project_Kurukshetra,"2026-08-16 05:01:34",411.0,2,"chaitanyaterli05,lavanyayandapalli"
7572,16709337,"Chris Turnbull","2026-08-11 22:15:57",411.0,2,christurnbull
7573,16834632,casua132,"2026-09-05 07:56:17",410.9,1,casua132
7574,16664406,"MURDER GOOSE","2026-08-05 09:45:33",410.9,2,ujjwalar
7575,16690299,"EL GORRIM MOHAMED","2026-09-01 10:59:10",410.8,2,elgorrimmohamed
7576,16657545,"Deepak Singh","2026-08-11 13:50:31",410.8,2,vihaannegi
7577,16681441,"Lamiaa Al-bdrani","2026-08-07 04:25:50",410.8,1,lamiaaalbdrani
7578,16678298,"RITIK CHAUDHRY","2026-08-10 13:34:35",410.6,2,ritikchaudhry13
7579,16639916,BloomBerry,"2026-08-12 12:38:31",410.4,2,kagglepalandata
7580,16693307,"Vlad Gavrilov","2026-08-09 04:00:29",410.4,2,vladgavrilov
7581,16689344,"Shalini Gangrade","2026-08-09 13:17:30",410.3,2,shalinig1
7582,16623582,yunsuxiaozi,"2026-08-01 13:59:57",410.2,2,yunsuxiaozi
7583,16892255,"Jegors Čemisovs","2026-09-14 18:31:10",410.0,1,fortemate
7584,16653998,www1727,"2026-09-15 16:45:05",409.9,2,www1727
7585,16678819,"Digant Kathiriya","2026-08-07 02:07:51",409.9,2,digantkathiriya
7586,16669102,Ritik,"2026-08-07 18:11:13",409.9,2,xritikx
7587,16662089,"Alonso Gallego Pacho","2026-08-27 13:27:36",409.8,2,alonsogallegopacho
7588,16784030,"Pooja Gera","2026-09-02 15:10:47",409.7,2,poojagera00
7589,16906238,Naaz,"2026-09-17 06:33:26",409.7,2,naaz03
7590,16735580,"Dhiya Nachimuthu","2026-08-30 06:13:38",409.2,2,dhiyanachimuthu
7591,16758093,_student,"2026-08-23 22:21:25",409.1,2,drvtalan
7592,16707987,"Big Balls Entertainment","2026-08-12 10:18:24",409.0,2,"pavivin,semenkolesnikov"
7593,16621243,"Jesse Bullard","2026-09-14 16:01:59",408.7,2,jessebullard
7594,16761148,Deku,"2026-08-23 13:36:57",408.4,1,piyushsharma5654
7595,16885604,"Shashank Kalled","2026-09-17 17:05:40",408.3,2,"shashankkalled,tridiv14"
7596,16671913,res67,"2026-08-07 16:22:30",408.1,2,junyeanyap
7597,16864670,"Takahiro Cho","2026-09-10 04:55:10",408.0,1,takahirocho
7598,16796834,"Harsh Gupta #2","2026-09-09 19:20:48",408.0,2,harshgupta0415
7599,16684225,"Aum Savaliya","2026-08-10 20:10:02",407.9,2,aumsavaliya
7600,16656902,"Ram Chandra Gupta","2026-08-05 10:18:41",407.9,2,ramchandra142
7601,16716589,"Shaik Adilazeez","2026-08-13 09:29:44",407.8,1,shaikadilazeez
7602,16685904,KavYaHD,"2026-08-10 13:02:45",407.7,2,kavyahd
7603,16661659,"Ivan Zagorulko","2026-08-05 10:53:13",407.6,2,normaldaki278
7604,16802028,Dong,"2026-09-11 03:53:23",407.6,2,protostar
7605,16709299,"Divyanshu Choudhary","2026-09-04 13:13:32",407.6,2,divyanshuchoudhary25
7606,16712259,geqiulin,"2026-08-13 04:46:11",407.5,2,geqiulin
7607,16690197,"Ankit Kushwaha_06","2026-08-18 08:10:12",407.5,2,ankitkushwaha06
7608,16717679,mureee,"2026-09-10 05:46:33",407.2,2,"hosyan3279,mureee54"
7609,16661453,"Disleve Kanku","2026-08-14 15:32:51",407.1,2,dislevekanku
7610,16749503,ally,"2026-08-23 11:48:49",406.9,2,phamngoclinh
7611,16808705,Danielaijdkx,"2026-09-03 11:29:34",406.7,1,danielaijdkx
7612,16809202,amano,"2026-09-03 13:44:49",406.7,2,amanoshotaro
7613,16757351,SaiVenkatesh,"2026-09-05 10:30:00",406.6,2,nothingnew
7614,16840626,"Christopher Márquez","2026-09-12 22:23:02",406.6,2,christophermrqz1174
7615,16793391,"Muhammad Ussman","2026-09-15 20:17:40",406.6,2,muhammadussman
7616,16624879,indira,"2026-07-31 06:52:02",406.2,2,inansia
7617,16658304,"KETHAVATH Aadarsh","2026-08-05 21:00:45",406.2,2,kethavathaadarsh
7618,16723301,mayukistarry,"2026-08-15 02:20:13",406.2,2,mayukistarry
7619,16644023,"Yiğit Efe Albaş","2026-08-02 18:34:39",405.8,1,yiitefealba
7620,16897491,"Santipab Tongchan","2026-09-15 14:39:58",405.6,1,santipabtongchan
7621,16790615,"Suryansh Vashisth","2026-08-31 10:38:54",405.6,2,songoku2005
7622,16732340,"BJ Kim","2026-08-19 15:17:16",405.5,2,doitdoit80
7623,16860003,"Aatif Sayyad","2026-09-10 21:31:13",405.5,2,aatifsayyad
7624,16784400,K_DHEERAJ_11,"2026-08-31 02:58:38",405.5,2,kdheeraj11
7625,16693098,broken_gpu,"2026-08-30 10:07:27",405.3,2,brokengpu
7626,16747782,"Muhammad Agam Febryan","2026-08-29 18:22:04",405.1,2,muhammadagamfebryan
7627,16794302,bettta11,"2026-09-04 23:25:27",405.0,1,bettta11
7628,16661990,"Olaoluwa Abiodun","2026-08-05 14:57:07",404.7,2,laoluwaa
7629,16664454,"Naga Vinay Avvaru","2026-08-05 07:04:44",404.7,2,anagavinay
7630,16653006,"anthony mbadiwe ikeme","2026-08-18 09:08:02",404.4,2,anthonymbadiweikeme
7631,16686411,NeoCodes.Dev,"2026-08-23 23:53:10",404.4,2,neocodesdev
7632,16661717,"Yaswanth Ippili","2026-08-06 11:32:13",404.0,2,yaswanthippili
7633,16855738,"Anuj Gupta","2026-09-09 07:38:48",403.8,2,anuj6540
7634,16666334,UnderBlade,"2026-08-05 09:56:11",403.7,2,"athillazaidan,kurtmikhael"
7635,16623135,mohduwaishchaudhary,"2026-07-30 22:05:45",403.5,2,muwaish5
7636,16894573,VISHWAPRIYAI,"2026-09-18 04:54:27",403.5,2,vishwapriyai
7637,16671532,"Yuri Nakayama","2026-08-13 11:34:55",403.4,2,yurinakayama
7638,16673583,"Priyanshu Jha","2026-08-16 08:10:08",403.3,2,codewithjha
7639,16689877,Amr_Said1233,"2026-08-08 08:48:28",403.2,1,amrsaid1233
7640,16674012,ahankesumah,"2026-08-16 07:34:05",403.2,2,ahankesumah
7641,16853894,"Ilya Usmanov","2026-09-18 10:40:08",403.1,2,ilyausmanov
7642,16757336,Stevejustin,"2026-08-31 04:18:31",403.0,2,stevejustin
7643,16802866,"Antonio Di Cecco","2026-09-01 18:37:02",402.4,1,antdic
7644,16672292,"KARTIKEY PANWAR","2026-08-06 05:46:16",402.3,2,kartikeypanwar
7645,16741746,"Ahmed Harfoush","2026-08-19 09:47:45",402.2,1,ahmed1harfoush
7646,16664450,"Fritz Adelbertus","2026-08-10 01:13:44",402.2,1,fritzadelbertus
7647,16890562,Names231,"2026-09-14 16:08:48",402.0,2,names231
7648,16779769,"Pravin jeyavel","2026-09-14 05:39:48",401.9,2,pravinjeyavel
7649,16799485,"Bartholomew Jordan","2026-09-18 08:53:21",401.9,2,bartholomewjordan
7650,16671670,"Karla Ziegler","2026-08-08 21:14:37",401.8,2,karlaziegler
7651,16662319,ethan.ai,"2026-08-13 18:16:35",401.6,2,ethanai
7652,16679904,"Joshua Bensemann","2026-09-12 12:08:09",401.5,2,qazcat
7653,16675900,"Pranav Advani","2026-08-23 14:43:09",401.4,2,pranavadvani
7654,16727022,Saharkh99,"2026-09-01 00:18:26",401.3,2,saharkh99
7655,16663981,"Steven Pun","2026-08-07 01:59:52",401.2,2,stevenpunn
7656,16662081,Ayush_Bhaskar_25323010,"2026-08-08 19:49:56",400.6,2,ayushbhaskar25323010
7657,16913940,"Mustafa Rehman","2026-09-17 10:24:09",400.2,1,mustafar34
7658,16662964,"Tim Ogilvie","2026-08-13 13:18:59",400.2,2,timogilvie
7659,16670188,orivael,"2026-08-05 21:20:17",400.0,2,orivael
7660,16691565,"Blu cky","2026-08-09 19:13:27",400.0,2,llmdablucky
7661,16729669,HYPEREUCLIDEAN,"2026-08-19 07:47:48",400.0,2,hypereuclidean
7662,16805176,"Hritvika Tawde","2026-09-13 11:22:46",400.0,2,hritvikatawde
7663,16809998,chzCharbs,"2026-09-15 08:14:49",399.8,2,chzcharbel
7664,16657054,"ömer umut güngör","2026-08-05 06:10:22",399.6,2,merumutgngr
7665,16666216,missss,"2026-08-06 06:49:00",399.5,2,missssb
7666,16714425,sileza,"2026-08-13 12:57:35",399.4,1,azelis
7667,16906688,"Qiao Ruicheng","2026-09-17 11:47:47",399.4,2,qiaoruicheng
7668,16662162,"THE predict","2026-08-13 21:18:25",398.9,2,vikaspal505
7669,16734431,"Maxwell Herron","2026-08-19 02:06:34",398.8,2,maxwellherron
7670,16715097,"Yusuf Yavuz","2026-08-13 00:25:40",398.8,1,yusufyavuzz
7671,16888334,"Ohene A","2026-09-14 17:36:00",398.6,2,pamo12
7672,16690812,zhangkai_0121,"2026-08-09 01:40:21",398.5,2,zhangkai0121
7673,16666596,"Daumas Benjamin","2026-09-03 10:05:38",398.2,2,daumasbenjamin
7674,16664514,"Henry Adjanor tetteh","2026-08-12 00:43:41",398.1,2,henryadjanortetteh
7675,16660852,"K VISHALINI","2026-08-13 06:59:27",397.9,2,kvishalini
7676,16693087,osprey2k,"2026-09-09 02:34:27",397.9,2,osprey2k
7677,16764608,messibeatgravity,"2026-08-24 05:34:05",397.7,1,messibeatgravity
7678,16660929,ttkk,"2026-08-12 16:39:58",397.6,1,optimavia
7679,16716488,"Will Henderson290","2026-08-14 13:27:25",397.5,1,willhenderson290
7680,16856809,"Mateusz Kuzniar","2026-09-08 22:14:50",397.4,2,mateuszkuzniar
7681,16780101,jjjhoon,"2026-08-28 04:04:26",397.4,2,jjjhoon
7682,16661633,"Joseph Garcia","2026-08-19 16:28:08",396.8,2,josephpgar
7683,16679850,AryaGarg23,"2026-08-09 03:33:14",396.8,2,aryagarg23
7684,16712633,"Andy Andy","2026-08-13 08:11:38",396.7,2,andy3373
7685,16695479,Anandhasabesan,"2026-08-09 13:50:37",396.4,1,anandhasabesan
7686,16890029,"Siqing Jing","2026-09-15 02:53:04",396.2,2,siqingjing
7687,16783870,郭一贤,"2026-08-29 07:22:41",396.1,2,guoyixian2
7688,16660228,"Ochuwa Pearl Isa","2026-08-06 09:29:36",396.1,2,pearlisa
7689,16907973,Mainafly,"2026-09-18 10:35:04",396.0,2,ishakuyusufmaina
7690,16763400,"Parth Sarnobat","2026-09-15 17:09:38",395.8,2,parthsarnobat
7691,16705300,T3485D5T,"2026-09-03 08:20:18",395.7,2,"danijelbilalli,t3485d5t"
7692,16666257,"Shijian Wen","2026-08-06 09:40:44",395.7,2,shijianwen
7693,16726569,"Andrey Balvaneda","2026-08-17 20:59:45",395.5,2,andreybalvaneda
7694,16692825,"Saad Arain","2026-08-09 12:27:08",395.4,2,saad451
7695,16667987,"Kunj Kansara","2026-08-05 13:41:26",395.4,1,kunjkansara
7696,16875657,"Валерия Захарова","2026-09-12 23:53:56",395.3,2,melomanpanda
7697,16747544,OliverYip,"2026-08-25 06:01:07",395.3,2,oliveryip
7698,16758192,"Dev Monk","2026-08-29 14:03:22",395.2,2,devmonk63
7699,16702771,n_samii,"2026-08-14 01:20:08",395.2,2,nsamii
7700,16821967,"Nakul Maurya","2026-09-17 15:44:33",395.2,2,nakulmaurya
7701,16654258,"Ashray Bagde","2026-08-13 08:13:00",395.0,2,ashrayaaaaa
7702,16750743,"Nagimov Timur","2026-08-20 21:10:30",394.7,2,nagimovtimur
7703,16719603,"sravan Tirumala","2026-08-14 03:05:43",394.5,1,sravantirumala
7704,16661276,Middle,"2026-09-14 04:43:00",394.3,2,aydagul
7705,16668268,"Kunal Rout","2026-08-06 05:48:25",394.0,2,charlotte26
7706,16727326,AhmedMousaHassan2510,"2026-08-17 12:56:01",393.7,2,ahmedmousahassan2510
7707,16891781,"mohamed saafan","2026-09-14 14:54:04",393.2,2,mohamedsaafan
7708,16639727,"Andres Mohali","2026-08-13 23:03:25",393.0,2,mohax3
7709,16670387,"Oracle69 AI","2026-09-17 19:17:17",392.8,2,princeadewaleadewumi
7710,16755264,wsdsby,"2026-08-21 15:16:42",392.7,2,wsdsby
7711,16697627,abinandhan03,"2026-09-01 10:38:15",392.7,2,abinandhan03
7712,16695627,"Xu Lou","2026-08-09 13:01:23",392.6,2,xuxiaozhou666
7713,16657063,"those how","2026-08-04 07:50:57",392.6,2,thosehow
7714,16658512,fatariq,"2026-08-10 21:18:35",392.6,2,fatariq
7715,16666958,TinkerBotics,"2026-08-05 20:29:19",392.6,2,salosojaedwin
7716,16658882,"toukali samir","2026-08-07 13:43:05",392.4,2,toukalisamir
7717,16759225,"Andrea Jordan Paro","2026-08-24 11:24:14",392.3,2,andreajordanparo
7718,16729351,vlad.shorodok,"2026-08-16 18:05:09",392.3,2,vladshorodok
7719,16729708,msmsuman,"2026-09-06 11:11:45",392.2,2,msmsumanmuskan
7720,16641665,huangjunjia,"2026-08-04 14:12:26",392.1,2,huangjunjia777
7721,16716670,"Aremanda Yasaswini","2026-08-13 09:27:46",392.0,1,aremandayasaswini
7722,16730589,山谷知輝,"2026-09-02 02:03:05",391.7,2,tomokiyamaya
7723,16717797,"patan hashmi","2026-08-13 15:02:52",391.6,1,patanhashmi
7724,16723569,"Trishanth Mellimi","2026-08-15 07:09:55",391.6,2,trishanthmellimi
7725,16867501,aueurm,"2026-09-11 05:07:13",391.3,2,aueurm
7726,16706516,"Mohit Khade13","2026-08-26 16:03:22",391.3,2,mohitkhade13
7727,16809931,"john crick","2026-09-16 02:07:20",391.2,2,johncrick
7728,16705401,"Nguyen Hong","2026-09-17 14:02:51",391.2,2,nguyenhongbubu
7729,16661095,"AAYUSHMAAN PATEL","2026-08-09 08:16:53",391.1,2,aayushmaanpatel
7730,16709179,"SATENDRA SINGH","2026-09-17 03:39:22",390.8,2,satendrasingh9876
7731,16768884,z y f 007,"2026-08-31 05:39:35",390.6,2,zyf007
7732,16725177,misaka12435,"2026-09-17 23:17:35",390.6,2,misaka12435
7733,16710241,"Julien Serbanescu","2026-08-12 14:32:50",390.6,2,julienserbanescu
7734,16715912,"Hiroshi Sakiyama","2026-08-14 13:22:19",390.6,2,hiroshisakiyama
7735,16715416,"Md. Adnan","2026-09-17 11:15:00",390.2,2,mdadnan96
7736,16845314,ryvhii,"2026-09-17 01:27:37",390.2,2,ryvhii
7737,16668141,"Soichiro Mochizuki","2026-08-07 22:13:36",390.1,2,soichiromochizuki
7738,16728897,kaba777,"2026-09-14 14:43:55",390.1,2,kaba777
7739,16665959,"Lourenz Baliber","2026-08-18 00:34:06",390.0,1,lourenz
7740,16689970,"Константин Паращук","2026-08-08 09:15:08",389.9,1,kangchenxi
7741,16794871,IMosia,"2026-09-14 04:49:49",389.8,2,ivanmosiagin
7742,16638383,"Yunus Emre Sarıduman","2026-08-12 12:57:08",389.8,2,emresariduman
7743,16898808,katoue,"2026-09-16 21:47:46",389.7,2,katoue
7744,16898258,"Eugene Blackman","2026-09-17 10:38:37",389.5,2,eugeneblackman
7745,16727480,MSAM,"2026-09-07 13:43:02",389.4,2,arashdeepsinghmaan
7746,16721615,"Dai Dai","2026-09-08 07:59:14",388.9,2,jumpingdaidai
7747,16669516,GorgeousCookie,"2026-08-06 09:17:13",388.9,2,axellindqvist
7748,16735307,"Ayush Dhabsa_real","2026-09-10 09:13:50",388.9,1,ayushdhabsareal
7749,16641330,"Takuya Yoshimi","2026-08-04 05:16:22",388.8,2,tkyysm
7750,16696384,Sisu16,"2026-08-13 20:13:27",388.5,2,sisu16
7751,16689349,"Adunola Abdulrahman","2026-08-10 17:38:47",388.5,2,adunolaabdulrahman
7752,16849620,rgbweston,"2026-09-07 18:00:17",388.5,1,rgbweston
7753,16839419,"Gunratna borkar","2026-09-05 23:32:33",388.3,2,gunratnaborkar
7754,16659247,cindrella_18,"2026-09-18 08:02:50",388.3,2,"ankithraj30,neharaj1518"
7755,16785676,Bilal11122,"2026-08-29 08:15:46",388.3,1,bilal11122
7756,16676726,"Manaswi Bansal","2026-08-16 06:28:05",388.2,2,manaswibansal
7757,16673310,dffzno1,"2026-08-14 01:44:55",388.2,2,joyzip
7758,16790076,Jessewudao,"2026-09-04 16:54:58",388.1,1,"jessewudao,zongruixie"
7759,16664617,BarkeviousBingo,"2026-08-19 04:34:59",388.0,2,barkeviousbingo
7760,16660294,"Mohamed Amadu Bangura","2026-08-04 16:14:07",388.0,1,mohamedamadubangura
7761,16671714,"Donnell Layne","2026-08-07 15:40:35",387.9,2,jupiter1127
7762,16784379,超级陆战队,"2026-08-29 14:43:33",387.7,2,luyi61227
7763,16638704,"Lee Yen Fei","2026-09-01 03:31:45",387.6,2,leeyenfei
7764,16669229,"Kayvan Sinha","2026-08-11 15:23:35",387.3,2,kayvansinha
7765,16662267,"Fahim Montasir","2026-08-10 16:15:10",387.1,2,fahimmontasir
7766,16882081,Aabualella,"2026-09-13 00:58:37",386.9,1,aabualella
7767,16706257,dlv,"2026-08-13 11:11:14",386.8,2,ducott1
7768,16893255,"Amal Raj Singh","2026-09-17 21:07:11",386.6,1,amalrajsingh
7769,16663674,"Mason Mahar","2026-08-30 04:00:17",386.3,2,masonmahar
7770,16808646,"Yimeng Wang","2026-09-08 06:33:38",386.3,2,yimengwang0814
7771,16892509,"Konko M","2026-09-14 18:52:34",386.1,2,konkomaji
7772,16771187,FernandoRB,"2026-08-26 15:53:49",386.0,2,fernandorb
7773,16668523,Bumblerrr,"2026-08-06 19:46:02",385.9,2,bumblerrr
7774,16704985,"Ethan Marchisano","2026-08-24 21:36:54",385.8,2,ethanmarchisano
7775,16670257,RonitKhanna333,"2026-08-12 12:22:11",385.8,2,ronitkhanna333
7776,16902856,"Laura Vanegas Torres","2026-09-18 02:10:40",385.8,2,lauravanegastorres
7777,16732355,"Nagesh gite","2026-09-06 07:44:05",385.7,2,"kuberb,nageshgite,vasugupta1121"
7778,16794153,"harshita harshita","2026-08-31 17:47:11",385.7,2,harshitaharshitaaaa
7779,16669218,"Shaik Sabiya","2026-08-12 09:15:22",385.7,2,shaiksabiya55
7780,16664401,"Pranav Premchand","2026-08-05 03:07:24",385.6,1,pranavpremchand
7781,16779823,"Jean Dem","2026-08-31 12:38:41",385.4,2,jeandem
7782,16625770,"Đức Trung Trần","2026-08-24 11:01:33",385.0,2,ctrungtrn
7783,16690029,Nitesh_Prajapati2569,"2026-09-15 07:04:17",384.8,2,niteshprajapati2569
7784,16655689,花朝,"2026-08-05 04:10:02",384.8,2,xhxyyds
7785,16658286,"Jatin Gujarathi","2026-09-03 08:43:39",384.6,2,jatingujarathi
7786,16665449,AgroVisionAI,"2026-08-11 19:52:49",384.4,2,"aishwaryvarshney,bhuppisharma,kirtisharmaphd,pragyasingh59,priyasingh0590"
7787,16660318,"Aiman Al-Shalfi","2026-09-14 12:39:08",384.2,2,aimanalshalfi
7788,16791546,fatimakhlid,"2026-09-10 21:00:33",384.2,2,fatimakhlid
7789,16730060,"Enzo Pio","2026-08-21 16:44:03",384.1,2,enzopio
7790,16658960,"Amit Kumar","2026-08-06 05:44:30",384.0,2,anmitkumar
7791,16637762,"Greek olive oil","2026-08-09 19:56:48",383.9,2,alexanderchar
7792,16668431,"Harshpreet Singh #2","2026-08-06 01:06:28",383.8,1,harshpreetsingh45
7793,16757017,"William Green","2026-09-05 01:33:23",383.8,1,dskswu
7794,16662791,"Shiva Neshan yuva","2026-08-15 18:39:16",383.7,2,shivaneshanyuva
7795,16752444,zama,"2026-08-25 04:31:12",383.6,2,zamami
7796,16831875,"Hamza Mughrabi","2026-09-06 19:10:53",383.6,2,hamzamughrabi
7797,16777871,嵇禄lugent,"2026-09-01 00:00:35",383.3,2,lugent
7798,16622097,"Garrick C.P.","2026-08-10 18:12:06",383.3,2,garrickchinnis
7799,16658227,Gugu888,"2026-08-14 04:27:57",383.0,2,gugu888
7800,16685625,"silvan ion","2026-08-08 13:05:39",382.9,2,john1one
7801,16671512,"Darren Grendi","2026-08-10 00:38:51",382.7,1,darrengrendi
7802,16677804,"Pravin Takpire","2026-08-11 08:17:51",382.7,2,pravintakpire
7803,16710244,Bytemindd,"2026-08-26 10:20:45",382.6,2,"daisy023,sruthikanv,thasneemj,uthayanandhini,vajraparameswari"
7804,16656932,"Thivvin Raj","2026-08-13 03:53:35",382.5,2,thivvinraj
7805,16668159,ABDELGHANY,"2026-08-12 11:04:36",382.5,2,abdelghanyrageh
7806,16848262,Philedo,"2026-09-12 14:33:59",382.4,2,philedo
7807,16685164,cleanledger,"2026-08-07 13:38:23",382.4,2,cleanledger
7808,16655737,Dharshini,"2026-08-08 15:00:05",382.4,2,dharshini1812
7809,16794285,Penelope.pnlp,"2026-09-01 15:38:43",382.1,2,penelopepnlp
7810,16663990,"OURNO PAPA SALIF","2026-08-07 23:18:43",381.7,2,belfiremine
7811,16634352,"sovit karki","2026-08-12 17:21:13",381.6,2,sovitkarki
7812,16668673,"kyran sinha","2026-08-14 14:21:34",381.6,2,kyransinha
7813,16685207,"Koushik Thummu","2026-08-07 18:15:47",381.5,2,koushikthummu
7814,16733318,"Anuj Bolewar","2026-08-18 11:11:01",381.4,2,anujbolewar
7815,16773370,"Nishant #1","2026-08-26 06:11:42",381.3,1,nishanttomar110
7816,16794088,"Felipe Colombarolli","2026-08-31 00:46:32",381.3,2,felipecolombarolli
7817,16638938,Light&Thunder,"2026-08-09 06:39:19",381.1,2,yerne39
7818,16658116,Emmy,"2026-09-17 11:55:21",380.9,2,emmyone
7819,16657438,"Udit Aggarwal1","2026-08-08 19:09:27",380.9,2,uditaggarwal1
7820,16738335,"Xuzhou Dong","2026-08-20 14:39:16",380.9,2,xuzhoudong
7821,16625418,"Hariprasanth Paranjothy","2026-08-01 05:52:19",380.8,2,hariprasanth8
7822,16691027,"Jelle Maas","2026-08-08 14:58:19",380.4,2,jellemaas
7823,16658367,"Prachii Sonii","2026-08-31 17:28:45",380.4,2,prachiisonii
7824,16879578,"kabir Merakeb","2026-09-15 01:01:53",380.3,2,kmerakeb
7825,16691753,"Jan Moilanen","2026-08-09 12:02:17",380.3,2,janmoilanen
7826,16658219,"Deepesh Pankaj","2026-08-15 05:58:07",380.2,2,deepeshpankaj
7827,16770085,AllenCheng329,"2026-08-25 10:05:43",379.9,1,allencheng329
7828,16658519,"David kinyanjui","2026-08-31 07:10:00",379.8,2,davidkinyanjui
7829,16721948,ziszim,"2026-08-26 14:38:30",379.5,2,ziszim
7830,16758663,"Light In","2026-08-22 19:18:51",379.2,2,lightin45
7831,16757338,Dewakaran,"2026-08-22 05:34:35",379.1,1,dewakaran
7832,16867865,"ADITYA RAJ","2026-09-13 08:16:10",379.0,2,adityaraj2026yp
7833,16831106,asd1984,"2026-09-05 17:40:01",378.9,2,asd1984
7834,16628404,theken,"2026-08-09 12:19:19",378.9,2,theken
7835,16828390,Yuhuping,"2026-09-04 11:22:14",378.7,1,yuhuping
7836,16759115,chabinhwang,"2026-08-22 14:33:59",378.7,1,chabinhwang
7837,16654213,"Hojin Jang","2026-08-20 09:59:20",378.6,2,hojinjang
7838,16667177,"Raunak Phull","2026-08-10 11:14:44",378.5,2,raunakphull4
7839,16722122,Abhas20,"2026-08-19 10:02:51",378.4,2,abhas20
7840,16654808,Vishwajeet-maker,"2026-08-17 21:17:02",378.4,1,vishwajeetmaker
7841,16668592,"Ashutosh jatav","2026-08-09 13:34:45",378.3,2,ghost1412
7842,16652230,BorisSpider,"2026-08-13 11:34:46",378.2,2,borisspider
7843,16747683,"Jianyu Lin","2026-08-27 13:05:05",378.2,1,jianyulin1999
7844,16716585,"tejaswini kakollu","2026-08-13 09:12:37",378.2,1,tejaswinikakollu
7845,16673167,Karam96,"2026-08-08 11:40:36",377.9,2,karam96
7846,16655555,Bharath2411,"2026-09-03 07:14:26",377.8,2,bharath2411
7847,16634720,Thiyo,"2026-08-18 11:51:04",377.7,2,thimirajayasekara
7848,16705696,"TS Farmer","2026-08-13 11:22:09",377.5,2,"shivangkainth,tusharsekhri27"
7849,16891519,SongShijieCC305,"2026-09-14 16:03:59",377.3,2,songshijiecc305
7850,16716594,"U Anand Williams","2026-08-13 09:19:09",376.9,1,uanandwilliams
7851,16769491,"Ivan Ternovskiy","2026-09-07 08:44:15",376.9,2,aristophanivan
7852,16722757,"Sebastian Adamatzky","2026-08-14 19:10:23",376.9,2,sebastianadamatzky
7853,16668286,"Sabari V","2026-08-15 14:38:41",376.6,2,sabari112005
7854,16653728,"Iswar Patra","2026-09-01 02:46:09",376.5,2,iswarpatra
7855,16778127,Nimmokumar,"2026-09-11 13:37:45",376.4,1,nimmokumar
7856,16710417,"Aryant Jadhav","2026-08-15 18:57:18",376.3,2,aryantjadhav
7857,16628521,arai9953,"2026-08-24 22:46:57",376.1,2,arai9953
7858,16668271,"Shashank Raj","2026-08-06 14:27:00",375.9,2,ssr6156
7859,16888733,"Sébastien Callegari","2026-09-14 03:49:42",375.8,1,sbastiencallegari
7860,16733007,"Not Found","2026-08-17 16:32:16",375.8,4,"ammarkhan05,zainabirfanansari"
7861,16675324,"Attempt Seven","2026-08-10 10:13:50",375.8,2,attemptseven
7862,16773858,"Kundan Kumar","2026-09-12 08:08:12",375.7,2,edkundan
7863,16793944,"Grupo 808","2026-08-30 22:36:59",375.6,1,grupo808
7864,16803129,hdttnk,"2026-09-02 14:13:00",375.4,2,hdttnk
7865,16670565,"Grant Biellak","2026-08-05 22:52:01",375.3,2,grantbiellak
7866,16660489,"Luca Lullo","2026-08-05 20:21:38",375.1,2,lucalullo
7867,16630772,"Mitsuhiro Iizuka","2026-08-04 10:31:00",375.1,2,mitsuhiroiizuka
7868,16677761,"Rithuraj Nambiar","2026-08-06 18:11:41",375.0,2,rithurajnambiar
7869,16735593,"timur tytrin","2026-08-18 07:37:46",374.9,2,timurtiutrin
7870,16685649,YUYUTA,"2026-08-09 05:39:50",374.1,2,yuyuta
7871,16666275,HeatS33ker,"2026-08-15 14:37:36",373.8,2,byronokou
7872,16844410,ナポレオン,"2026-09-07 15:46:40",373.7,2,naporeondesu
7873,16755029,"Jashan Bajwa","2026-08-22 12:56:30",373.7,2,jashanbajwa
7874,16675093,"Nikhil Srivastava","2026-08-15 08:47:12",373.5,2,nikhilsrivastavark
7875,16662577,"Shreyash Suryawanshi","2026-09-02 19:42:31",373.5,2,shreyashsuryawanshi
7876,16668479,"Muneera Mahjabeen","2026-09-15 03:45:05",373.3,2,muneeramahjabeen
7877,16661476,slowpoke,"2026-08-29 16:33:07",373.3,2,banboyechristains
7878,16739447,"Jacob Stambaugh","2026-08-19 17:53:29",373.3,2,jacobstambaugh
7879,16656190,"Akshaj Shandilya","2026-08-06 03:14:36",373.2,2,akshajshandilya
7880,16633475,betagammashtrit,"2026-08-29 16:24:03",373.2,2,betagammashtrit
7881,16662854,"NISCHAY SANJAY JIWANKAR 23115098","2026-08-13 05:38:18",373.1,2,nischay2908
7882,16734894,"MP Gamimg","2026-08-26 14:47:08",373.0,2,okadahiroshi
7883,16894517,kuchinwei,"2026-09-17 14:52:52",372.9,2,kuchinwei
7884,16770758,"Maor talker","2026-08-26 20:18:59",372.9,2,maortalker20
7885,16848598,"Work 3","2026-09-12 09:26:57",372.7,2,nanisriram
7886,16640901,"Kian Maghsoodi","2026-08-20 23:01:51",372.6,2,kizmodo
7887,16683400,"wo zhe yi sheng ru lu bo bing","2026-08-10 16:53:48",372.5,2,"ivanlo103,panckck,waijai"
7888,16654947,"Ömer Hüseynov","2026-08-08 22:06:03",372.4,2,omarhuseynov
7889,16630007,"Yuankun Liu","2026-07-31 15:48:13",372.3,2,lyk1652
7890,16890222,"Borisov Emilian","2026-09-18 05:14:34",372.3,2,emili123
7891,16719869,"Swamy Gadila","2026-09-15 04:28:29",372.1,1,testfridaycore2
7892,16665400,FieldOps,"2026-08-10 16:16:03",372.0,2,sycpr1me
7893,16683087,qiuchenglong,"2026-08-07 09:25:48",371.9,2,qiuchenglong
7894,16911283,"Apratim Bajpai","2026-09-17 06:26:24",371.8,2,apratimbajpai
7895,16717447,zhiyue666,"2026-09-10 09:01:07",371.8,2,zhiyue666
7896,16660980,"João Marcelo Curi","2026-08-05 18:31:19",371.7,2,joomarcelocuri
7897,16771216,"Hugo Ponce","2026-08-25 17:54:30",371.7,2,hugoskn
7898,16696419,detectivseb,"2026-08-12 10:34:45",371.7,2,detectivseb
7899,16673825,h_jun,"2026-08-10 06:21:12",371.6,1,lhjoon77
7900,16681188,"Tresor Mufalme.","2026-08-08 09:29:05",371.6,2,tresormufalme
7901,16690077,"GOMATHI PRIYA","2026-08-13 06:38:45",371.4,2,gomathipriyaraj22
7902,16795163,"Nguyễn Đỉnh","2026-09-14 05:05:43",371.3,2,nguyendinh1507
7903,16761784,"Ghaith Kammoun","2026-08-24 21:19:54",371.3,2,ghaithkammoun
7904,16780268,"SAI ESHWAR S","2026-08-29 06:26:11",371.2,1,saieshwars
7905,16757236,"Erlanda Miko P","2026-08-23 07:02:01",371.2,2,snneva
7906,16862308,"Furkan CAT","2026-09-10 15:07:24",371.1,2,furkancat
7907,16745497,"Handsome Heretic","2026-08-21 19:14:30",371.0,2,handsomeheretic
7908,16723273,"Bradley ZODOME","2026-08-19 07:06:18",370.8,2,bradleyzodome
7909,16876529,"Νικόλαος Μπριάκος","2026-09-17 09:06:24",370.8,2,bnikos
7910,16696439,VaraPrabha,"2026-08-10 04:36:00",370.7,2,galiveetipoornima
7911,16770270,"salthiel nishimwe","2026-08-25 10:45:23",370.7,2,salthielnishimwe
7912,16693147,"Oliver Curtis1","2026-08-09 14:51:57",370.6,2,olivercurtis1
7913,16638343,"Phong Khoi","2026-08-04 12:20:52",370.5,2,phongkhoi
7914,16662197,"Zehra Basaral","2026-08-07 10:42:57",370.5,2,zehrabaaral
7915,16880664,"Nodir Xamdamov","2026-09-15 10:37:08",370.5,2,nodirxamdamov
7916,16677950,"Rounak Laddha","2026-08-15 01:47:41",370.4,1,rounakladdha
7917,16763938,"joel paul","2026-08-26 02:05:07",370.4,2,joelpaulf
7918,16799743,"Luc Tellier","2026-09-05 08:31:17",370.3,1,luctellier
7919,16668091,Solidscripts.io,"2026-08-23 23:41:23",370.2,2,juancamera1
7920,16677747,"Yuvraj Bhatt","2026-08-10 08:38:11",370.1,2,bhattyuvraj22
7921,16629476,NOOBS,"2026-08-09 19:58:48",369.8,2,"patelkrishna8,sakshamranawade,shravanideshpande25"
7922,16779805,"Ákos Blaschek","2026-09-01 17:21:44",369.8,2,kosblaschek
7923,16669176,"Karakam Sridevi","2026-08-11 07:44:48",369.7,2,karakamsridevi
7924,16629742,yun,"2026-08-15 09:10:21",369.7,2,yuyumarupython
7925,16684677,"Sean Southwick","2026-08-27 14:45:32",369.7,2,seansouthwick
7926,16657687,"Siddardha Shayini","2026-09-15 12:52:57",369.5,2,siddardhashayini3
7927,16654758,f--n,"2026-09-06 13:37:43",369.5,1,a17442473
7928,16666590,"Hoàng Anh Tú","2026-08-12 23:59:58",369.0,2,anhtu9999
7929,16841549,"Ayush Kumar #4","2026-09-06 03:30:02",368.8,2,akyushumar
7930,16876354,A_Mose,"2026-09-12 08:57:15",368.7,2,mmameh
7931,16656919,Sumaiya,"2026-09-09 18:09:44",368.5,2,ayeshasummaiyya
7932,16643278,"Giovani Moresco","2026-08-06 05:30:45",368.5,2,giovanimoresco
7933,16634219,"Michael J Hammel","2026-08-01 11:37:10",368.2,2,michaeljhammel
7934,16667105,"Vikram Tiwari","2026-08-10 11:12:26",367.8,2,vikramtiwari
7935,16717522,kyunyoung,"2026-08-14 07:16:00",367.5,2,kyunyoung
7936,16639624,"Nishanth Rajan","2026-08-02 03:25:35",367.4,2,nishanthrajandev
7937,16655257,"Afia Animah Fosu","2026-08-04 18:21:50",367.4,2,afiaanimahfosu
7938,16641606,"Tanisha Sahu","2026-08-02 14:39:27",367.2,2,tanisha3
7939,16701060,"Paula Jimenez","2026-08-22 16:18:37",367.1,2,paulajimenez
7940,16653105,James,"2026-08-17 16:52:18",367.1,2,jamesquirk
7941,16870467,wentingyun,"2026-09-11 10:21:01",367.1,1,wentingyun
7942,16883375,"Sam Robin Singh E","2026-09-14 22:42:51",366.9,2,samrobinsinghe
7943,16664671,Acteus,"2026-08-06 00:01:12",366.9,2,acteus
7944,16714166,"Naman Malik","2026-09-12 00:06:39",366.3,2,"adenijielijah,anapau11,marydata,namanmalik81714"
7945,16731108,"Vipparla Nandini","2026-08-17 06:29:48",366.3,1,vipparlanandini
7946,16661390,"Raúl García Gómez","2026-08-04 17:04:39",366.3,2,corso138
7947,16623678,Mahog,"2026-09-15 07:37:31",366.2,2,mahoganybuttstrings
7948,16670724,"Neel Patel","2026-08-14 19:33:43",366.2,2,n33lpat3l
7949,16656860,SamReiswig,"2026-09-02 04:04:09",366.0,1,sreiswig
7950,16682869,"Sepideh Rahmati","2026-09-14 09:43:57",365.8,2,sepidehrahmati
7951,16716497,xpxg,"2026-08-16 17:04:22",365.7,2,deepxchat
7952,16689718,HumsAuraTech,"2026-08-21 17:11:42",365.1,2,humaima03
7953,16653001,"Alexey Kuleshov","2026-08-04 12:07:51",365.0,2,alexkulll
7954,16657883,jps,"2026-08-06 08:36:04",364.9,2,jahaziel
7955,16730191,rRTZZZ,"2026-08-17 02:43:14",364.9,2,rrtzzz
7956,16628409,"yann sadowski","2026-07-31 09:39:25",364.7,1,yannsadowski
7957,16656135,"JAYASURYA R","2026-08-05 15:43:01",364.5,2,suryar261
7958,16735966,kyone,"2026-08-18 08:09:32",364.2,1,xtraky
7959,16780057,"Njabulo Hope Makana","2026-09-18 10:46:33",364.0,2,njabulohopemakana
7960,16695592,"André Luiz Pedroso","2026-08-09 11:59:19",364.0,1,andreluizpedroso
7961,16763255,"I P Tharun Gowda","2026-09-16 17:24:11",364.0,2,iptharungowda
7962,16709519,"p pxl16","2026-08-19 09:49:35",363.7,2,ppxl16
7963,16855459,"Shune Lae lae Khaing","2026-09-11 17:55:19",363.4,2,shunfloryn
7964,16711383,"Monika Kocianova","2026-08-14 11:01:11",363.4,2,monikakocianova
7965,16657056,"Jacob Ross Piedad","2026-08-06 12:15:14",363.3,1,jacobrosspiedad
7966,16715988,"Hsyn Kskn","2026-09-03 12:08:15",363.0,2,hsynkskn
7967,16735751,"Hasan Taşkın","2026-08-24 19:36:02",362.9,2,hasantaskin
7968,16721529,"Danny De Bree","2026-08-20 09:46:36",362.8,1,dannydebree
7969,16656732,"Shivam Kashyap","2026-08-04 05:28:03",362.6,1,shiyan0090
7970,16690947,"Veiled Star","2026-08-10 13:36:49",362.3,2,veiledstar
7971,16659394,"יוסף בש","2026-08-09 15:11:23",362.2,2,josiii123212
7972,16709754,"Simon Preuss","2026-08-12 16:39:55",362.2,2,simonpreuss01
7973,16732873,"Yash Rana","2026-08-18 04:57:04",362.1,2,yashrana24
7974,16680015,"Khôi Trương","2026-08-10 01:11:55",362.0,1,kiykhoi
7975,16687699,jegazhu,"2026-08-13 22:25:15",361.9,2,jegazhu
7976,16700360,"Thanush Soma","2026-08-10 09:49:02",361.8,2,thanushsoma
7977,16658011,"Arooba Hanif","2026-08-05 07:24:53",361.4,2,aroobahanif
7978,16655250,"Juan Pablo Ponce","2026-08-08 03:34:18",361.3,2,juanpabloponce28
7979,16876167,"kjl jkl","2026-09-17 15:51:01",361.3,2,kjljkl
7980,16726381,"Adriana Redondo","2026-08-15 19:39:41",361.3,1,adrianaredondo
7981,16668340,"Sibi Vishnu","2026-08-08 10:35:33",361.2,2,sibivi
7982,16661157,Shenlai,"2026-09-17 14:02:50",361.1,2,shenlai
7983,16831170,"None #2","2026-09-05 04:16:51",361.1,2,mdmorshalinemojumder
7984,16688381,"Teresa Fitzgerald","2026-09-13 21:02:07",361.0,2,teresafitzgerald
7985,16696800,"VEER GOMA","2026-08-14 15:42:47",361.0,2,novaxoxo
7986,16905792,"Omar Tarek Fahmy","2026-09-16 10:59:04",361.0,1,omartarekfahmy
7987,16682342,"Jebez Oswald","2026-08-10 05:38:15",360.8,2,jebezoswald
7988,16716322,zhaimh,"2026-08-14 02:43:21",360.7,2,zhaimh
7989,16658817,"Andrew Glez","2026-08-04 12:10:17",359.9,1,andgos
7990,16641140,NITISH_GOYAL1,"2026-08-27 06:42:29",359.6,2,nitishgoyal1
7991,16762021,Dhananjai1729,"2026-09-14 06:13:33",359.5,2,dhananjai1729
7992,16732936,"Kateryna Dudko","2026-08-25 12:15:40",359.1,2,dudkiina
7993,16655652,Emergence,"2026-08-10 03:21:04",359.1,2,daylighth
7994,16692710,"Baran Haydar","2026-08-12 06:56:50",359.0,2,baranhaydar
7995,16728881,Ch.Manvita,"2026-08-16 16:33:52",359.0,2,chmanvita
7996,16710564,"Clarice Harijanto","2026-08-14 04:28:13",358.8,2,clariceting
7997,16622809,"German Vdovin","2026-08-03 00:38:01",358.6,2,ertrerhtytmnbdsefdw
7998,16796468,suin7328,"2026-09-05 02:05:08",358.3,2,suin7328
7999,16913989,Sanatan21,"2026-09-18 07:01:16",358.2,1,sanatan21
8000,16740197,Winssk,"2026-08-27 01:55:06",358.2,2,winssk
8001,16649794,"Wanzhu Zhao","2026-08-04 13:04:05",358.1,2,wanzhuzhaora
8002,16659312,qwertyDmitry,"2026-08-05 13:44:24",358.1,2,qwertydmitry
8003,16668012,"Aleksander Iżemski","2026-08-05 20:52:54",358.0,2,aizemski
8004,16735393,Dai_Research,"2026-08-18 10:40:17",358.0,2,dairesearch
8005,16702742,"Kavyanshu Singh","2026-08-11 10:47:02",357.9,2,kavyanshusingh
8006,16624102,Khadersha.sk,"2026-08-03 02:45:03",357.8,2,khadershask
8007,16777515,Abhimanyu21,"2026-08-27 13:33:38",357.5,2,abhimanyu21
8008,16674725,"rajan jha","2026-08-13 12:05:42",357.4,2,rajan1673
8009,16677470,"Saish Walavalkar02","2026-08-09 12:44:51",357.2,2,"harichaudhari1,kaiserjayin,meetramjiyani,nirbhaygajabi30,saishwalavalkar02"
8010,16697694,"Adithya Thiruvalluvan","2026-08-29 17:28:42",356.8,1,forestfire7
8011,16657142,"Vishisht Gupta","2026-08-16 16:16:54",356.4,2,vishishtgupta
8012,16870360,"Tedi Septiana","2026-09-14 06:57:54",356.3,2,tediseptiana
8013,16665460,"Shubham kumar jha","2026-08-23 07:36:36",356.3,2,shubhamjhakr
8014,16786280,Shambhavi21,"2026-09-06 17:20:56",356.2,2,shambhavi21
8015,16692427,"Infy ","2026-08-09 20:48:09",355.9,2,infydes
8016,16783322,kentaro,"2026-08-29 03:55:45",355.9,2,kentarokujo
8017,16671519,"Mandhati Sai ganesh","2026-08-06 06:36:45",355.7,2,mandhatisaiganesh
8018,16752067,neuroxaker,"2026-08-22 14:50:32",355.6,2,neuroxaker
8019,16718662,Safin,"2026-08-22 17:50:27",355.5,2,safinlynx
8020,16723047,"Matheus Finger","2026-09-11 19:15:11",355.3,2,matheusfinger
8021,16624029,"Miguel Angel Rodriguez Fonseca","2026-08-07 03:55:38",355.3,2,miguelangelrodriguez
8022,16665996,AVATAR3905,"2026-08-06 18:14:01",355.0,2,avatar3905
8023,16666997,"Krishnamurthy Venkatasubramanian","2026-08-05 15:09:46",355.0,2,krishnamurthyvenkat
8024,16656480,"Dip Biswas","2026-08-07 04:35:56",354.8,2,dipjacobiswas
8025,16624235,appu2431,"2026-08-11 15:56:41",354.7,2,appu2431
8026,16794431,"Yash Apps","2026-09-08 04:12:52",354.6,2,yashwanthgajji
8027,16679392,Dickie,"2026-08-09 09:05:10",354.6,2,dickieho
8028,16801437,"Koh Saito","2026-09-05 06:01:20",354.4,1,kohsaito
8029,16652422,Kite,"2026-08-17 16:26:55",354.4,1,kiteyinlong
8030,16682108,"Shadow Monarch","2026-08-17 06:45:10",354.2,2,avinashk01
8031,16654330,"Perumalla Pujitha","2026-08-12 18:09:24",353.9,2,perumallapoojitha
8032,16745485,"Thamires dos Santos ","2026-09-16 01:24:54",353.9,2,thasantos
8033,16778526,starkhushi,"2026-08-27 07:01:28",353.9,2,starkhushi
8034,16681397,"Vishal Dubey","2026-08-11 08:51:13",353.8,2,visha1dubey
8035,16662874,"Dev Shah","2026-08-08 01:52:52",353.7,2,imdevshah11
8036,16919106,Jocelyn--JY03,"2026-09-18 09:35:12",353.7,2,jocelynjy03
8037,16666218,"sugan Chandrasekar","2026-08-16 11:02:09",353.6,2,suganchandrasekar
8038,16646644,BeyondBirthday,"2026-08-09 06:39:01",353.2,2,near07
8039,16691667,jeremyllll,"2026-08-12 03:30:26",353.0,2,jeremyllll
8040,16866482,"Sunday Ibidapo","2026-09-10 21:46:49",353.0,1,sundayibidapo
8041,16672168,"Justin Rutkowski","2026-09-13 08:13:41",353.0,2,justinrutkowski
8042,16688364,"Om Raval08","2026-08-21 02:57:23",352.8,2,omraval08
8043,16659260,hitesh,"2026-08-05 19:29:28",352.8,2,shahhs
8044,16894000,"Vivek Silimkhan","2026-09-15 11:11:29",352.6,2,viveksilimkhan
8045,16668471,Broomva,"2026-08-05 14:57:35",352.6,1,broomva
8046,16674977,BarbateP,"2026-09-17 11:12:32",352.5,2,barbatep
8047,16785821,"Naresh Meena","2026-08-28 21:24:31",351.9,1,nareshmeena12
8048,16690098,"Akshay Kashyap","2026-08-10 17:10:28",351.9,2,akshaykashyapakku
8049,16655766,前衛,"2026-09-17 03:48:26",351.8,2,"atharvranjan,shreyasgandhe,siddharth9077"
8050,16661002,"Eliyas sk","2026-09-02 12:32:51",351.6,2,eliyassk
8051,16663738,"Handre Bezuidenhout","2026-08-04 23:27:08",351.4,2,handrebezuidenhout
8052,16676974,"Deveshwar U","2026-08-31 01:10:42",351.4,2,deveshwaru
8053,16674394,"Ishant Mittal","2026-08-08 09:24:57",351.3,2,ishantmittal95
8054,16625011,"Heng Yu","2026-08-18 06:30:56",351.3,1,megalobox1
8055,16792188,anisotropies,"2026-09-12 05:25:04",351.1,2,achan31
8056,16741512,Offenders,"2026-08-30 15:08:39",351.1,2,"karthicchockalingams,shakil2411,shehnaaz01"
8057,16670988,"Pavle Skoric","2026-08-21 21:34:32",351.0,1,pavleskoric
8058,16728261,"Smit Deshaval","2026-08-24 17:44:12",350.8,2,smitdeshaval11
8059,16739702,"Vasantha Kumar552","2026-08-19 07:22:10",350.7,2,vasanthakumar552
8060,16665907,"Jonathan Saina","2026-09-15 23:12:31",350.5,2,jonathansaina
8061,16692906,CodeZee,"2026-08-09 19:50:49",350.4,2,codewithzaeem
8062,16716649,"Meghana Busse","2026-08-13 09:33:08",350.1,1,meghanabusse
8063,16654788,bumbum,"2026-08-14 12:59:51",349.9,2,krzysztoff1
8064,16652805,"Rodrigo Batista da Silva","2026-08-13 13:35:19",349.9,2,eurodrigobatista
8065,16795677,"Carol bright","2026-08-31 09:30:28",349.8,2,carolbright
8066,16655919,"Tạ Minh Lễ","2026-08-04 06:46:45",349.8,2,tminhl
8067,16690775,"Prasanna Raut","2026-08-08 20:41:38",349.4,2,prasannaraut
8068,16632620,"[Deleted] d9d74cbb-c76e-4fbb-a4bf-35e25b48627d","2026-08-08 16:00:16",349.4,2,del=c21e6a8a03ad3b3c
8069,16711573,"Sushmitha Vasantha","2026-08-13 09:08:29",349.3,1,sushmithavasantha
8070,16659688,Daniel,"2026-08-05 12:21:37",348.8,2,danielyazgi
8071,16715576,bhavnachavda21,"2026-09-18 04:14:55",348.7,2,bhavnachavda21
8072,16676416,"Abhishek Mishra","2026-08-10 10:09:30",348.5,2,abhishekmishra23
8073,16662856,"Pranjal Arya","2026-09-11 09:30:08",348.3,2,pranjalaryaa
8074,16665980,cshara,"2026-08-06 08:41:16",348.3,2,cshara
8075,16810051,Reddi_twelve,"2026-09-03 23:26:30",348.2,1,redditwelve
8076,16715791,CustardApple47,"2026-09-06 11:34:26",348.0,2,custardapple47
8077,16668696,Fabian,"2026-09-03 15:52:06",347.7,1,fabiantoh98
8078,16661891,BALLEN1337,"2026-08-04 19:22:30",347.5,2,ballen1337
8079,16713366,BANKAI,"2026-08-16 15:24:28",347.3,2,igors97
8080,16666577,"Jatin khandelwal112","2026-08-05 11:26:41",346.8,2,jatinkhandelwal112
8081,16690166,"Niteshwar Mishra","2026-08-08 10:02:22",346.7,2,niteshwarmishra
8082,16660246,taqnik,"2026-08-08 11:54:39",346.4,2,taqnik
8083,16747403,"Kanchan Chavan","2026-09-12 17:46:56",346.4,2,momovedant
8084,16624990,"Tanjim Ahmed Kingshu","2026-08-02 07:05:52",346.3,2,tanjimahmedkingshu
8085,16762424,AuroraXXiiaa,"2026-09-10 15:57:10",346.2,2,auroraxxiiaa
8086,16677732,"Alessandro Mermali","2026-08-06 20:52:35",346.2,2,alessandromermali
8087,16654688,"Terrell Millz","2026-08-10 16:08:33",346.0,2,terrellmillz
8088,16731458,"Arthur Baygildin","2026-08-17 10:06:55",346.0,1,arthurbaygildin
8089,16769110,tianlululing,"2026-08-26 13:09:45",345.9,2,tianlululing
8090,16724976,Soham,"2026-08-18 11:28:07",345.7,2,soham308
8091,16661191,"Yudha Eka Saputra","2026-08-04 19:28:31",345.6,2,yudhaekasaputra
8092,16851029,john01234,"2026-09-08 04:57:12",345.5,2,john01234
8093,16896549,"Nived P A","2026-09-15 16:39:35",345.4,2,nivedpa
8094,16656946,"Sambit Padhan","2026-08-05 10:10:10",345.3,2,sambitpadhan
8095,16741982,barry_Paddi,"2026-08-27 07:10:52",345.2,2,barrypaddi
8096,16714418,AdriMonFer,"2026-09-01 12:15:21",345.2,2,adrimonfer
8097,16660397,Divyansh82Raj,"2026-08-04 15:01:28",345.1,2,divyansh82raj
8098,16784712,SIDDpat,"2026-08-30 08:13:50",344.5,2,siddpat
8099,16635130,Pongsaky,"2026-08-01 12:56:02",344.4,2,gantanch
8100,16759407,"Giovanni Colpani","2026-08-22 17:02:37",344.3,2,giovannicolpani
8101,16758426,"Attique Ansari","2026-08-22 11:50:42",344.1,2,attiqueansari
8102,16871894,sx2154,"2026-09-15 03:31:27",344.1,2,sx2154
8103,16865101,"Hanlinh ","2026-09-11 03:58:09",343.9,2,hanlinh227
8104,16817520,shreyansh0103,"2026-09-15 09:18:38",343.7,2,shreyansh0103
8105,16735080,"SARTHAK PATIL","2026-09-02 19:23:03",343.3,2,sarthakpatil23
8106,16912620,"Mitul Khemani","2026-09-17 09:25:17",343.1,2,mitulkhemani
8107,16682632,Sebastiaan,"2026-08-27 18:24:40",343.1,2,sebastiaanreinders
8108,16890155,GSD,"2026-09-14 12:56:05",343.0,2,gsdeepakkumar
8109,16659410,TTH,"2026-08-07 08:21:16",342.7,2,tthungdz
8110,16896207,"Bùi Cao Trí","2026-09-15 16:17:43",342.6,1,bicaotr
8111,16661351,"Adekojo Adeyemi","2026-08-04 15:25:52",342.5,1,adekojoadeyemi
8112,16656472,angusdddsa,"2026-08-04 06:04:22",342.5,2,angusdddsa
8113,16658319,"Huỳnh Nguyễn Trọng Tín","2026-08-06 06:23:40",342.4,2,tnhunhnguyntrng
8114,16673152,"Arijit Raj","2026-08-06 08:23:14",342.3,2,arijitraj02
8115,16762854,J8young,"2026-08-26 13:52:54",342.1,1,j8young
8116,16662967,"Amalio Gomez","2026-08-04 22:07:16",342.0,1,amaliogomez
8117,16732296,"duong nguyen","2026-08-20 14:51:38",342.0,1,duongnguyen161
8118,16782192,"Marcelo Correa","2026-09-18 10:26:15",341.9,2,mvcorrea
8119,16660568,Fascetta,"2026-08-07 20:48:53",341.8,2,fascetta
8120,16658733,luoqiuy,"2026-08-04 10:46:04",341.6,2,luo912
8121,16777607,"je nap","2026-08-30 01:56:28",341.4,2,johnenapoles
8122,16749568,"Nana Hung","2026-08-23 02:17:34",341.3,2,nanahung
8123,16686716,"menna hassanM","2026-08-28 21:49:51",341.2,2,mennahassanm
8124,16665252,"Harsh Katara","2026-08-05 06:51:14",340.8,1,harshkatara
8125,16655729,"Arnab Mallick","2026-08-04 02:41:48",340.8,2,arnabmallick24
8126,16665360,"Ayush Bhadauria","2026-08-19 11:11:51",340.8,2,ayushbhadauria50
8127,16659234,"MARY RAISA P","2026-08-27 07:06:43",340.7,2,"harinimala21,maryraisap,saha0102"
8128,16657658,"Esther Usman","2026-08-25 23:45:50",340.4,2,estherusman
8129,16641294,YogeshG22,"2026-08-03 17:58:51",340.4,2,yogeshg22
8130,16623739,SarsaShen,"2026-08-05 07:12:00",340.3,2,sarsashen
8131,16659533,"Pavan Desai","2026-08-10 16:29:20",340.1,2,pavancdesai
8132,16662428,"Sonu kumar","2026-08-24 05:18:49",340.1,2,sonukumar9142
8133,16639067,"ToMY F.","2026-08-11 11:34:31",340.1,1,tomyfdev
8134,16661551,SimonAx,"2026-08-10 09:41:59",340.1,2,simonaxel
8135,16802128,"vaman soni","2026-09-02 10:08:49",340.1,1,vamansoni
8136,16691936,"Adhar Chaudhari 07","2026-08-09 08:13:35",340.0,2,adharchaudhari07
8137,16743604,KeswaniRohit,"2026-08-22 17:19:18",340.0,2,keswanirohit
8138,16716713,"T Vamsi Krishna","2026-08-13 09:37:43",340.0,1,vamsee3763
8139,16635243,MlMlDev34,"2026-08-01 11:26:52",339.5,2,mlmldev34
8140,16655811,"Duy Trần","2026-08-04 08:23:27",339.4,1,duyqtrn
8141,16668453,"Kawish Hassan","2026-08-05 16:51:03",339.1,2,kawishhassan
8142,16711497,"Korvi sai kumar","2026-08-13 08:02:21",339.1,1,korvisaikumar
8143,16845081,"Sera Ria Gomes","2026-09-10 12:28:43",339.0,2,serariagomes
8144,16701902,"Matthew Souza Chong","2026-08-11 05:58:50",339.0,2,matthewsouzachong
8145,16868034,"Vivek Teja","2026-09-14 19:25:09",338.9,1,vivektejaraju
8146,16710906,Krunal.ix,"2026-08-12 07:06:58",338.9,1,krunalix
8147,16783863,"Vivek Vardhan Reddy","2026-08-31 06:14:34",338.8,2,vivekvardhanreddy77
8148,16770232,MinhTran2346,"2026-09-07 14:12:04",338.6,2,minhtran2346
8149,16738581,"mr moradi1","2026-08-18 14:31:26",338.4,1,mrmoradi1
8150,16706276,MitulbhBhatia,"2026-08-18 04:02:38",338.3,2,mitulbhbhatia
8151,16721675,stork8i,"2026-08-14 13:16:26",338.3,1,stork8i
8152,16877927,"EFE ULKER","2026-09-12 00:13:05",338.1,2,efeulker
8153,16666115,"Iam Intolerable","2026-08-06 07:48:28",338.1,2,iamintolerable
8154,16909521,"Rabs Cats","2026-09-17 02:10:02",338.0,1,rabscats
8155,16754141,SicilyTing,"2026-09-08 14:53:25",337.9,2,sicilyting
8156,16712257,Banarto,"2026-08-13 07:49:16",337.7,1,banarto
8157,16709165,"Yooraj Gole","2026-08-13 18:10:17",337.2,1,yoorajgole
8158,16768551,"AAYUSHMAAN SINHA","2026-08-25 02:43:00",337.2,2,aayushmaansinha
8159,16894314,curious007hi9387983,"2026-09-17 07:41:07",337.1,1,curious007hi9387983
8160,16797284,Alice7371,"2026-08-31 17:58:22",336.9,1,alice7371
8161,16682454," Vandanaa R","2026-09-02 09:48:24",336.9,2,vandanaar
8162,16859646,Andy2009,"2026-09-09 12:12:02",336.7,2,andy2009
8163,16767037,"Yubraj Sigdel","2026-08-24 15:45:56",336.7,1,yubraj11
8164,16719709,Rishiii360,"2026-08-18 03:46:23",336.5,2,rishiii360
8165,16686332,毛治钦,"2026-09-01 05:05:37",336.5,2,maozhiqinf
8166,16672020,"Arum Puri ","2026-08-18 14:03:33",336.3,2,arumpuri
8167,16623405,nbarlow,"2026-08-12 20:01:08",336.3,2,nickbarlow
8168,16655446,"Ismael Omar Leonidas Hurtado Vargas","2026-08-04 00:07:01",335.8,1,ihurtadov
8169,16738563,"Amrutha H","2026-09-16 13:19:31",335.7,2,amr13utha
8170,16661212,AnkitRaj4004,"2026-08-23 13:17:37",335.6,2,ankitraj4004
8171,16658452,Hillclimber,"2026-09-13 01:50:22",335.5,2,driessmit1
8172,16689841,Pavani2325,"2026-08-08 10:00:56",335.2,2,pavani2325
8173,16683075,"Manuel lasarte León","2026-09-04 10:27:02",335.0,2,manuellasarte
8174,16657145,"Shudipto Trafder","2026-08-04 19:25:24",335.0,1,iamsdt
8175,16713319,"David Tilman","2026-08-12 18:56:13",334.7,2,davidtilman
8176,16729572,"Aswin Ramanathan","2026-08-17 16:17:38",334.5,1,aswinramanathan
8177,16765805,"sayyad karimun","2026-08-25 10:14:26",334.3,1,sayyadkarimun
8178,16670600,"Leon Lum","2026-08-20 14:58:27",333.9,2,leonlum
8179,16682229,"mayuri sarangi","2026-08-29 14:03:36",333.9,2,mayurisarangi
8180,16658320,"Justin Eight","2026-08-27 07:29:52",333.8,2,justineight
8181,16866140,Mantis,"2026-09-11 04:49:40",333.6,2,orchidmantis
8182,16660099,Desireog71,"2026-08-08 15:01:19",333.4,2,desireog71
8183,16694264,"Vansh Visariya","2026-08-10 09:00:11",333.2,2,vanshvisariya
8184,16666353,"Pal Savani","2026-09-14 19:01:01",332.9,2,palsavani
8185,16658897,"Teja Pattem","2026-08-07 10:42:44",332.7,2,tejapattem
8186,16670812,"Brian Toman","2026-08-09 15:56:22",332.7,2,briantoman
8187,16654407,"Serendeep Rudraraju","2026-09-04 03:17:43",332.6,2,serendeeprudraraju
8188,16683178,soulasin,"2026-08-07 14:32:26",332.6,2,soulasin
8189,16677312,"Kavuri Sravya","2026-08-19 02:33:01",332.1,2,kavurisravya
8190,16672138,mostafa69ca,"2026-08-06 05:03:43",331.7,1,mostafa69ca
8191,16838645,"Deepak #2","2026-09-06 10:20:54",331.7,2,deepakup85
8192,16898498,"Prakash Bandi","2026-09-18 00:44:47",331.4,2,prakashbandi
8193,16683136,"Stefano Ciaci","2026-08-16 14:47:29",331.3,2,stefanovcciaci
8194,16669725,chosunghwan,"2026-08-06 03:52:24",331.2,1,chosunghwan
8195,16915613,MDM,"2026-09-17 16:03:54",331.2,2,themdm
8196,16660436,turkenm,"2026-08-06 13:03:36",330.7,2,turkenm
8197,16659523,"Ahmad Khidir","2026-08-27 22:33:31",330.3,1,ahmadkhidir
8198,16661068,ZeViX,"2026-09-08 06:29:42",330.3,2,"codinggeek101,vedantkhete"
8199,16666056,"sarthak gupta1303","2026-08-05 11:01:04",330.3,2,"sarthakgupta1303,sathviktummalapenta"
8200,16690183,ankit8924praj,"2026-08-14 15:43:56",330.1,2,ankit8924praj
8201,16666171,"JD Crew","2026-08-06 12:52:58",329.8,2,"abhijnanpodder,ahsafabid"
8202,16740191,"Arjun Dhillon","2026-08-19 15:15:57",329.8,2,arjundhillon07
8203,16751311,JoangHZ,"2026-08-21 09:18:57",329.7,2,joanghz
8204,16698739,"Sahrul Adicandra","2026-08-11 04:06:08",328.8,2,sahruladicandra
8205,16636643,"Babul Kumar","2026-08-02 07:46:50",328.7,2,babulkumar07
8206,16662659,"Chiziterem Eze","2026-08-11 12:20:48",328.7,2,chiziteremeze
8207,16658450,"Krish Singh","2026-08-05 16:11:00",328.7,2,krishsingh2283
8208,16681177,"Ivan Kevin Garcia Hernandez","2026-08-17 19:25:34",328.4,2,jedilgh
8209,16660992,"Vishnu Vardhan Dumpala","2026-08-05 18:17:30",328.2,1,vishnuvardhandumpala
8210,16728571,hasibirok0,"2026-09-06 01:16:24",328.1,2,hasibirok0
8211,16895317,MrUserm,"2026-09-17 05:48:09",328.0,2,mruserm
8212,16665661,Ikhbar,"2026-08-05 09:50:57",327.8,2,ikhbar
8213,16660996,"Thịnh Nguyễn Chí Tiến","2026-08-08 01:49:40",327.8,2,thnhnguynchtin
8214,16850246,"Makarand Gokhale","2026-09-14 12:20:03",327.2,2,makarandgokhale
8215,16670881,"Amir Y. Sajjadi","2026-08-05 23:56:26",327.2,1,amirysajjadi
8216,16692084,"Kaggri Farmers","2026-08-29 19:47:29",326.6,2,"jayant99acharya,satvikkolluru"
8217,16660369,"Dev MCP","2026-08-04 12:59:09",326.5,1,nishant2905
8218,16858496,"Aziz Alqwm","2026-09-18 04:07:38",326.2,2,azizalqwm
8219,16725769,NikunjMakhija_,"2026-08-19 13:01:57",326.1,2,nikunjmak
8220,16662403,"ulaş özen","2026-08-05 19:49:16",326.0,2,ulazen
8221,16667033,"Geethika Sandireddy","2026-08-15 07:04:31",325.8,2,geethikasandireddy
8222,16867163,"Harikesh Shukla","2026-09-14 05:04:51",324.9,2,harikeshshukla
8223,16700187,"adrian purnama","2026-08-10 10:50:45",324.8,1,adrianpurnama
8224,16858795,"Радик Владимирович Хорошев","2026-09-10 07:59:02",324.7,2,rodionkh
8225,16660341,"Nefise Aybar","2026-08-04 12:37:29",324.7,2,nefiseaybar
8226,16652970,"Abhay sarkar","2026-08-05 14:40:05",324.6,1,abhaysarkarai
8227,16794729,Copperford,"2026-09-08 00:41:27",324.4,2,copperford
8228,16633737,nrg,"2026-08-04 20:19:50",324.3,1,nargizaskarbekkyzy
8229,16727044,"Kai Leisten","2026-08-16 10:19:42",324.1,2,kaileisten
8230,16706181,"Juvenal Pedro Baptista","2026-08-16 14:58:40",324.1,2,juvenalpedrobaptista
8231,16763916,"Mohamed Nchourupouo","2026-08-24 09:28:47",324.1,2,mohamednchourupouo
8232,16628296,NoxMetenis,"2026-08-15 17:54:03",323.9,1,avasgaire
8233,16630545,"GAURAV PARKHEDKAR","2026-08-01 07:00:23",323.8,2,gauravparkhedkar
8234,16823229,aper,"2026-09-05 08:42:58",323.6,2,todaya
8235,16778327,WangYingChen,"2026-08-28 03:11:28",323.4,1,wangyingchen
8236,16664469,"Thorlapati Nikhil","2026-08-11 19:11:09",323.3,2,thorlapatinikhil
8237,16784538,"mou1234568 fdsfds","2026-08-28 18:05:29",323.3,2,mou1234568fdsfds
8238,16661012,"Tesfahun Feleke","2026-09-12 12:42:39",323.1,2,tesfahunfeleke
8239,16690055,"Prem Kumar","2026-09-02 05:56:28",322.8,2,premkumar099
8240,16696061,Mingyuan2002,"2026-08-28 17:15:00",322.5,2,mingyuan2002
8241,16691813,Hyezir4,"2026-08-10 08:36:47",322.3,2,hyezir4
8242,16774954,Ye_xz233,"2026-08-26 15:35:23",321.9,2,yexz233
8243,16662491,Rudra070311,"2026-08-11 17:06:39",321.6,2,rudra070311
8244,16730679,"Hoàng Trọng Hiếu","2026-09-13 08:32:32",321.5,2,hongtrnghiu
8245,16675048,Wizard_King,"2026-08-06 19:35:41",321.5,2,anshumanrayy
8246,16716476,lnssan,"2026-08-20 13:05:18",321.3,2,lukanilssandmayr
8247,16682345,Gordy,"2026-08-31 07:39:13",321.2,2,gordyii
8248,16661690,codefusiondu,"2026-08-06 04:53:25",321.1,2,codefusiondu
8249,16659415,PincheCabrón,"2026-08-17 17:34:01",321.1,2,pinchecabrn
8250,16839939,Lemonabc,"2026-09-05 12:56:42",320.8,1,lemonabc
8251,16675218,데미안과마루,"2026-08-18 14:16:13",320.7,2,siver3
8252,16673753,hmmmSure,"2026-09-15 18:13:47",320.5,2,gerardnitt
8253,16687403,"Raja Sai Vardhan","2026-08-09 08:19:22",320.5,2,rajasaivardhan
8254,16698591,FestusKipkoech,"2026-08-28 18:58:28",320.4,2,festuskipkoech
8255,16663351,MiguelS,"2026-08-07 15:25:29",320.4,2,lordm758
8256,16792780,"Sreekar Reddy","2026-09-01 15:33:38",320.4,2,eshured
8257,16844246,"CS Abhinay","2026-09-17 08:56:32",320.1,2,csabhinay
8258,16688859,"Muhammad Fayaz Khan","2026-08-08 06:36:02",320.0,2,mfayazkhan
8259,16807668,kilariHemalatha,"2026-09-05 04:33:19",319.8,1,kilarihemalatha
8260,16854519,nmw,"2026-09-09 15:23:56",319.7,2,rubikkaggle
8261,16666639,"Dheeraj Pranav","2026-08-24 19:38:42",319.5,1,dheerajpranav
8262,16662495,Earth,"2026-08-15 10:54:03",319.5,2,earthearth
8263,16757557,BitxWolf,"2026-08-22 19:06:48",319.4,2,bitxwolf
8264,16769212,"jason vetter","2026-08-25 05:48:22",319.2,1,jasonvetter
8265,16723046,"Pedro Joás","2026-09-11 14:59:09",319.1,2,pedrojos
8266,16678653,Wzjj98,"2026-08-06 19:31:39",319.0,1,wzjj98
8267,16791680,"Surja Sarker","2026-09-04 12:12:24",318.6,2,surjasarker
8268,16728465,"Abdurrahman Assegaf","2026-08-16 12:13:15",318.6,2,amanshop
8269,16882973,"Omar Tarek Abdelkader Ahmed El Belbeisy","2026-09-12 22:59:07",318.4,2,patmux
8270,16843393,"Rizki Syawaldi","2026-09-06 15:42:28",318.3,1,rizkisyawaldi
8271,16681638,aadi_065_,"2026-09-14 05:38:37",318.1,2,aadi065
8272,16700876,"Oyegoke Emmanuel","2026-09-04 11:32:28",318.0,2,oyegokeemmanuel
8273,16868524,"Chutayu Adhittayawong","2026-09-11 03:30:13",318.0,2,arteezy009
8274,16709522,"Sanjay Dilip","2026-09-14 01:31:50",318.0,2,sanjaydilip
8275,16723487,RoboDavo,"2026-08-19 00:36:17",317.9,2,robertdavidson1911
8276,16705294,"zhenf Liu","2026-08-11 07:51:06",317.9,2,zhenfliu
8277,16660658,Shlok_Sharma0001,"2026-08-19 09:31:48",317.7,2,shloksharma0001
8278,16721533,"Lakshya Sharma","2026-08-16 06:01:34",317.5,2,lakshyasharma007
8279,16690163,"Abhay Upadhyay","2026-08-08 18:05:54",317.5,2,abhay18s
8280,16765997,"Diya Sharma","2026-09-13 18:08:07",317.3,2,diyasharmanexa
8281,16660308,zhangzhenman,"2026-08-25 06:14:26",317.3,1,zhangzhenman
8282,16693821,"DARSHAN A","2026-08-11 18:02:26",317.2,2,ad12345kag
8283,16838913,LunaT2,"2026-09-05 09:10:21",317.1,1,lunat2
8284,16682559,"Punit Pritam Mohanty","2026-08-11 06:21:03",317.0,2,punitpritammohanty
8285,16667406,"Abdulrahman AlAsali","2026-08-05 13:20:41",316.9,1,abdulrahmanalasali
8286,16666719,helenkwok,"2026-09-12 06:53:13",316.5,2,helenkwok
8287,16734670,Sparsh,"2026-08-22 01:48:51",316.4,2,sparshsinha24
8288,16633330,"danielle Ange","2026-08-12 16:26:03",316.3,2,danielleange
8289,16682262,"Pardeep Singh","2026-09-01 11:01:27",315.6,2,pardeep06
8290,16655621,xia0910,"2026-08-08 11:03:21",315.5,2,xia0910
8291,16690514,"Aditya #3","2026-08-09 06:29:48",315.4,1,a0x1ab
8292,16657729,"Kandregula V S S V P Krishna Murthy","2026-08-08 15:29:35",315.4,2,kkandregula
8293,16664072,"victor aguilera","2026-09-16 13:04:15",314.7,2,viaguilera
8294,16641866,"Prem Gandhi","2026-08-06 19:48:18",314.4,2,gprem352
8295,16689923,Dhinesh,"2026-08-09 08:39:37",314.3,2,dhineshwarrs
8296,16859269,BAILW,"2026-09-09 13:47:08",314.1,1,baimatubama
8297,16659975,"Rahul Sain","2026-08-05 18:54:58",313.9,2,rahulsain2001
8298,16755632,"Adarsh Yadav","2026-08-21 16:34:37",313.9,1,adarsh12yadav
8299,16672689,"Yusuf Yemez","2026-08-06 06:51:07",313.8,1,yusufyemez
8300,16656351,"Triet Ho","2026-08-07 07:27:33",313.4,2,trietho247
8301,16653903,Manav2805,"2026-08-04 09:25:08",313.4,2,manav2805
8302,16795802,Kk,"2026-09-09 08:50:14",313.3,1,cudamax
8303,16811407,"Souta Wakatsuki","2026-09-15 19:51:30",313.2,2,souwaka
8304,16686700,"Hakkı selim Ak","2026-08-07 17:06:03",313.1,1,hakkselimak
8305,16694673,"B T Chinmayi","2026-08-27 19:47:10",313.1,2,btchinmayi
8306,16746121,Nononoi,"2026-08-21 07:18:02",312.8,1,nononoi
8307,16624553,"Abiram Bharathi S.A","2026-09-08 11:40:32",312.4,2,abirambharathisa
8308,16757233,"Tet Toe Wai","2026-08-24 07:51:45",312.2,1,tettoewai
8309,16666033,"Shota Takano","2026-09-12 23:15:51",312.0,2,shotatakano
8310,16729246,"Ayodeji Akinola","2026-08-29 19:45:30",311.7,2,ayodejiakinola
8311,16628190,Horizonx30,"2026-08-09 18:06:56",311.6,2,horizonx30
8312,16785111,"JEFFREY KIRUBA J ","2026-08-28 18:07:41",311.3,1,jeffreykirubaj
8313,16681801,majj,"2026-08-11 03:07:46",311.3,2,m313786372
8314,16684308,Itsside_jay,"2026-08-07 11:46:48",311.1,1,itssidejay
8315,16764868,y129besan,"2026-09-05 23:47:35",310.7,2,y129besan
8316,16659696,"Lakshyaraj Singh Rathore","2026-09-05 18:47:32",310.7,2,lakshyarajrtm
8317,16668166,Pikachu,"2026-08-05 14:52:15",309.9,2,"arpankumarsinha,phantomboy69,subhojitpaul2006"
8318,16800468,Vaishnavi,"2026-09-01 11:13:30",309.8,1,vaishnavisri09
8319,16720606,Williamtime,"2026-08-17 03:11:34",309.8,2,williamtime
8320,16818690,"Arionchen TitanTeam","2026-09-04 08:52:16",309.8,2,arionchentitanteam
8321,16702052,"Beny Pratama Putra","2026-08-12 16:18:20",309.5,2,benypratamaputra
8322,16664147,JordanM10,"2026-08-05 19:54:08",309.3,1,jordanm10
8323,16678521,"Arina Nevolina","2026-08-06 20:31:22",309.3,1,nevolinaa
8324,16758856,"Ali Zaib","2026-08-27 20:12:02",309.1,2,alizaib001
8325,16774471,"Seymour Schmidt","2026-09-16 10:56:11",309.0,2,angrybread
8326,16740263,"Scott Weeden","2026-09-18 08:06:39",308.9,2,scottweeden
8327,16654348,rkeshwani,"2026-08-07 16:17:49",308.6,2,rkeshwani
8328,16726021,"The Farm Game","2026-09-02 13:23:00",308.5,2,"tacostew,thomasbower6"
8329,16664218,"Nguyen Vu Tue Khang","2026-08-24 03:32:10",308.5,2,nguyenvutuekhang
8330,16711348,ticoraph,"2026-08-21 18:55:56",308.4,2,ticoraph
8331,16664718,Vedika_,"2026-08-11 18:28:09",308.4,1,lighjt
8332,16653054,Khongor2424,"2026-08-03 15:32:17",307.3,2,khongorkikaik21
8333,16747086,Karma_350234,"2026-08-20 09:56:52",307.2,1,karma350234
8334,16732315,"Filip Chladek","2026-08-17 13:37:38",307.1,2,filipchladek
8335,16789486,TanjiahaoXX,"2026-08-29 07:47:37",306.8,1,tanjiahaoxx
8336,16707118,"DEVEN BAGADE","2026-08-11 11:24:10",306.5,2,devenbagade
8337,16658725,"syed jawad","2026-08-17 08:49:32",306.3,1,syedjawad663
8338,16766823,suikkee,"2026-09-02 05:05:50",306.1,1,suikkee
8339,16761681,"Ming Myung","2026-08-24 05:12:56",306.0,2,vanhaminhquan
8340,16855181,Komal_Rani,"2026-09-08 16:39:15",305.8,2,komalvinayak
8341,16725135,"clement cg","2026-08-19 07:54:00",305.8,2,clementcg
8342,16721849,ayushai8714,"2026-08-28 09:36:41",305.4,2,ayushai8714
8343,16879958,Sash.a,"2026-09-12 18:09:09",305.4,1,smashaza
8344,16844194,小林周人,"2026-09-17 14:57:34",305.4,2,kobashu
8345,16621557,"Vijay Krishna Lanka","2026-08-26 01:20:53",305.3,2,vijaykrishnalanka
8346,16659493,"Ori Glisko","2026-08-09 14:27:44",305.2,2,origlisko
8347,16713082,"Siyam Molla","2026-09-06 08:06:43",305.2,2,siyammolla
8348,16683421,"Ruchita Yadav","2026-08-13 18:09:54",304.8,2,ruchitayadav20
8349,16668464,Mauro,"2026-08-05 15:57:27",304.5,2,ilmaurino
8350,16791786,BladeOffline,"2026-08-30 03:42:42",304.4,1,bladeoffline
8351,16633982,Nikunj1375,"2026-08-07 08:40:29",304.2,2,nikunj1375
8352,16785050,"MITHIL J URK26CS7067","2026-08-28 18:29:14",304.0,1,mithiljurk26cs7067
8353,16659865,Rithikaaaaah,"2026-08-17 07:09:08",303.6,2,rithikaaaah
8354,16684223,"Aayush Shah","2026-08-13 17:57:28",303.5,2,aayushshah265
8355,16662054,"phantom of shubh","2026-08-11 07:54:46",303.5,1,shubhamkumar123490
8356,16728948,L3MG,"2026-08-16 21:17:06",303.4,2,lemgyy
8357,16716592,"Poma Mikhail","2026-09-10 09:08:04",303.3,2,ambisinistra
8358,16657159,"Amey Malpurkar","2026-08-11 07:35:27",303.2,2,"ameymalpurkar,siddheshsadarao"
8359,16659453,"Ishwar Rathod","2026-08-06 03:29:27",302.9,2,ishwarrathodofficial
8360,16654430,"Rishoban Y","2026-08-07 13:46:37",302.2,1,rishoban
8361,16732280,"Akarsh kumar shukla","2026-08-18 20:38:35",302.1,1,akarshkumarshukla
8362,16623730,"Ethan Higgins","2026-07-31 02:25:21",301.7,2,ethanhigginz
8363,16778585,Deepa,"2026-09-11 11:13:56",301.6,2,deepa42639
8364,16661639,"Jayanth Kumar D","2026-08-06 13:36:46",301.5,2,jayanthkumard
8365,16655875,PLLZ,"2026-08-17 01:11:41",301.2,2,pllzzz
8366,16757689,YanXiaohan666,"2026-09-14 03:29:51",300.9,2,yanxiaohan666
8367,16671959,"Sintu Verma","2026-08-09 05:44:56",300.7,2,sintuverma
8368,16668559,Goups,"2026-08-22 09:11:46",300.4,2,hervrenard
8369,16658391,"Jack #2","2026-09-15 16:46:57",300.3,2,jack1233
8370,16845556,"li Insomenia","2026-09-07 04:07:10",300.2,2,liinsomenia
8371,16661290,"Kelian Esteve","2026-08-04 14:33:13",299.9,1,kelianesteve
8372,16690882,"Meet P. Shah","2026-09-05 04:32:03",299.9,2,meet47
8373,16656506,"Piyush Harde","2026-08-04 12:54:26",299.8,2,piyushharde
8374,16671566,renmin517,"2026-08-17 07:31:19",299.7,2,renmin517
8375,16777489,"Yousef Elbaz","2026-08-27 11:18:54",299.6,1,yousefelbaz
8376,16683970,"Zakhar Homyakov","2026-08-07 11:14:41",299.6,2,zakharhomyakov
8377,16652899,Isha,"2026-08-22 05:51:50",299.4,2,aarohi20
8378,16631989,"VIDIT SHRIMALI","2026-07-31 17:13:46",299.4,1,viditshrimali
8379,16893490,"Thales Galuchi","2026-09-18 01:25:28",299.1,2,thalesgaluchi
8380,16669535,sakshitantak,"2026-08-08 05:16:32",298.8,2,sakshitantak
8381,16882689,Soodari,"2026-09-12 21:56:31",298.8,2,soodari
8382,16665758,"Oladipo Bashir","2026-08-31 10:23:51",298.4,1,oladipobashir
8383,16660529,Imaanga,"2026-08-10 11:41:21",298.0,2,imaangababy
8384,16650070,"jakub slavíček","2026-08-04 12:58:40",297.7,2,jakubslavicek
8385,16672670,RonTroy,"2026-08-13 04:46:15",297.5,2,rontroy
8386,16858604,"Ye Naing","2026-09-10 02:42:59",297.1,2,yenaing
8387,16784605,"Iniyan M D R","2026-08-28 13:53:22",296.0,1,iniyanmdr
8388,16691354,"Vedika Gupta","2026-08-08 14:20:25",296.0,1,vedikagupta0
8389,16867305,Prikat,"2026-09-17 20:36:51",295.8,2,prikat
8390,16646076,"Ajeet Krishnasamy","2026-08-04 19:52:27",295.8,2,ajeetkrish
8391,16685996,"Universal Entropy","2026-08-07 16:22:28",295.7,1,fennerjw
8392,16847927,"Laiba Hameed","2026-09-12 09:00:51",295.4,2,laibahameed08
8393,16830884,"Khalil hafni","2026-09-14 23:51:56",295.3,1,hafnix
8394,16849173,"Sarvajith Adyanthaya","2026-09-07 16:51:17",295.0,1,sarvajithadyanthaya
8395,16839430,EliaSav,"2026-09-06 15:33:34",294.5,2,eliasav
8396,16661955,Bingos,"2026-08-05 11:43:07",294.5,2,bingos
8397,16655315,SL,"2026-08-13 01:50:18",293.7,2,xndr007
8398,16623161,"Charles Kalaba","2026-08-08 13:06:02",293.5,2,charleskalaba
8399,16660473,"Owen M Kelley","2026-08-10 00:53:11",293.4,2,owenmkelley
8400,16659060,Pratham3gewg,"2026-08-06 18:26:51",293.3,2,pratham3gewg
8401,16796258,"Lanzhi Jiao","2026-09-03 08:31:13",293.0,1,lanzhijiao
8402,16652397,"Aniket Kumar","2026-08-06 13:29:50",292.8,2,kalkiavatar3
8403,16658676,"Abdul Roheem Abdul Warith","2026-08-04 18:59:04",292.5,1,albasoliyy
8404,16676302,Arnav,"2026-08-08 06:10:01",292.4,2,arnav03101
8405,16662913,"IYAMPAYE ribert","2026-08-04 19:01:38",292.1,1,iyampayeribert
8406,16765570,"Akhand Soni","2026-08-24 12:47:42",292.0,1,akhandsoni
8407,16657891,"Joshua Kinnah","2026-08-07 23:00:45",291.9,2,joshuakinnah
8408,16652276,Phare111,"2026-08-04 15:09:55",291.8,1,phare111
8409,16659581,"isah ridwan","2026-08-07 09:02:00",291.2,2,isahridwan
8410,16637025,kodalien,"2026-08-10 15:21:00",291.1,2,kodalien
8411,16809426,"The Nafl","2026-09-10 11:20:55",291.1,2,nafalrust
8412,16748410,Lemons,"2026-08-21 19:44:07",291.1,1,takahiromatoba
8413,16784225,sulala,"2026-08-29 08:51:26",290.7,2,sulala
8414,16808492,"beginner's luck","2026-09-06 02:32:36",290.5,1,"naohs01,tropicalbanana"
8415,16794647,"Michael Cahill","2026-09-01 07:46:28",290.3,2,michael1232
8416,16658357,heetmehta18,"2026-08-07 13:30:40",290.2,2,heetmehta0000
8417,16707092,"Asharani Sahu","2026-08-11 11:19:08",289.5,1,asharanisahu
8418,16712086,"Zubair Shafi","2026-08-16 23:23:04",289.5,2,zubairshafi5050
8419,16773545,faithk7u,"2026-08-31 21:57:43",289.4,2,faithk7u
8420,16662861,"Chirag Tutlani","2026-08-04 19:13:05",289.4,1,chiragtutlani
8421,16805109,"иван астахов","2026-09-10 21:30:35",288.9,2,iastakhov
8422,16664199,SomyaSingh_07,"2026-09-17 15:37:54",288.8,2,somyasingh07
8423,16682623,"Aditya Paul","2026-08-14 12:44:45",288.5,2,adityapaul634
8424,16690187,"Amrita Singh","2026-08-08 10:34:51",288.4,2,amrita004
8425,16634769,Fivingone,"2026-08-03 03:47:43",287.9,2,fivingone
8426,16772354,"Gleidistony Mendes","2026-08-28 17:50:07",287.7,1,gleidistonymendes
8427,16654253,"Gaius K Biju","2026-08-03 18:51:18",287.4,2,gaiuskbiju
8428,16682422,"SABBIR HOSSAIN 2029","2026-08-16 14:23:24",287.2,2,sabbirhossain2029
8429,16676084,"Abir Majdi","2026-08-24 00:24:35",287.0,2,abirmajdi
8430,16814858,"Sankalp Patidar","2026-09-15 08:57:20",286.9,2,sankalppatidar
8431,16656881,"Eugene Nyondo","2026-08-30 22:33:50",286.7,2,eugenenyondo
8432,16665114,"Francesco Benincasa","2026-08-05 09:56:52",286.5,2,francescobenincasa
8433,16686789,Hay-gent,"2026-09-07 05:37:52",286.5,2,"alagusuriyas,gayathrisrimai"
8434,16643303,sigireddyBalasai,"2026-09-12 11:40:23",286.1,2,sigireddybalasai
8435,16663600,"Adrián Flores","2026-08-05 00:38:36",285.7,2,foward2892
8436,16661213,"Daniel Siersleben","2026-08-05 12:53:41",285.6,1,danielsiersleben
8437,16660543,"BUTUH DUIT","2026-08-06 07:39:16",285.5,2,abulkahfi
8438,16895472,codeWS,"2026-09-16 11:40:02",285.2,1,codews
8439,16713204,Mohamedg,"2026-08-24 23:15:06",285.1,2,mohamedgcroesus
8440,16765329,"Bart Woz","2026-08-31 14:18:24",284.9,2,bartwoz
8441,16840506,"Jayanth Earla","2026-09-10 16:46:21",284.7,2,jayanthearla
8442,16740795,Yanshaoo2026,"2026-08-19 08:40:17",284.3,1,yanshaoo2026
8443,16658990,"Muhammad Burhan SE-45-02","2026-08-07 04:26:18",284.3,2,muhammadburhanse4502
8444,16667042,"Adarsh Mukundan","2026-08-07 17:12:28",283.9,1,aadarshmukundan
8445,16882182,":T Eh?","2026-09-13 09:16:32",283.8,1,goulustis
8446,16632319,Valentin,"2026-07-31 21:14:24",283.5,1,vaha94
8447,16707179,"Achintya Rai","2026-08-12 11:15:16",282.8,2,achintyarai
8448,16761731,"James Hu","2026-08-23 17:50:28",282.8,1,cnjameshu
8449,16667700,"Omar Mohammad","2026-08-05 15:52:54",282.8,2,omarmohammadw
8450,16762084,"Krishna Lokhande","2026-08-23 14:08:48",282.7,1,krishnalokhande8080
8451,16651668,Haiku,"2026-08-05 06:28:54",282.3,2,yangjiefu
8452,16767173,AgriNexus,"2026-09-12 12:58:54",282.2,2,rashmirajput0102
8453,16707228,"Milind Bansal","2026-08-11 11:45:00",282.2,1,milindbansal18
8454,16659387,dharssshiniii,"2026-08-04 09:48:15",282.2,1,dharssshiniii
8455,16748712,"Amit Kumar Gupta","2026-08-21 13:33:00",281.9,2,eramitg
8456,16790545,Adnane,"2026-09-01 02:18:09",281.5,2,adnaneel
8457,16687151,harshi101,"2026-08-08 06:32:37",281.3,2,harshi101
8458,16683284,"Haha Farming","2026-08-07 14:38:04",281.3,1,"akshitharamesh,harinir1423"
8459,16678362,"Mitiku Yohannes","2026-08-07 00:00:37",281.2,2,mitiku
8460,16756174,"Mateo Coelho","2026-09-02 19:10:01",280.9,2,mathsco
8461,16675037,"Stanislav Pashkov","2026-08-08 20:50:16",280.7,2,stanislavpashkov
8462,16658383,"SIVA S","2026-09-18 05:53:11",280.7,2,codingmaster24
8463,16736202,杨雨灿,"2026-09-08 00:51:59",280.6,2,yucanyang
8464,16865663,GauravPramodJain,"2026-09-10 09:44:04",280.5,1,gauravpramodjain
8465,16698562,Kyoko004,"2026-08-11 04:38:18",280.5,1,kyoko004
8466,16698920,"Rishabh Bhartiya","2026-08-12 13:48:26",280.3,2,rishabhbhartiya
8467,16689926,"Yongxiang Zhao #2","2026-08-12 03:33:27",280.3,2,yongxiangzhao
8468,16655003,"Paramjeet Kaur","2026-08-04 21:09:02",280.2,1,kauxp26
8469,16629403,Galza98,"2026-07-31 10:09:02",280.0,1,galza98
8470,16780106,"Mirangga Jakti","2026-09-09 20:05:22",279.7,2,miranggajakti
8471,16658941,Matts6591,"2026-08-17 07:59:36",279.5,1,mathwithmatt
8472,16668333,VishalVivek,"2026-08-07 09:46:17",279.2,1,vishal14332
8473,16655734,dworld,"2026-08-05 04:13:18",279.1,2,jagdishhalde
8474,16658065,"Parul Mittal","2026-08-06 13:55:51",278.8,1,pisces83
8475,16624246,"xu j1ayang","2026-08-11 05:12:47",278.8,2,xuj1ayang
8476,16669576,"zarnab waheed","2026-08-17 19:20:34",278.8,2,zarnabwaheed
8477,16666316,adityakr1001,"2026-08-05 09:33:41",278.7,1,adityakr1001
8478,16772388,XiaozhenWu2002,"2026-08-29 16:21:55",278.6,2,xiaozhenwu2002
8479,16658795,"Case Seller","2026-08-30 06:46:45",278.5,2,caseseller
8480,16672982,"Enes Aytaç","2026-08-14 12:12:24",278.2,2,enesayta
8481,16730653,"Daham Dissanayake","2026-08-21 03:17:15",277.7,1,"dahamdissanayake,dinuginimnara"
8482,16725104,ManasviVarma,"2026-08-23 10:20:35",277.4,1,manasvivarma
8483,16661879,"Pham Truc","2026-08-07 07:21:46",276.9,1,genti1206
8484,16665243,"Harshit Jha","2026-08-05 13:40:16",276.8,2,harshitjha28
8485,16762045,ADV,"2026-08-23 13:28:56",276.8,1,shuntianjiang
8486,16697373,"Sumit Bhattacharjee","2026-08-29 18:29:11",276.6,2,sumitbhattacharjee
8487,16753817,Karmers,"2026-09-04 14:46:31",276.6,2,"prasenjittadake,swapnilpatil2737"
8488,16885028,"wen yimeng","2026-09-13 09:26:04",276.2,1,wenyimeng
8489,16754845,"LG Music","2026-08-21 22:48:01",276.2,1,lgmusic
8490,16842088,"Hrithik Reddy","2026-09-07 09:46:01",276.0,1,hrithik22122
8491,16712089,"yui seya","2026-08-12 12:17:02",275.8,2,yuiseya
8492,16864283,"Nguyễn Cường","2026-09-10 05:03:59",275.2,2,nguyncngo
8493,16741555,"Rushikesh Shirwalkar","2026-08-19 11:02:46",275.2,2,rushikeshshirwalkar
8494,16689933,"Anjali Shah","2026-08-17 09:30:28",275.1,2,anjalishah0306
8495,16686950,"Kittikhun Pachana","2026-08-08 00:16:11",275.0,2,kittikhunpachana
8496,16743603,tanmoypal11,"2026-08-19 15:19:36",274.9,1,tanmoypal11
8497,16732746,MSG_Encrypted,"2026-09-11 23:47:57",274.8,2,msghais
8498,16756768,"Sayeed Ibrahim","2026-08-22 01:32:12",274.8,2,sayeedibrahim
8499,16785789,"Mateus Sousa do Carmo","2026-08-28 21:23:10",274.5,2,mateaadsaf
8500,16713601,"Omar spok","2026-08-19 13:27:13",274.3,2,omarspok
8501,16649650,"Ashish Barnawal","2026-08-11 04:08:04",274.1,1,klein4
8502,16697283,Puranjay02,"2026-09-10 07:09:06",273.9,2,puranjay02
8503,16675981,"Luca R","2026-09-13 08:39:57",273.7,2,luck058
8504,16755664,"Shivam Rajdev","2026-09-04 19:28:36",273.1,2,shivamrajdev
8505,16665461,"Krishna Golwala","2026-08-24 18:39:08",272.5,2,krishnagolwala
8506,16672325,Ispagiytiy,"2026-08-06 08:58:30",272.0,2,ispagiytiy
8507,16660144,"Léandre ELISHA","2026-08-09 12:25:44",271.9,2,landreelisha
8508,16759726,Phoenix,"2026-08-22 19:43:10",271.9,1,seanht1
8509,16740506,Growingduck,"2026-09-02 03:18:21",271.6,2,jaeminkang2021
8510,16669314,"Editor Jugnu AI","2026-09-06 08:31:32",271.4,2,editorjugnuai
8511,16658620,"Dina Chettouh","2026-08-04 09:13:27",271.2,2,dinachettouh
8512,16663253,"Albert Benjamin Asare","2026-08-06 19:29:05",271.0,2,albertbenjaminasare
8513,16790483,"ivo nahuel jasinskas","2026-08-29 14:08:28",270.9,1,ivonahueljasinskas
8514,16707372,"zidu cheng","2026-08-11 13:30:40",270.8,1,ziducheng
8515,16684191,"Patel Aryan D","2026-08-10 07:36:13",270.6,2,patelaryand
8516,16658489,小出和見,"2026-08-13 23:23:04",270.5,2,kzmk8d
8517,16748206,ArtlexYang,"2026-08-25 08:43:28",270.5,1,artlexyang
8518,16669523,Jackson55171,"2026-08-05 18:21:00",270.5,2,jackson55171
8519,16690161,"Sudipto Event","2026-08-11 09:25:00",270.3,2,sudiptoevent
8520,16676007,"Lao KENAO","2026-08-15 01:15:48",270.3,2,laokenao
8521,16666553,DevChheda26,"2026-08-05 09:53:22",270.2,1,devchheda26
8522,16740800,"Shiva Sai","2026-08-19 03:54:27",269.9,1,shivasai846
8523,16746682,"julio cesar valencia","2026-09-09 20:37:35",269.0,1,juliocesarvalencia
8524,16659698,"Duy Anh Nguyễn","2026-08-07 10:23:27",268.5,1,duyanhnguyn
8525,16623823,"Julieta Rubis","2026-07-31 04:45:53",268.5,2,julietarubis
8526,16677629,"XIE Jintao","2026-08-06 18:47:28",268.4,2,xiejintao
8527,16862181,"M chetin","2026-09-12 18:51:14",268.4,2,cetin95
8528,16684168,"Roaya Saed","2026-08-10 14:36:20",268.3,1,roayasaed
8529,16739918,POLAROID_86,"2026-08-18 21:56:04",268.3,2,polaroid86
8530,16894802,"phus sea","2026-09-15 16:23:01",268.2,2,phussea
8531,16670004,Zinc-Eater,"2026-08-19 22:50:41",268.1,2,zans7331
8532,16785434,"Caik Franco","2026-08-28 18:05:21",267.8,1,caikfranco
8533,16760903,"Derrick Lace","2026-08-23 04:23:40",267.7,2,derricklace
8534,16659804,"Gashahun Demise","2026-08-04 13:23:20",267.5,2,gashahundemiset
8535,16676501,"[Deleted] cf820879-5b51-45ff-9f0a-1d88833299b5","2026-08-08 08:32:10",267.2,2,kamraanmulani
8536,16706312,"shabbar taj","2026-08-11 16:35:57",267.2,2,shabbartaj
8537,16676305,JTHEFROG,"2026-08-08 12:09:45",266.9,2,joshyuasa
8538,16723065,"Kaio Castro","2026-08-28 17:24:26",266.8,1,kaiocastro
8539,16656595,"Sithija Amarathunga","2026-08-04 10:09:50",266.4,2,sithijaamarathunga
8540,16697712,"Daniel Hebenstreit","2026-09-06 11:53:20",265.9,2,danielhebenstreit
8541,16662105,PunnatatJAY,"2026-08-04 16:22:50",265.9,1,punnatatjay
8542,16665719,"[Armenia] Narek Petrosyan1","2026-08-05 07:49:34",265.8,1,narekpetrosyan1
8543,16711610,cc_z_kaggle,"2026-08-12 09:33:23",265.7,1,cczkaggle
8544,16657378,doteeee,"2026-08-14 11:43:40",265.5,2,narendra
8545,16684875,"Amitrakshar Mukherjee","2026-08-07 13:21:32",265.5,2,amitraksharmukherjee
8546,16795353,BlurreA,"2026-08-31 06:42:30",265.4,1,blurrea
8547,16737009,"Alexandre Pedrosa","2026-09-03 07:42:20",265.1,1,alexandrepedrosai
8548,16671302,"Pratish Chaudhary","2026-08-10 00:35:01",265.0,1,pratishchaudhary
8549,16701041,"Meet Babariya","2026-08-10 14:21:06",265.0,1,meetbabariya
8550,16724204,chestnut,"2026-08-21 02:15:17",264.9,2,yskkrbysh
8551,16889340,aryansaini1612,"2026-09-15 04:04:12",264.7,1,aryansaini1612
8552,16819370,"István Csik","2026-09-03 13:39:36",264.3,2,istvncsik
8553,16691322,"Anita rai98765","2026-08-16 19:05:43",264.2,2,anitarai98765
8554,16670185,"Odilon Yehouenou","2026-08-13 20:23:58",263.9,2,odilonyehouenou
8555,16666512,RexHuang936,"2026-08-07 08:51:41",263.8,2,rexhuang936
8556,16649074,nanato,"2026-08-28 04:27:29",263.7,1,nanato
8557,16757098,"Tharun kumar Jaya kumar","2026-08-30 02:29:39",263.7,1,tharunkumarjayakumar
8558,16660579,mayank,"2026-08-06 14:41:12",263.2,2,mayank921
8559,16809620,"Mohamed Alaa Elboraay","2026-09-02 19:11:42",263.0,2,mohamedalaa10
8560,16661469,"Qiqi Xie","2026-08-06 20:53:32",262.9,2,qiqixie123
8561,16655813,minerppdy,"2026-08-04 06:06:58",262.8,1,minerppdy
8562,16740950,Shaw,"2026-08-23 10:07:14",262.8,2,shaw06
8563,16669411,"Atta Ullah","2026-08-10 13:28:30",262.8,2,attaullahqau
8564,16661231,"R Ajay Kumar12","2026-08-04 14:12:11",262.6,1,rajaykumar12
8565,16677517,justnyoike,"2026-08-10 01:12:56",262.6,2,justnyoike
8566,16660957,CREVATEC,"2026-08-11 09:30:33",262.4,2,"olakunleolalekan,samueloladeji"
8567,16729884,"Chaimaa Matrag","2026-09-05 19:51:34",262.4,2,chaimaamatrag
8568,16761994,"Talha Sayyad faim","2026-08-23 11:32:37",262.2,1,talhasayyadfaim
8569,16907754,Shenghan,"2026-09-17 10:15:54",262.2,1,shenghanxie
8570,16654306,Shubham,"2026-08-03 19:09:40",262.1,2,sanjayshubham24
8571,16785175,SonOfNike,"2026-08-28 17:20:58",261.3,1,sonofnike
8572,16663869,CYBER_TECH99,"2026-08-05 01:40:15",260.8,2,cybertech99
8573,16748092,Luckshith,"2026-08-20 12:59:43",260.7,2,luckshith
8574,16772089,"Ana Riquele","2026-08-26 18:11:38",260.7,2,anariquele
8575,16668032,pat999,"2026-08-08 08:30:58",260.7,2,pat999
8576,16718890,"Andy Symonds","2026-08-19 23:04:11",260.6,2,andyivanhoe
8577,16673369,Frame,"2026-08-06 07:59:47",260.2,1,rainorwang
8578,16751488,Klixel,"2026-08-21 03:35:28",260.0,1,klixel
8579,16667063,"Amiksha S","2026-08-09 15:16:49",260.0,1,amikshas
8580,16653997,"Alekya Valapushetty","2026-08-05 13:52:08",259.9,2,alekyavalapushetty
8581,16683998,"Mahoraga save me","2026-08-07 22:09:22",259.8,2,yqngyv
8582,16659203,"Praful Nayak","2026-08-05 08:17:06",259.8,2,prafulnayak2003
8583,16677788,DorianCo,"2026-08-06 18:10:06",259.6,2,dorianco
8584,16707941,ニイエチカイン,"2026-08-14 15:28:42",259.4,2,j4ck99
8585,16913778,"Ugwushi Chijioke","2026-09-17 12:30:36",259.3,2,ugwushichijioke
8586,16660471,"Obsessed Beings","2026-08-24 16:44:48",259.3,2,"meur99,muhammedsaeed315,obsessedbeing,studentwork01"
8587,16708480,"Omar M.Moustafa","2026-08-11 18:55:58",259.2,2,omarmmoustafa
8588,16654318,"Aryan Raj Ayush","2026-08-23 08:34:14",258.8,1,aryanrajayush
8589,16663459,"Cristian Yeanpaul Palomino Calderon","2026-08-06 04:14:17",258.7,2,dawo0t
8590,16656679,"Sadiqa Bibi","2026-08-27 09:52:29",258.5,2,sadiqabibidata
8591,16822994,"Peter Danilov","2026-09-03 18:16:23",258.5,1,pndanilov
8592,16688231,"Antoine Matemane Mahirwe","2026-08-10 19:40:15",258.4,2,antoinemah
8593,16811014,"Overfit and Chill","2026-09-17 08:37:24",258.3,1,toyeshchakravorty
8594,16783872,"Soupau Lev","2026-09-01 09:50:33",258.2,1,olivierauffret
8595,16711673,losingself,"2026-08-12 09:07:45",258.2,1,level14taken
8596,16625775,liubingxin205,"2026-08-15 06:29:40",258.2,2,"hongjuw,liubingxin205"
8597,16822259,"Craig Goldswain","2026-09-07 14:52:01",258.1,2,craiggoldswain
8598,16643821,"arnav chaturvedi123","2026-08-02 22:16:08",258.1,2,arnavchaturvedi123
8599,16733204,"Sompalli Akhil Kumar","2026-08-18 10:14:08",257.9,2,sompalliakhilkumar
8600,16725615,carside,"2026-08-29 04:49:31",257.9,1,carside118
8601,16661587,"Debashis Mohapatra","2026-08-05 09:05:50",257.6,2,debashismohapatra
8602,16684535,Moonlight,"2026-09-07 14:16:17",257.2,2,rajesh1joc
8603,16662039,"Ajat Rosadi","2026-08-04 16:58:10",256.9,2,ajatrosadi
8604,16750033,davidw001,"2026-08-20 17:13:07",256.9,1,davidw001
8605,16683428,"Darsh Jilka","2026-08-19 09:03:08",256.0,2,darshjilka
8606,16665614,MesonLabs,"2026-08-11 06:17:27",256.0,1,mesonlabs
8607,16654293,"Jatin N. Soni","2026-08-18 09:59:05",255.8,2,jatinsoni111
8608,16666574,"hrishit prakash","2026-08-05 13:26:37",255.7,2,hrishitprakash
8609,16690494,StevenBeyen,"2026-08-13 07:55:32",255.6,2,beyensteven
8610,16793148,"Hoàng Trung Nguyễn","2026-09-01 08:08:00",255.6,2,hongtrungnguyn
8611,16644398,Nurkan123,"2026-08-16 21:20:24",255.5,2,nurkan123
8612,16708091,"Dipak Kumar Samanta","2026-08-11 15:17:04",255.5,1,dipak889
8613,16641331,ushi,"2026-08-05 13:33:18",255.4,1,yuki508
8614,16790137,sinchir0,"2026-08-30 12:52:05",255.4,1,sinchir0
8615,16670674,"Foodle Jang","2026-08-19 22:14:34",255.2,2,foodlejang
8616,16707519,"Pradnya Khanse","2026-08-11 12:52:07",254.9,1,pradnyakhanse
8617,16689903,wangbohuan,"2026-08-08 09:35:12",254.8,2,wangbohuan
8618,16633483,"benkerrouche abdelbasset","2026-08-07 16:11:50",254.7,1,bassetkerouche
8619,16659900,"Abu Bakr","2026-08-04 18:30:29",254.7,2,mohamed32010
8620,16655159,"Marcel Relaford","2026-08-13 01:26:26",254.6,1,marcelrelaford
8621,16656198,N9uy3nPham,"2026-08-06 10:56:04",254.5,2,n9uy3npham
8622,16658783,"Devesh Choudhury","2026-08-07 17:08:33",254.5,2,deveshchoudhury
8623,16657426,"M.Mukunda Reddy","2026-08-17 06:18:11",254.3,2,mmukundareddy
8624,16664157,"Runjie Zhu","2026-08-10 11:49:13",254.0,1,damiendesolei
8625,16841154,Kinjal,"2026-09-05 22:13:51",253.8,2,kinjalparmar5009
8626,16632145,kazuki_kazukazu,"2026-07-31 14:53:13",253.6,1,kazukikazukazu
8627,16755126,"David ter Kuile","2026-08-21 14:01:59",253.6,2,davidterkuile
8628,16841277,"Luis Garza Gonzalez","2026-09-08 05:07:26",253.5,2,luisgarzagonzalez
8629,16703295,Yuting,"2026-08-13 20:42:16",253.3,2,yutinghanuxd
8630,16862268,"Vishal Harry","2026-09-12 21:26:48",253.3,2,vshr777
8631,16856961,"Victor Egbo","2026-09-10 08:38:48",253.2,2,victoregbo
8632,16676003,franck,"2026-08-06 14:59:55",253.1,2,bakura
8633,16762459,GNR_network,"2026-08-23 13:59:19",253.0,1,gnrnetwork
8634,16744954,charley8,"2026-08-22 06:23:36",252.9,2,charley8
8635,16771048,"Aditya Pawar","2026-08-25 16:55:04",252.8,1,aditya22102001
8636,16852383,"Ahmed Mostafa #2","2026-09-08 06:46:03",252.7,2,republic966
8637,16627717,da_pond,"2026-07-31 08:33:57",252.2,1,dapond
8638,16632795,"vishwottam kudekar","2026-08-05 18:19:02",252.2,1,vishwottamkudekar
8639,16639684,Rubel,"2026-08-05 18:49:11",252.1,2,rubel01
8640,16695733,"Imad Zaanine","2026-08-11 02:11:15",251.8,2,imadzaanine
8641,16773557,"Rudra kalyan","2026-08-26 09:08:54",251.8,2,rk1144
8642,16654329,"Aby K Prakash","2026-09-17 17:04:51",251.7,1,abykprakash
8643,16657440,Lz7_129,"2026-08-04 15:26:01",251.7,1,lz7129
8644,16658888,NovaBytes,"2026-08-06 07:06:34",251.4,2,"drashtisingh14,kjjkjjk3107"
8645,16679467,"Ahmed Zedan","2026-08-18 00:28:27",251.4,2,ahmedzedan11
8646,16736084,"Kaishang Zhang","2026-09-02 13:41:28",251.3,2,kaishangzhang
8647,16758007,stoicsatvik,"2026-08-22 12:37:48",251.1,1,stoicsatvik
8648,16758090,"JOYMIE TALICUAD","2026-08-22 10:07:40",250.8,1,joymietalicuad
8649,16635098,"Charvi Upreti","2026-08-15 05:43:59",250.7,1,charviupreti
8650,16849556,"Peter Bull","2026-09-08 12:41:45",250.6,2,peterbull
8651,16806577,ShinYAM1002,"2026-09-06 17:33:20",250.4,1,shinyam1002
8652,16774202,Wrs,"2026-08-26 09:21:40",250.4,1,wrsarch
8653,16687620,Goktug1,"2026-08-24 21:03:56",250.2,2,goktug1
8654,16678647,"Zorawar Singh","2026-08-06 19:55:53",250.1,2,zorawarsingh677
8655,16712990,shreyaaaaa9,"2026-08-12 16:17:06",250.1,1,shreyaaaaa9
8656,16659374,"[Deleted] 8f7327b9-2576-439b-bd6e-3f5fde366ebe","2026-08-04 10:12:44",250.0,1,del=8b215115eb53cbc1
8657,16633833,"mohammad javad Kamali","2026-08-19 05:13:42",249.9,1,mohammadjavadkamali
8658,16807657,Dechant,"2026-09-14 08:39:17",249.9,1,dechant
8659,16719618,Javierrcs,"2026-08-14 13:16:05",249.6,1,javierrcs
8660,16660450,"prashant prakash","2026-08-08 09:45:36",249.4,2,prashantprakash28
8661,16831820,"Raihan Saladin","2026-09-12 17:21:34",249.4,2,raihansaladin
8662,16686316,"Ali mohon","2026-08-07 16:16:43",249.3,2,alimohon
8663,16695937,Ryckiii,"2026-08-09 13:03:24",249.3,1,ryckiii
8664,16779857,0x74,"2026-09-03 14:03:17",249.2,1,i0x74i
8665,16759675,TianKitty,"2026-08-27 04:43:06",248.8,1,tiankitty
8666,16723075,"Cauã Freitas","2026-08-28 17:35:54",248.6,1,cauafreitas
8667,16818924,"super penguin king","2026-09-03 12:35:44",248.5,1,superpenguinking
8668,16696266,"Pandarasamy Arjunan (Samy)","2026-08-09 14:16:03",248.4,1,samy101
8669,16724512,"Diw Gupta","2026-08-21 13:45:51",247.9,1,diwgupta
8670,16656692,"kinza aftab 714","2026-08-04 05:43:51",247.9,2,kinzaaftab714
8671,16784952,"Adria Barreto","2026-08-28 16:06:57",247.8,1,adriabarreto
8672,16749514,"M Harini","2026-08-20 16:43:59",247.7,1,rvmharini
8673,16681959,"shun takinami","2026-08-07 05:43:47",247.7,1,shuntakinami
8674,16701143,macneil,"2026-08-14 14:53:54",247.6,2,macneil
8675,16670506,"Juan Andres Bravo Mejia","2026-08-05 21:40:17",247.5,1,juanandresbravomejia
8676,16658152,MingSUN007,"2026-08-04 13:46:29",247.4,2,mingsun007
8677,16738539,"Sharath S","2026-08-21 05:19:45",247.2,2,akicodes
8678,16666383,"Sindhi Vishal","2026-08-14 10:46:32",247.2,2,sindhivishal
8679,16667691,alexanderctrl,"2026-08-18 10:10:51",247.2,2,alexanderctrl
8680,16659001,"Tim Wanjohi","2026-08-12 11:43:16",246.8,2,timwanjohi
8681,16669756,AlgSaid,"2026-08-05 18:54:07",246.5,1,imabdallah
8682,16745293,Harvey,"2026-08-22 04:20:10",246.4,2,celestia0113
8683,16699790,Aryanpal07,"2026-08-16 12:28:53",246.3,1,aryanpal07
8684,16675104,"khwaja Moula'Ali","2026-08-06 11:30:49",246.3,1,khwajamoulaali
8685,16880785,"CHIDANANDA G L","2026-09-12 11:18:48",246.3,2,chidanandagl
8686,16663525,"Eric Hilary Smith","2026-09-16 19:15:20",246.3,2,erichilarysmith
8687,16687891,qklent,"2026-08-09 19:44:12",246.2,1,qklent
8688,16644210,"حسنين ساجد","2026-08-07 22:08:44",246.0,2,kutghngf98687er
8689,16660321,syafanidwina,"2026-08-05 00:41:33",245.9,1,syafanidwina
8690,16657777,"sandeep kumar","2026-08-04 11:41:21",245.7,2,sandeep088
8691,16665704,"Sreesanth M S","2026-08-05 07:12:05",245.4,1,sreesanthms
8692,16796678,ka,"2026-08-31 16:16:03",245.3,1,kandruszek
8693,16728249,"Ahmet Kiraz","2026-08-17 07:23:30",245.3,1,ahmetqiraz
8694,16782747,goodgreen,"2026-08-28 04:30:23",245.3,1,goodgreen
8695,16844343,"Gotovtsev Artyom","2026-09-14 10:57:52",245.3,1,artemgotovtsev
8696,16748882,gsv,"2026-08-20 16:13:45",245.2,1,ram1o1
8697,16637845,"Hadjmohamd Seif","2026-08-08 21:47:53",245.2,2,hadjmohamdseif
8698,16728350,fajarnadeem808,"2026-08-16 13:07:59",245.1,2,fajarnadeem808
8699,16821068,"Danila Goncharenko","2026-09-03 15:22:12",245.1,2,danilegovich
8700,16790992,"Matthew Knyazev","2026-08-29 17:53:40",245.1,1,matthewknyazev
8701,16632881,"Brisa Marina","2026-08-07 16:13:15",245.1,1,brisamarina
8702,16882350,akacome,"2026-09-12 18:32:37",244.9,1,akacome
8703,16659703,"Ananya #2","2026-08-04 12:00:26",244.8,1,ananyax8
8704,16887893,"Sridhar C","2026-09-13 20:12:56",244.7,2,sridharchinnasamy
8705,16733752,Abhi,"2026-08-17 19:34:16",244.6,1,zeroday19
8706,16698987,"Shree Ashok L","2026-09-01 05:16:16",244.4,2,"praneelbaskar,rishivarathan,santhoshkumarp24,shreeashok72"
8707,16809584,"Kinnal Rutu","2026-09-02 15:01:01",244.3,2,kinnalrutu
8708,16919599,yygg2026,"2026-09-18 09:38:47",244.2,1,yygg2026
8709,16811524,PeiyuQian,"2026-09-11 16:00:55",244.2,2,peiyuqian
8710,16663191,"Arnav Anand","2026-08-04 19:53:08",244.2,1,arnavair27
8711,16727383,"Minchul Shin","2026-08-20 07:50:37",243.9,1,nashory
8712,16762167,"Arkoday Roychowdhury","2026-08-24 01:29:19",243.7,2,arkodayroychowdhury
8713,16654853,"Saketh Rao","2026-08-03 21:43:14",243.7,1,sakethrao
8714,16662048,"Deekshitha Prabhakar","2026-08-06 18:15:45",243.7,2,deekshithaprabhakar
8715,16685128,"Rohan Hake","2026-08-10 12:48:36",243.5,2,rohanhake
8716,16655508,bigsea,"2026-08-04 01:31:58",243.2,2,sakamakihiromi
8717,16672767,"FasterYouChase FasterIRun","2026-08-09 13:15:12",243.1,2,icoguser
8718,16724743,"Dr. James Gambrah","2026-08-17 08:48:47",242.7,2,jamesgambrah
8719,16662066,"Yug Savalia","2026-08-06 19:06:26",242.7,1,"priyankagarg19,yugsavalia"
8720,16723467,"Vladas Verkelis","2026-08-15 14:23:42",242.5,1,vlaveris
8721,16714263,Lmfm24,"2026-08-12 20:38:01",241.4,2,lmfm24
8722,16813582,Soham_7391,"2026-09-16 09:59:13",241.4,2,soham7391
8723,16680521,"Luis Enrique Dalmau","2026-09-04 09:45:18",241.3,2,luisenriquedalmau
8724,16663066,"Mithun Kore","2026-08-29 19:18:28",241.1,1,mithunkore
8725,16659280,"yahaya zayyan","2026-08-04 10:51:16",240.6,1,yahayazayyan
8726,16750526,"Marcel Biezunski","2026-09-05 16:44:52",240.5,1,marcelbiezunski
8727,16712844,"ray hengbo","2026-09-01 03:35:31",240.3,1,rayhengbo
8728,16723726,"Erika Worrall","2026-08-15 23:09:17",240.2,1,erikaworrall
8729,16655762,"Idrisse Moundhir","2026-09-05 08:21:45",240.2,1,idrissemoundhir
8730,16658567,"Sharif Mohamed (1)","2026-08-04 13:16:47",240.1,1,sharifmohamed1
8731,16658644,"Hitarth Pandey","2026-08-09 03:04:42",240.0,1,hitarthpandey
8732,16659572,"ABHILASH PRAHARAJ","2026-08-04 11:24:21",239.7,1,abhilashpraharaj
8733,16662603,"Shem Gikunda","2026-08-06 17:24:48",239.6,1,shemgikunda
8734,16668654,"Zharkyn Makhanbet","2026-08-10 18:28:08",239.4,1,imadparadoxi
8735,16830761,Skarmory,"2026-09-04 13:05:56",239.4,1,syarnorke
8736,16664863,zzzhhcc,"2026-08-13 06:15:42",239.3,2,zzzhhcc
8737,16861601,aliksey,"2026-09-11 17:22:46",239.1,2,aliksey
8738,16889852,"Abdikaliq osman","2026-09-16 00:48:05",239.0,2,abdikaliqosman
8739,16676991,"Jack Hopkins","2026-08-19 19:11:37",238.9,2,jackhopkins
8740,16667684,"Tim Neale","2026-08-06 13:01:12",238.7,1,timothyjneale
8741,16792392,pansya,"2026-08-30 08:13:58",238.6,1,pansya
8742,16716407,"Ibrahim Adamu Anka","2026-08-13 09:01:38",238.4,2,ibrahimadamuanka
8743,16684908,"Nidal Saleh","2026-08-08 14:08:20",237.8,2,nidalsaleh
8744,16687574,"Yash Raghuvanshi","2026-08-07 22:09:38",237.4,2,yashraghuvanshi25
8745,16712979,"Yusuke Tsukuda","2026-08-12 14:58:39",236.9,1,yusuketsukuda
8746,16635610,JeffFosterUK,"2026-08-01 17:16:52",236.9,2,jefffosteruk
8747,16667550,"Oseni Sakariyau Oluwadamilare ","2026-08-23 10:05:56",236.8,2,sakabambam
8748,16782525,"Ashish Mittal","2026-08-28 05:27:46",236.8,2,ashish1502g
8749,16660291,"Abhijit Rajkumar","2026-08-04 13:27:44",236.8,2,abhijitrajkumar
8750,16645300,szyulian,"2026-08-04 04:42:36",236.2,1,szyulian
8751,16756743,"Ismail Alli Adekunle","2026-08-21 22:59:18",236.1,1,ismailalliadekunle
8752,16768507,"Dhanush Ballanki","2026-08-25 00:33:27",235.8,1,dhanushballanki
8753,16731838,"zhexun Liu","2026-09-18 00:52:34",235.7,2,zhexunliu
8754,16799132,"Marlon Vasquez","2026-09-01 08:07:31",235.2,2,vexmeavf
8755,16802203,"Sadaf Mughees","2026-09-11 15:16:39",234.8,2,sadafmughees
8756,16667365,"leul dereje","2026-08-08 06:54:54",234.6,2,leuldereje
8757,16725288,mustafasadiqi,"2026-08-15 12:26:35",234.5,1,mustafasadiqi
8758,16744545,"Aditya Kumar Singh 013","2026-08-19 18:45:42",234.4,1,adityakumarsingh013
8759,16663003,devzohaib,"2026-08-04 21:27:30",234.3,1,devzohaib
8760,16680789,Marouane,"2026-08-15 02:41:18",234.3,2,marouanealahyane
8761,16654067,DataForge,"2026-08-05 10:19:25",234.1,2,"chanduchandini,goriparthiramatulasi,srilakshmipanitini,suryachakradhar"
8762,16654256,"KONGARA PRASANTH","2026-08-04 03:40:27",233.8,2,prasanth2008
8763,16623099,"Bovard Doerschuk-Tiberi","2026-07-30 21:04:23",233.5,1,bovard
8764,16663658,oriolgalceran,"2026-09-16 05:10:58",233.0,2,oriolgalceran
8765,16655786,leavts,"2026-08-04 02:35:50",232.9,1,leavts
8766,16850036,Sumzali083,"2026-09-07 19:23:11",232.8,1,sumzali083
8767,16698399,liuzhangzhen,"2026-08-10 09:49:23",232.8,1,liuzhangzhen
8768,16678355,"Tanuj Saxena","2026-08-07 10:10:24",232.5,2,tanujsaxena
8769,16798369,"Olabode James","2026-09-01 20:40:53",232.4,1,olabodejames
8770,16623846,"masatoshi hiraki","2026-07-31 07:52:39",231.6,2,masatoshihiraki
8771,16760920,"Román Eliezer Pérez Ríos","2026-08-31 18:07:43",231.4,2,perezrios
8772,16769754,daguniang,"2026-08-26 00:44:59",231.3,2,daguniang
8773,16710929,"Pooja Divekar","2026-08-16 08:22:48",231.1,1,poojadivekar123
8774,16809006,Ilya,"2026-09-02 13:23:05",231.0,1,zhukov
8775,16762081,VKAUL3,"2026-08-23 12:09:08",231.0,1,vkaul3
8776,16691583,Caleb,"2026-08-09 14:32:52",230.7,2,collev
8777,16690286,imunderthetree,"2026-08-08 12:25:51",230.2,2,imunderthetree
8778,16666027,CropBOTS,"2026-08-13 16:12:42",229.9,2,"anshultickoo,itsmepooja,manuakumar,sapnajain115"
8779,16682051,"Noorjahan Siddiqui","2026-08-10 09:33:35",229.7,2,noorjahansiddiqui
8780,16662353,"LAYAL ALNASHMI","2026-09-12 11:37:55",229.3,2,waitups
8781,16658761,!Aman212,"2026-08-04 12:10:28",229.1,2,aman9142424
8782,16661810,AGNES33,"2026-08-16 19:09:18",228.5,2,agnes33
8783,16761134,mash3gt,"2026-08-23 06:10:12",228.5,1,shiroguitar
8784,16655292,"Ingrid Fellah","2026-08-04 06:31:35",228.3,2,ingvor
8785,16885658,mio114,"2026-09-13 14:05:56",228.2,2,mio114
8786,16654244,"Saad Nanawala","2026-08-03 18:17:33",227.8,1,saadnanawala
8787,16725537,"Ayan Bashir Sheikh","2026-08-15 18:02:07",227.6,2,ayanbashirsheikh
8788,16784360,"Suraj Kumar","2026-09-08 10:20:42",227.0,2,suraj99km
8789,16739908,"Asfam Parvez Kawser","2026-09-10 09:42:54",226.2,2,asfamparvezkawser
8790,16760392,Владимир,"2026-08-23 00:19:23",226.1,1,vgkuvshinov
8791,16760025,DEBI,"2026-09-17 21:07:44",226.1,2,"mayarabdelfattah,omarelmaghraby03"
8792,16858512,lkjmo123,"2026-09-09 06:45:18",226.0,1,lkjmo123
8793,16728152,"Kenji Tai","2026-08-16 18:27:33",225.9,2,kenjitai
8794,16743329,"Daniel Obioma emenike","2026-09-11 12:32:22",224.7,2,danielobiomaemenike
8795,16659910,"Shraddha Kumbhar","2026-08-07 09:55:58",224.7,2,raj113
8796,16665701,ManuelWick-Eckl,"2026-08-27 16:01:18",224.6,2,manuelw
8797,16744221,Dizzy1829,"2026-08-29 04:15:48",224.4,1,dizzy1829
8798,16654314,Mahamudul_Hassan_8012,"2026-08-03 18:33:07",223.2,2,mahamudulhassan8012
8799,16621290,"Muhammad Ahsan","2026-07-30 17:35:00",223.1,2,ahsanneural
8800,16656900,Hxrsh09,"2026-08-10 14:39:46",222.9,2,hxrsh09
8801,16708246,StudyForUse01,"2026-08-11 16:58:19",222.6,1,studyforuse01
8802,16639692,"Nirmal Patel","2026-08-06 03:05:27",222.4,2,nirmalpatel02
8803,16780411,K.Satwik,"2026-08-27 16:23:04",222.3,2,ksatwik3220
8804,16778545,Mizunooo,"2026-09-10 10:16:12",222.1,2,mizunooo
8805,16817626,"Jaya Singh","2026-09-15 13:30:37",222.1,2,jayasingh12
8806,16669060,Twansss,"2026-08-15 04:37:59",222.1,2,twansss
8807,16653319,"Md. Rasel Meya","2026-08-06 14:42:18",221.8,2,raselmeya
8808,16656633,N25H03A1028,"2026-08-05 05:18:45",221.6,1,pardhusadhu
8809,16885883,"Stepan Kobaidze","2026-09-16 18:12:28",221.6,2,stepankobaidze
8810,16653941,"Sachin Kumar Kushwaha","2026-08-11 08:45:11",220.8,2,sachinkumarkushwaha
8811,16656515,"Rushal Manandhar","2026-08-06 04:15:01",220.8,1,rushalmanandhar
8812,16700992,Abhishek_1355,"2026-08-25 09:17:08",220.4,1,abhishek1355
8813,16687514,Dark_1926,"2026-08-07 20:30:33",220.3,1,dark1926
8814,16661331,"John Wessel","2026-09-18 00:06:28",220.0,2,johnwessel
8815,16633342,farm75,"2026-08-03 14:03:14",220.0,2,sakthi75
8816,16867344,"shayan yadegaridehkordi","2026-09-12 17:05:44",219.7,1,shayanyadegari32
8817,16845903,"Tsubasa Hizono","2026-09-07 05:47:46",219.5,2,tsubasahizono
8818,16700832,Blitz,"2026-08-10 11:37:18",219.2,1,premshinde
8819,16762162,"Shota Hirao","2026-08-23 12:34:05",219.1,1,shotahirao
8820,16684891,SARTHAK,"2026-08-14 19:07:26",219.1,1,s4rth4k01
8821,16624000,Leneen,"2026-08-31 16:02:47",218.8,1,leneen
8822,16636540,"Burkova Nastia","2026-08-01 13:34:02",218.1,2,"burkovanastia,ellvalerie"
8823,16706134,NK11FC,"2026-08-25 11:30:00",217.5,2,nk11fc
8824,16671342,"Danh Nguyen 1303","2026-08-09 14:47:52",217.4,1,danhnguyen1303
8825,16632724,"Sayan Dutta","2026-08-04 07:47:42",217.3,1,sayan1507
8826,16698886,pied_piper,"2026-08-10 14:11:15",217.2,2,ahanhalder
8827,16711840,OverfitMilkCake,"2026-08-13 06:36:21",216.9,1,overfitmilkcake
8828,16750285,LeEmperor,"2026-08-22 04:36:18",216.5,2,leemperor
8829,16689364,"Udbhav Purwar","2026-08-11 10:12:00",215.9,1,udbhavpurwar
8830,16716386,"Dev Marya","2026-08-13 09:26:18",215.9,1,devmarya
8831,16751141,DeadJed,"2026-08-26 11:10:40",215.6,2,deadjed
8832,16663910,"Shivram Nekkanti","2026-08-07 14:38:04",215.1,1,shivramnekkanti
8833,16696952,tronxz8,"2026-09-09 13:51:31",214.9,1,tronxz8
8834,16657525,"Alae Lakhdar","2026-08-05 08:10:49",214.5,1,alaelakhdar
8835,16701138,superpig,"2026-08-19 09:43:31",214.0,1,geniussuperpig
8836,16777986,小雨姑娘,"2026-08-27 21:51:19",213.8,2,skewcy
8837,16723404,"Mahdi Al Hajji","2026-08-20 02:13:12",213.2,2,mhh1430hacker
8838,16687337,"sravani kamjula","2026-08-07 19:38:39",213.2,2,sravanikamjula
8839,16668024,"Igor Burkov","2026-08-07 04:35:37",213.0,2,igorburkov
8840,16672284,"Dhruv | AI/ML Engineer in Progress","2026-08-07 06:55:13",213.0,1,dhruvdipakchudasama
8841,16663438,"Varun Prajapati","2026-08-08 21:54:54",212.8,2,"krunalasari,varun2206"
8842,16660309,"Hazem Mahmoud Elsayd","2026-08-04 16:34:31",212.6,2,hazemmahmoudelsaid
8843,16675956,"Hassan Alghamoudi","2026-08-10 02:36:36",212.6,2,hassanabdulhafid
8844,16851731,"Amar 5454","2026-09-14 10:28:42",212.3,2,amar5454
8845,16663333,"Iago Moura e Moreira","2026-08-04 20:05:06",212.0,1,iagomouraemoreira
8846,16881244,"Atharva Govind Salunke","2026-09-14 04:58:42",211.5,2,atharvagovindsalunke
8847,16866478,aktk,"2026-09-10 16:43:56",211.4,2,aniltk
8848,16732342,"Viktor Antonov","2026-08-18 10:22:32",211.2,1,viktorantonov
8849,16895191,"Oluwatobi Ojekanmi","2026-09-16 12:53:27",210.8,2,oluwatobiojekanmi
8850,16877079,"Saptak Banerjee","2026-09-11 19:09:58",210.3,1,saptakbanerjee123
8851,16697020,"Hossam elden Mohamed","2026-08-15 01:13:51",210.2,2,hossameldenmohamed
8852,16744461,"Adiratna Kamble","2026-08-21 22:05:13",210.1,1,adiratnakamble
8853,16685568,Secertive,"2026-08-08 17:59:52",209.6,1,secretiveplotter1863
8854,16702060,Mcusac,"2026-08-13 19:42:54",209.5,1,mcusac
8855,16769114,angayoung,"2026-08-25 07:22:00",209.3,1,joaga0603
8856,16660930,"Chung Ching Yeh","2026-08-04 14:44:34",209.0,2,chungchingyeh
8857,16670747,"Aryan Kumar Chaudhary","2026-08-11 22:46:05",209.0,2,"aryankumarchaudhary,rakshitmundra"
8858,16661689,"David Rao","2026-08-04 18:27:01",208.8,1,davidrao63
8859,16841294,"Annu Rana1","2026-09-09 18:12:34",208.7,1,annurana1
8860,16860921,jayjayfff,"2026-09-10 01:25:36",208.7,2,jayjayfff
8861,16773358,yogeshgoudapatil,"2026-08-27 14:59:13",208.6,2,yogeshgoudapatil
8862,16892144,"Ruichen Yin","2026-09-17 16:10:38",208.4,2,superaier
8863,16794720,"paola hernandez55","2026-08-31 04:19:31",208.3,1,paolahernandez55
8864,16660146,4Solver,"2026-08-08 02:06:19",208.1,2,msfbiolinhares
8865,16639615,rickzai,"2026-09-01 05:37:21",208.1,2,rickzai
8866,16668379,dccgps,"2026-08-08 05:44:36",207.6,1,dccgps
8867,16706557,"Nurullah Gundogdu","2026-08-11 17:52:07",207.4,2,nurullahgundogdu
8868,16666414,salyamq,"2026-08-05 16:41:38",207.3,1,salyamq
8869,16660749,"PavanK Saketh","2026-08-04 13:38:48",207.2,2,pavanksaketh
8870,16692652,"Harsith R","2026-08-08 20:26:56",207.2,1,chiefofpredicitions
8871,16623274,Mhmda81,"2026-08-03 00:10:04",207.1,2,mhmda81
8872,16717555,"Mariem GLIOUEZ","2026-09-10 15:21:07",206.6,1,mariemgliouez
8873,16654482,SarahShams,"2026-08-14 16:36:06",206.4,2,sarahshams
8874,16657628,Hamo,"2026-08-07 12:00:21",206.3,2,mohamed2223
8875,16659283,"DILEEP POTHULA","2026-08-08 06:43:15",206.2,2,dileeppothula
8876,16688190,"Win M","2026-08-08 00:28:18",206.1,1,winmet
8877,16663913,"Aanaa Kaliil","2026-08-05 15:15:31",206.0,2,aanaakaliil
8878,16668506,"Louie Tang","2026-08-08 06:56:52",205.7,2,louietang
8879,16682689,HenryRichardson1,"2026-08-07 10:00:12",205.1,1,henryrichardson1
8880,16831130,"Khushar Pal","2026-09-06 15:21:15",205.0,2,khusharpal
8881,16639465,"Gabriel Aguiar Leao","2026-08-02 00:23:49",204.9,1,"gabrielaguiarleao,marcositta"
8882,16656287,sandip_shaw123,"2026-08-05 10:02:07",204.4,1,sandipshaw123
8883,16890196,hello518123,"2026-09-14 08:51:52",204.3,1,hello518123
8884,16665463,Seendon,"2026-08-06 19:19:25",204.1,2,informationminer
8885,16681610,"team maccy","2026-08-07 20:27:06",203.7,1,robertgama
8886,16658311,zkskhurram,"2026-08-05 07:59:40",203.7,2,zkskhurram
8887,16889817,"Om Patelxyz","2026-09-14 07:04:40",202.8,2,ompatelxyz
8888,16826118,shishuyang11,"2026-09-04 06:50:04",202.5,1,shishuyang11
8889,16712395,"Zuohong Pan","2026-08-12 12:15:40",202.4,1,pshuaibi
8890,16724325,Melancholian,"2026-08-15 06:43:12",202.2,1,kasaneru
8891,16730086,HanaGhanem,"2026-08-16 23:44:56",201.5,1,hanaghanem
8892,16885565,"Shiva Rupan S","2026-09-13 11:19:14",201.5,1,shivarupan20me
8893,16723262,"Tiago OliveiraLL","2026-08-28 18:22:12",201.4,1,tiagooliveirall
8894,16674093,"Hoàng Trần Đặng Minh","2026-08-06 08:54:38",200.7,1,hongtrnngminh
8895,16656771,"thushara bandara","2026-08-07 04:13:43",200.4,2,dushyanthibandara
8896,16668438,"Sahil Suman","2026-08-16 17:09:20",200.0,1,sahilmanavraunak
8897,16717586,wangjialu2333,"2026-08-15 09:29:36",199.7,1,wangjialu2333
8898,16769470,HaHHYbYY,"2026-08-26 07:52:33",199.4,1,hahhybyy
8899,16662108,nhkien,"2026-08-05 06:52:18",199.2,2,nhkien
8900,16677786,"[Deleted] aec7dc1f-59cb-486f-998a-d2407e297536","2026-08-26 13:39:08",199.0,2,del=0fde9ba2630fee3c
8901,16665371,"Kevoh Mutwiri","2026-08-24 19:31:27",198.9,2,kevohmutwiri
8902,16651507,jappanini,"2026-08-03 09:14:04",198.3,1,jappanini
8903,16655482,Apoorv007,"2026-08-04 01:55:41",198.1,1,apoorv007
8904,16633133,Holeneckles,"2026-09-16 17:15:47",197.6,2,holeneckles
8905,16625043,"Ivan Litvak","2026-09-16 16:36:06",197.4,2,trydotatwo
8906,16741239,"fjf 1asd","2026-08-19 08:46:31",197.0,1,fjf1asd
8907,16735735,Rishabh@1304,"2026-09-12 10:08:51",196.9,2,rishabh1304
8908,16859770,"Praful Tiwari1","2026-09-14 10:37:58",196.6,1,prafultiwari1
8909,16653906,swaroop41,"2026-08-04 05:53:29",196.1,2,swaroop41
8910,16669473,"William Bickelmann","2026-08-05 17:47:13",195.7,1,williambickelmann
8911,16640914,inconnu,"2026-09-17 12:01:07",195.3,2,kajarnaklokossou
8912,16863892,brunoarpa,"2026-09-10 02:43:09",195.1,1,brunoarpa
8913,16768568,Nour102006,"2026-08-27 04:46:00",194.7,2,nour102006
8914,16661494,"Arulmaniyan Rajavel","2026-08-22 13:46:58",194.5,2,arulmaniyanrajavel
8915,16749225,"Hisyam Prasetyo","2026-08-27 11:26:07",193.9,2,hisyamprasetyo
8916,16679470,"GamaL Mahmoud","2026-08-08 13:33:52",193.7,2,gamalmahmoudtaha
8917,16719771,"Oleg Papulov","2026-09-12 11:31:22",193.6,2,olegpapulov
8918,16675428,"Farhan Khairullah","2026-08-09 16:22:00",193.2,2,farhankhairullah06
8919,16623131,"Liam Carrig Newsam","2026-08-04 00:00:03",192.5,1,liamcarrignewsam
8920,16668048,"Gazi Sayem Uddin Samir","2026-08-05 14:29:51",192.2,2,gazisayemuddinsamir
8921,16656196,"Vishwash Golakiya","2026-08-27 01:07:00",192.2,1,vishwashgolakiya
8922,16706591,"Poorvi Shetty","2026-09-17 23:16:04",191.9,2,poorvishetty1
8923,16679713,"John william Vicente 🇧🇷","2026-08-07 00:38:57",191.8,1,chrollo079
8924,16891082,"surya prakash Nayak2","2026-09-14 10:56:23",191.7,1,suryaprakashnayak2
8925,16854169,"[Deleted] fe7af88d-d80f-4441-a8c5-3cca6b980e41","2026-09-09 12:41:02",191.5,2,del=0749851e202390c3
8926,16684237,Zen_0910,"2026-08-07 17:07:02",191.2,1,zendeptrai
8927,16661252,"Andrzej Walczak","2026-08-05 09:46:19",191.0,2,andrzej1983
8928,16898240,jimmy5566,"2026-09-15 17:41:24",190.9,1,jimmy5566
8929,16823341,"Agnieszka Sobala","2026-09-03 20:15:55",190.9,1,agnieszkasobala
8930,16664315,happy_boy_2007,"2026-08-12 09:04:40",190.7,1,happyboy2007
8931,16697628,"Yash Sharma","2026-08-17 15:33:32",189.7,2,yashsharma42
8932,16838890,"Yisher Xia","2026-09-05 16:09:13",189.0,1,yisherxia
8933,16665223,"Sawon Mitra","2026-09-06 17:13:28",188.6,2,sawonmitra
8934,16724242,"Romash Koirala","2026-08-20 11:34:14",188.2,1,romashkoirala
8935,16644360,Mathous,"2026-08-02 20:28:00",188.0,1,mathisdac
8936,16709957,"Lei Gao","2026-08-12 04:03:42",187.8,1,leigao31
8937,16768453,phicis8911,"2026-09-16 00:41:21",187.3,2,phicis8911
8938,16676992,NIDHIHEER01,"2026-08-16 17:09:00",187.0,1,nidhiheer01
8939,16794292,"Taylor Clark","2026-09-15 06:27:56",187.0,2,taylorclark637
8940,16895750,"charles Ndemo","2026-09-16 13:27:43",185.6,2,charlesndemo
8941,16791131,"Maria Carolina BRAY","2026-09-17 16:09:45",185.5,2,mariacarolinabray
8942,16658577,farmercode261,"2026-09-12 03:26:38",185.3,2,hifnikhakim
8943,16652159,Boson328,"2026-08-04 10:06:13",185.3,1,boson328
8944,16693318,meow3301,"2026-08-09 02:33:34",185.1,2,meow3301
8945,16736759,"Lavesh Kadam","2026-08-18 10:55:05",184.4,1,laveshk314
8946,16891040,"Nasri Siwar","2026-09-17 10:17:38",184.0,2,sassounasri
8947,16666037,"Matheus Marques","2026-08-06 06:03:28",183.9,2,mathmarquesbr
8948,16840189,"Sneha yadav","2026-09-18 04:04:52",183.4,2,sneha463
8949,16807557,coolz,"2026-09-09 06:35:51",182.2,2,cooolz
8950,16727681,JanV123,"2026-09-06 05:37:07",181.7,2,janv123
8951,16718139,"shah jatin","2026-09-14 15:40:49",181.6,2,shahjatin
8952,16730922,"Shengyuan Yin","2026-09-13 08:07:37",181.3,2,flaming0
8953,16664458,"Prantik Chandra","2026-08-05 05:47:10",180.8,1,prantikchandra
8954,16802035,"sanchit atre","2026-09-01 09:31:07",180.6,2,sanchitatre
8955,16915627,"Yash Pratap Singh","2026-09-17 14:59:02",180.1,1,yashpratapsingh10
8956,16659929,"MAMADOU LY (LY BOUSSO 45)","2026-08-13 11:43:25",179.7,2,mamadoulylybousso45
8957,16663945,anyasri,"2026-08-18 03:52:31",178.8,2,anyasri
8958,16630725,"vaibhav vyas","2026-08-06 10:56:52",178.7,2,vaibhavvyas0
8959,16663448,"Adel I.","2026-08-07 12:55:44",178.6,2,adelid
8960,16717600,"Collistus Kibe","2026-08-21 22:13:38",178.6,2,collistuskibe
8961,16663334,"sameer mughal","2026-08-29 20:12:57",178.5,2,sameermughal109
8962,16677328,"Eng. Husnain","2026-08-08 13:13:23",178.4,2,enghusnain
8963,16662630,"M.mohamed Muhasir","2026-08-05 18:25:39",177.9,2,mmohamedmuhasir
8964,16658693,leehuilong,"2026-08-06 12:49:22",177.6,2,leehuilong
8965,16860288,"VIKASH YADAV","2026-09-18 09:07:57",177.5,2,vikashyadav05
8966,16869551,"Adrien ple","2026-09-11 12:48:34",177.4,2,adrienple
8967,16734896,pattikamo,"2026-08-27 10:52:28",177.4,2,pattikamo
8968,16698307,AnasAl7,"2026-08-10 13:08:08",177.1,2,anasal7
8969,16662933,"Marcelo Pereira","2026-08-19 01:14:40",177.0,2,marcekkusrp
8970,16674390,yangluo1,"2026-08-08 01:31:08",176.7,2,yangluo1
8971,16658033,"sanjay Ghalagi","2026-08-27 15:29:34",176.5,2,sanjayghalagi
8972,16780986,Azizbek,"2026-09-01 14:26:45",176.3,2,miracle88
8973,16871895,"Sahil Raval","2026-09-15 10:57:48",176.0,1,sahilraval1311
8974,16654098,"Mohd Zaki","2026-08-26 01:46:45",175.4,2,mdzaki08
8975,16632111,"Arda Çiftçi","2026-08-04 20:03:37",175.3,2,ardaciftci
8976,16656278,"Bhuvaneshwari Rebba","2026-08-04 09:20:36",174.9,1,bhuvaneshwarirebba
8977,16635248,eosphor,"2026-08-01 09:46:59",174.6,2,eosphor
8978,16712562,"Sagar Singh","2026-08-17 09:28:26",174.5,2,acrejzz
8979,16692568,"Muhammed Gulfam Toor","2026-08-13 19:04:32",174.5,2,gultoor
8980,16773333,"Abdullah javed Javed","2026-09-05 03:13:57",174.5,2,abdullahjavedjaved
8981,16914127,"Aditya Jha","2026-09-18 06:49:35",174.4,2,theadijha
8982,16654827,"ADITYA KUMAR MISHRA","2026-08-03 20:07:22",174.0,1,aditya1kumarmishra
8983,16691502,"DILANE FOGUE KAMGA","2026-08-08 15:20:05",173.4,1,dilanekamga
8984,16657306,"Krunal Chavda","2026-08-07 21:38:11",173.4,2,krunalchavda21
8985,16668018,"DAVID CHEW HL","2026-08-06 06:36:34",173.1,2,davidchewhl
8986,16743630,TRP,"2026-09-01 17:06:48",173.0,2,tejratanpaulrocky
8987,16701106,moshito,"2026-08-10 14:13:58",173.0,2,"danamaulana123,moshito,naufaldhiaulhaq01"
8988,16660978,"Maksym Khavil","2026-08-04 13:43:48",173.0,1,maksymkhavil
8989,16658440,"Gloria Lourelynn S","2026-08-04 15:16:09",172.9,1,glorialourelynn
8990,16656954,"Marwan Elmetwally","2026-08-04 05:56:29",172.7,2,marwanelmetwally
8991,16667238,"Srija ganguluri","2026-08-07 10:14:48",172.4,1,srijaganguluri
8992,16685093,"Huzaifa Inam","2026-08-07 13:47:15",172.1,2,huzaifainam
8993,16832928,"Ilgar Gurbanov","2026-09-10 12:41:23",171.8,2,ilgargurbanov57
8994,16715354,"Alyssa Clark","2026-08-14 02:52:26",171.6,2,a1yssaclark
8995,16657892,"Boonanan namna","2026-08-17 04:36:04",171.6,1,boonanannamna
8996,16677403,bababoy,"2026-08-15 14:55:17",171.5,2,adrienrenard
8997,16671985,"vishal waghchaure","2026-08-07 09:25:36",171.5,2,vishalwaghchaure
8998,16629441,Sofia_Gilka,"2026-09-18 10:23:14",171.4,2,sofiagilka
8999,16656210,"Sanjay Suthraye","2026-08-04 14:55:13",171.2,2,sanjaysuthraye96
9000,16713329,qrcodeTH,"2026-08-13 08:22:40",171.2,2,thanaphumsaywonin
9001,16766274,"Satwato Dey","2026-09-18 06:50:53",170.8,2,satwato
9002,16655573,"Probablyaphilosopher ","2026-08-16 00:01:40",170.7,2,probablyaphilosopher
9003,16785085,"THEEPAN S.S","2026-08-28 16:35:39",170.7,2,theepanss
9004,16784932,"Shefali Pradhan","2026-08-29 10:03:30",170.7,2,shefalipradhan
9005,16660285,"Sawan Kohli","2026-08-06 13:11:44",170.5,2,sawankohli
9006,16680858,"Harshul Gupta","2026-08-21 04:40:05",170.5,2,harshulgupta77
9007,16784431,"Régis Meyssonnier","2026-08-28 14:47:27",170.4,1,rgismeyssonnier
9008,16670462,"Talha Kayar","2026-08-15 15:24:03",169.8,2,talhakayar
9009,16658401,"Aryan Lonare","2026-08-04 09:55:47",169.8,2,aryandyalullonare
9010,16670662,"Gina Lee","2026-08-11 22:45:21",169.7,2,ginaleegdm
9011,16658898,"SRI shiva","2026-09-16 04:42:25",169.6,2,srishiva
9012,16912044,"[Deleted] 0b2c3d58-9494-483e-ad4c-1465b66166ca","2026-09-17 08:46:46",169.6,2,del=2e39a6893da554dc
9013,16657227,"Anusha Marla","2026-08-04 07:05:53",169.5,2,anushamarla
9014,16683903,Saju,"2026-08-17 11:31:45",169.4,1,sajutr
9015,16897043,"Suyog Dahal","2026-09-15 12:57:27",169.2,1,uzumakidahal
9016,16737641,"PATIL ATHARV VIJAYKUMAR","2026-09-07 05:35:17",169.1,2,"atharv095022,patilsarthakvilas,sonuretusharsuresh"
9017,16752120,"Görkem Tuğ","2026-08-24 10:45:35",169.1,2,grkemtu
9018,16713002,"Adithya M","2026-08-13 15:42:17",169.0,2,adithya3907
9019,16724995,dice1494,"2026-08-16 08:51:34",168.6,1,dice1494
9020,16654124,"Aditya Kumar Singh","2026-08-05 09:57:29",168.6,2,adityq121608
9021,16793392,"reda elkrouchni","2026-09-02 16:16:05",168.5,2,redaelkrouchni2
9022,16757671,xxxxc47,"2026-08-22 08:25:52",168.4,1,xxxxc47
9023,16672322,"khalil ur Rehman","2026-08-13 05:10:03",168.4,2,khalilurehman
9024,16750391,"Batuhan Yerebasmaz","2026-08-20 18:34:21",168.4,2,batuhanyerebasmaz
9025,16653462,"Ruchi Scott","2026-08-12 12:19:19",168.3,2,ruchiscott
9026,16661969,"Raja T","2026-09-17 13:08:26",168.2,2,rajathiagaraj
9027,16681895,Akshar,"2026-08-07 06:16:19",168.1,2,aks0625
9028,16690112,"Ayush Tripathi","2026-08-17 09:03:03",168.0,2,ayushtripathi112
9029,16654384,"Alladi Sai Kalyan Raman 24BCE1509","2026-08-30 09:33:11",167.9,2,alladisaikalyanraman
9030,16712568,"Tanvi Dobariya","2026-08-14 17:39:52",167.6,1,tanvidobariya
9031,16623563,"Jocelyn Dumlao","2026-09-01 02:35:54",167.5,2,jocelyndumlao
9032,16793648,Sarda___,"2026-08-30 16:51:21",167.5,2,brainnotfound3
9033,16697466,"hunain shahid","2026-08-11 06:12:38",167.4,2,hunainshahid230
9034,16799001,"Trịnh Quang Minh","2026-09-01 05:16:32",167.3,1,trnhquangminh140
9035,16748453,LINJINYAN,"2026-09-06 14:25:23",167.2,2,linjinyan
9036,16688165,"David @ Koantek","2026-08-25 23:53:17",166.9,2,artificialbrilliance
9037,16664875,SaiSujitPunukollu,"2026-08-05 05:46:11",166.5,1,saisujitpunukollu
9038,16752481,"Thanh Toan","2026-08-21 08:33:13",166.4,2,tonnglthnh
9039,16690188,Anurag,"2026-08-08 10:20:42",166.2,2,kumaranu2007
9040,16656164,"Justin Schomer","2026-08-09 09:05:59",166.1,2,fathersecurity
9041,16831839,"Manav Tejani","2026-09-18 08:54:44",165.9,1,manavtejani
9042,16670777,"Aman Yitbark","2026-08-13 05:43:27",165.8,1,amanyitbark
9043,16756875,"Meryem Kevser Keskin","2026-09-01 21:30:35",165.7,2,meryemkevserkeskin
9044,16632418,"Bretokce 3amich","2026-08-07 12:18:26",165.7,2,bretokce3amich
9045,16886819,"Rebecca Shirievo","2026-09-16 17:29:07",165.5,2,rebeccashirievo
9046,16662803,"Ashish Gawade","2026-08-04 19:11:19",165.3,2,ashishgawade
9047,16659271,Hamish,"2026-08-12 12:48:51",165.3,2,hamishdickson
9048,16669142,"Jaclyn Agee","2026-08-07 15:21:06",165.2,2,jaclynagee
9049,16664586,"Owen Lim","2026-08-05 05:42:25",165.0,2,owenlim45
9050,16668495,Herisitraka,"2026-08-05 17:16:28",165.0,2,herisitraka
9051,16688288,"Ojo Oluwadamilare","2026-08-08 01:43:30",164.5,2,ojooluwadamilare
9052,16683577,"Ankush Kumar M","2026-08-07 13:19:05",164.2,2,ankushkumarm
9053,16690195,"Manshi Shukla","2026-08-08 10:12:24",164.0,2,manshishukla
9054,16633003,"K Mukhiya ","2026-08-01 12:09:51",163.9,2,kmukhiya
9055,16864193,"[Deleted] b3063c6b-024a-4ece-902e-6edde232fe9f","2026-09-10 06:27:50",163.9,2,del=d26e59586a26ce18
9056,16697339,"Muhammad Safwan Ahmad Saffi","2026-08-15 00:28:21",163.6,2,safwanahmadsaffi
9057,16657344,"Ombayo fredrick","2026-08-04 14:04:04",163.5,2,ombayofredrick
9058,16889278,"Ari Kurniawan92","2026-09-14 08:32:53",163.1,1,arikurniawan92
9059,16686834,Kaabbil,"2026-08-09 16:14:49",163.0,2,"dr3aking,kaabbil"
9060,16918569,"Ashee Softworks","2026-09-18 05:59:35",162.9,1,asheesoftworks
9061,16632458,"RAMAN BANSAL","2026-08-24 04:35:56",162.8,1,ramanbansal
9062,16676026,"Bedashree Swarupa Das","2026-08-06 14:14:21",162.7,1,ashokkumardasbedashr
9063,16715896,新木,"2026-08-18 05:25:46",162.5,1,sunchief
9064,16707062,"G DOLANARASIMHA","2026-08-11 12:18:02",162.5,2,gdolanarasimha
9065,16657578,raushancoursework,"2026-08-05 06:54:51",162.2,1,raushancoursework
9066,16730380,"FOKRUL ISLAM LECTURER","2026-08-19 01:56:28",162.0,2,fokrulislamlecturer
9067,16814946,"Bekama Regasa Negewo","2026-09-03 07:30:36",162.0,1,bekamaregasanegewo
9068,16662269,"KAMLESH KUMAR POKHARNA","2026-08-06 17:25:51",161.9,2,kamleshkumarpokharna
9069,16777923,Sho,"2026-09-17 22:18:59",161.8,2,shoito08190904
9070,16629426,"Abdullah Qureshi","2026-07-31 10:00:44",161.2,2,abdullahqureshi120
9071,16625029,Hilarus,"2026-08-01 15:59:02",161.2,2,hilagbag
9072,16658522,"Amna khanii23","2026-08-07 05:15:47",161.0,2,amnakhanii23
9073,16721941,"Rita Ohabuenyi","2026-08-14 12:57:37",161.0,2,ritaohabuenyi
9074,16671232,"sms tcil","2026-08-07 13:03:30",160.7,1,smstcil
9075,16714589,xinsu9898,"2026-08-16 22:26:49",160.6,1,xinsu9898
9076,16795043,"SONU RAUT","2026-09-05 11:51:59",160.5,2,sonuraut
9077,16663265,"Darlington Ayakazi","2026-08-04 20:26:08",160.4,1,darlingtonayakazi
9078,16777407,"Fahrur Rozzi","2026-08-26 23:01:52",160.4,1,frozzi18
9079,16893966,"Nguyễn Thái Duy","2026-09-15 08:12:14",160.3,1,nguyenthaiduytgu
9080,16725990,"Parth Tomar","2026-08-24 12:35:45",160.2,2,parthtomar193
9081,16667886,"Ubaid ur rehman 0345","2026-08-05 15:23:12",160.0,2,ubaidurrehman0345
9082,16657462,"CROP CODERS","2026-08-10 18:00:28",160.0,2,"dhanvanthraj,raghavan9944,shanmugam666,sitha2345,sumaiyahibrahim"
9083,16723068,"Clara Lima Silva","2026-08-21 21:39:57",159.9,1,claralimasilva
9084,16640468,"Sohangkumar Patel","2026-08-26 15:00:44",159.8,2,samsamurai
9085,16907555,"Pandidurai E","2026-09-17 16:08:13",159.7,2,pandiduraie
9086,16658635,"Deepak Kumar ","2026-08-05 02:38:29",159.5,2,deepak2026ml
9087,16690433,"Amar Amar Gupta","2026-08-15 10:08:37",159.2,2,amaramargupta
9088,16624973,"Mrunmayee Kulkarni","2026-07-31 06:16:46",159.0,1,kulmrun
9089,16667231,bettsy,"2026-08-05 12:12:35",158.9,2,bettsy
9090,16633551,"Subarno Sen","2026-08-25 04:42:35",158.7,2,lordfiftyfive
9091,16641277,Zenieverse,"2026-08-30 05:09:04",158.6,2,zenieverse
9092,16662099,"The Algorithmist","2026-08-04 23:41:59",157.9,2,riyagheewala
9093,16722089,"Saidjon Ramazonov","2026-08-16 05:51:50",157.9,2,saidjonramazonov
9094,16718605,"صفاء عبد الرقيب","2026-09-06 19:27:10",157.7,2,bssgirl
9095,16637099,tobhull,"2026-09-09 01:58:40",157.7,2,tobhull
9096,16729010,"karan sankhe","2026-08-16 15:15:45",157.5,2,karansankhe1356
9097,16802348,Shergill_17,"2026-09-01 11:17:15",157.5,2,shergill17
9098,16658969,"Yuri Maslov","2026-08-04 10:11:45",157.3,1,yurimaslov
9099,16658189,"Zale John","2026-08-26 00:48:24",157.1,2,zalejohn
9100,16697143,"Jeisa Mathew","2026-09-06 13:04:00",156.7,2,jeisamathew
9101,16671827,"Shourya Gupta","2026-09-18 05:50:22",156.6,2,siriuspotter
9102,16690199,"Lavkush Yadav","2026-08-08 10:20:55",156.4,1,lavkushyadavcse
9103,16756868,"Anisha Maurya","2026-09-05 19:29:41",156.4,2,anishamaurya
9104,16662662,"Joaquim Jose1","2026-08-04 17:57:03",156.3,1,joaquimjose1
9105,16875898,"Sai Krishna Pakkir","2026-09-11 17:30:49",156.0,2,saikrishnapakkir
9106,16723289,"Caio Saboia","2026-08-28 18:24:29",155.7,1,caiosaboia
9107,16630041,"Devi prashad tripathi","2026-08-03 17:56:58",155.6,1,deviprashadtripathi
9108,16861721,"SJ Gamsyy","2026-09-11 09:40:23",155.4,2,sjgamsyy
9109,16730745,"Aymerou Yaya Koné","2026-09-16 04:57:31",155.3,2,aymerouyayakon
9110,16667968,ChronosData,"2026-08-18 14:25:43",155.3,2,codex5843
9111,16634761,"CHARHBILI Moad","2026-08-07 13:44:23",154.9,1,charhbilimoad
9112,16756887,"Rushika S","2026-09-13 12:26:14",154.9,1,rushikas
9113,16658362,MHaurel,"2026-08-09 15:32:45",154.7,1,hetax17
9114,16662557,"Naman Sudershan","2026-08-05 13:21:08",154.7,2,namansudershan
9115,16705360,Elahi,"2026-08-18 05:49:00",154.5,2,mmelahi
9116,16778908,"PATIL ADITYA PANDURANG","2026-09-01 17:34:33",154.3,1,"jagdalepranavsagar,patiladityapandurang,pavankadam7005"
9117,16666706,baijiachang,"2026-08-05 11:04:21",154.1,1,baijiachang
9118,16858886,twispur,"2026-09-09 07:38:09",153.8,1,twispur
9119,16661447,"Sibel Özbek","2026-08-04 20:50:27",153.7,1,sibelzbek
9120,16697716,ZEO,"2026-08-09 19:43:41",153.5,1,anuppatil29
9121,16654363,"NIKHIL YADAV","2026-08-17 21:20:32",153.3,2,nikhilyadav232223
9122,16739102,"Mithulya Kumarapeli","2026-08-30 03:53:39",153.2,1,sandalim
9123,16662083,ihabkaggle,"2026-08-07 00:42:33",151.8,2,ihabkaggle
9124,16713896,"Quantum Fusion","2026-08-14 12:12:34",151.6,1,gugurobotics
9125,16738778,"DILIP BAVISKAR","2026-09-13 09:12:49",151.5,2,dilipbdilipb
9126,16807010,cjsrudals,"2026-09-13 08:33:47",151.0,2,cjsrudals
9127,16785398,"Vitória Freitas","2026-08-28 20:07:12",151.0,1,vitoriafreitas13
9128,16679979,Pranav6657,"2026-08-07 02:40:48",150.4,1,pranav6657
9129,16661500,"yagnit sutariya","2026-08-04 15:34:39",150.4,1,yagnitsutariya
9130,16659036,"Mohammed Kaif","2026-08-04 10:41:22",149.8,2,mkaif001
9131,16662859,"Mohamed Zahran","2026-08-05 04:41:56",149.5,1,zrnking2012
9132,16827437,kaedehs33-max,"2026-09-08 03:06:50",149.4,1,kaedehs33max
9133,16777666,Lithops1112,"2026-09-05 08:20:21",149.2,2,lithops1112
9134,16701997,zran1t,"2026-08-15 14:10:18",148.9,2,zran1t
9135,16677081,"Brandon Gaston","2026-08-12 23:49:58",148.5,1,mushmon
9136,16740144,Salmon,"2026-08-21 12:55:13",148.1,2,shin3110
9137,16733886,LuisMV8,"2026-09-17 15:11:46",147.9,2,luismv8
9138,16669311,Schoki,"2026-08-17 22:26:49",147.8,2,jensdnisch
9139,16843225,"Tobenna Okeke","2026-09-06 12:09:22",147.7,2,tobezzi
9140,16680419,"Tech Changer","2026-08-17 12:31:58",147.3,1,johnbibin
9141,16729148,"Marco M","2026-08-16 22:51:36",146.9,1,marcoms1000
9142,16840168,"gratefully dumb","2026-09-09 16:11:57",146.7,1,gratefullydumb
9143,16756344,"Pasindu Perera","2026-08-21 19:21:11",146.6,1,amavinperera
9144,16789570,wyananwyanan,"2026-09-16 03:05:19",146.4,2,wyananwyanan
9145,16659062,"MOHAMMAD SUBHAN PASHA","2026-08-17 07:14:09",146.0,1,mohammadsubhanpasha
9146,16731986,Vugar3,"2026-08-17 10:51:29",144.6,2,vuqarxudvrdyev001342
9147,16691729,"ADOLF FAUSTINE","2026-08-18 02:42:39",143.8,2,adolffaustine
9148,16775493,"JOE DEVA JERRY D ","2026-08-26 15:41:55",143.3,1,joedevajerryd
9149,16705490,"KASTHURI DEVI M","2026-08-13 10:42:42",143.0,2,kasthuridevim
9150,16737040,"Joseph Djian","2026-09-09 10:30:17",141.8,2,djian55
9151,16868591,"Lucas A. Rizzieri","2026-09-11 00:22:41",141.5,2,lucasarizzieri
9152,16748612,"Priyadharshini B","2026-08-24 12:06:18",141.4,1,priyadh29
9153,16904721,"Creeper Thánh","2026-09-16 06:35:52",141.0,1,creeperthnh
9154,16686902,"Aaditya Jain","2026-09-14 06:22:21",140.5,2,aadityajain2312
9155,16662334,"Andres Beltran","2026-08-04 22:58:11",140.1,2,andresbeltran05
9156,16707146,kaganou,"2026-08-11 13:19:53",139.7,1,kaganou
9157,16674774,"Dine ALASSANE","2026-08-07 05:53:28",137.7,2,dinealassane
9158,16621565,"salih chindo","2026-08-12 19:45:58",137.7,1,salihchindo
9159,16884753,God111,"2026-09-13 05:22:00",136.3,1,god111
9160,16662142,"Adnan Khan","2026-08-30 06:22:52",135.5,2,iamadnankhan313
9161,16662714,"Amilcar Rodriguez","2026-09-01 04:22:39",134.6,2,amilcarskt
9162,16770924,rohit,"2026-09-12 05:08:35",134.5,2,rohitsrinivasan31
9163,16670547,"Maduako Prince","2026-08-05 22:53:03",134.3,2,maduakoprince
9164,16771841,"Panagiotis Alimisis","2026-09-14 19:04:58",134.1,2,palimisis6
9165,16727876,"Harrison Wachira","2026-08-16 08:50:03",133.7,1,harrisonwachira254
9166,16841612,"Jordan #2","2026-09-10 16:51:25",131.6,2,jordantay
9167,16662230,"Angus Mc Gregor","2026-08-13 21:25:46",131.6,2,angusmcgregor
9168,16680165,"Radwa ALkalifa","2026-08-23 08:39:37",131.4,2,radwahamada
9169,16847667,"Tushar Barman","2026-09-12 20:30:34",131.4,2,tusharbarman
9170,16775483,"Parv Malav","2026-08-26 16:20:27",130.6,2,parvmalav
9171,16756264,query_stop,"2026-08-27 00:24:14",130.6,2,jaared
9172,16656235,"Zain Ul Abideen Samo","2026-08-06 15:22:02",130.6,2,zainulabideensamo
9173,16621770,"Rudraksh Zodage","2026-07-30 20:07:49",130.6,2,rudrakshzodage
9174,16659871,"Abel Kpoton","2026-08-04 20:41:20",130.0,2,abelkpoton
9175,16662123,hannhu40022,"2026-08-04 18:45:07",129.9,2,hannhu40022
9176,16659840,"Dasari Giri Gabrelu","2026-08-05 13:41:11",129.5,2,giridasari
9177,16690499,SuperAI@2615,"2026-08-11 16:42:48",129.5,2,superai2615
9178,16717094,"[Deleted] 3efc3b54-b875-4c05-8e11-1214498e2853","2026-08-13 12:30:26",128.7,1,del=386289f87b91311f
9179,16712406,"L Sangeetha","2026-08-18 01:56:24",128.7,2,lsangeetha
9180,16713435,"Visruti Patidar","2026-08-16 11:18:23",128.5,2,visrutipatidar
9181,16636855,"Wynn Koo","2026-08-01 14:03:04",127.8,1,yongfenggg
9182,16716402,"Shashvat Singham","2026-08-13 10:56:39",127.2,1,shashvatsingham
9183,16912163,"Umar Tabbsum","2026-09-17 14:36:46",126.8,2,umartabbsum
9184,16640323,"KOUSHIK KUMAR DINDA","2026-08-29 01:55:31",126.8,2,koushikkumardinda
9185,16754111,"Kalpana Patki","2026-08-22 16:05:10",126.7,1,kalpanapatki
9186,16681056,"Aryan Jhingan","2026-08-11 18:53:48",126.2,2,aryanjhingan
9187,16654556,anjipoo,"2026-08-05 15:33:04",126.0,2,anjana0812
9188,16653934,"Ayomide Abdulrahmon","2026-08-03 19:22:32",125.9,2,ayomideabdulrahmon
9189,16755329,SBedrosian123@,"2026-08-21 15:07:41",125.8,1,sbedrosian123
9190,16683220,Kongali,"2026-08-10 01:24:37",125.8,2,kongali
9191,16623094,"Claudia Arias Gonzalez","2026-09-17 20:44:44",124.1,2,claudiaariasgonzalez
9192,16661098,"Muhammad aufa azmi","2026-08-04 15:18:35",123.2,2,muhammadaufaazmi
9193,16659041,"uma mahesh23","2026-08-04 11:50:03",122.0,2,umamahesh23
9194,16656643,"Willetta Dettore","2026-08-05 15:33:52",121.4,2,willettadettore
9195,16886704,"mohammed alshokry","2026-09-15 14:06:43",121.2,2,mohammedalshokry
9196,16674328,daniel,"2026-08-06 09:34:23",121.2,1,dkamgamegasoft
9197,16668691,BeltusTebid,"2026-08-05 16:01:45",121.0,1,beltustebid
9198,16626218,"Srishti Gauraha","2026-08-08 05:40:23",119.9,1,srishtigauraha
9199,16793536,yukko08,"2026-09-14 16:37:04",119.5,1,yukko08
9200,16679847,"Julio Contreras","2026-08-21 20:29:09",119.4,2,juliocontreras
9201,16662809,"Chukwu Excellent","2026-08-08 22:06:34",118.8,2,chukwuexcellent
9202,16656815,"Atharva S. Naladkar","2026-08-06 06:46:40",118.8,2,atharvasnaladkar
9203,16658297,"Charishma Pillapalem","2026-08-11 12:46:56",118.6,2,charishmapillapalem
9204,16662547,"hiteshsinh solanki","2026-08-05 07:59:16",118.5,2,hiteshsinhsolanki2
9205,16743822,Surya,"2026-08-19 16:21:21",118.3,1,suryapandian
9206,16661160,"Roobhasridevi P","2026-08-04 14:31:22",117.9,1,roobhasridevi
9207,16659097,noril09,"2026-08-04 11:56:35",117.1,2,noril09
9208,16657486,"Turhan TAS","2026-08-10 09:21:40",116.9,1,turhantas
9209,16623660,"Taylor S. Amarel","2026-07-31 23:36:48",115.4,1,taylorsamarel
9210,16730854,src,"2026-09-14 06:56:17",115.3,2,skthtu
9211,16725070,"Mehak Iftikhar","2026-08-15 13:21:30",115.2,2,mehakiftikhar
9212,16723091,"Naiely Silva","2026-08-28 00:53:34",115.0,1,naielysilva
9213,16731142,yshinok,"2026-09-16 23:32:47",114.6,2,yukishinohara0114
9214,16794281,"adilio freitas","2026-08-30 22:25:36",114.5,1,adiliofreitas
9215,16659308,Attaerabi,"2026-08-05 07:52:52",113.5,2,attaerabi
9216,16662295,"benja cooper","2026-08-04 17:41:28",113.4,2,benjacooper
9217,16765566,DIYANSH_JAIN7,"2026-09-03 10:56:38",113.2,1,diyanshjain7
9218,16676977,"Akash Babu","2026-09-04 06:45:03",112.9,2,akashbabu17
9219,16735064,"Harshada Thorat 129","2026-08-18 03:58:34",111.9,1,harshadathorat129
9220,16898267,Tannybro,"2026-09-17 13:23:06",111.3,1,tannybro
9221,16841368,lware5829,"2026-09-05 20:57:52",111.1,1,lware5829
9222,16762458,"Promise Matorofa","2026-08-24 10:00:04",109.9,2,promisematorofa
9223,16633511,"joshan gladston","2026-08-01 01:19:57",109.6,2,joshangladston
9224,16660342,"Adapa Gopireddy","2026-08-04 12:49:43",109.0,1,adapagopireddy
9225,16662455,"Nenavath Shashi","2026-08-04 18:04:52",108.8,2,nenavathshashi
9226,16731873,"Abhishek Singh Solanki","2026-08-19 07:24:47",108.8,1,realabhi5hek
9227,16719809,"Milanto FR","2026-08-14 05:37:48",108.4,2,milantofr
9228,16657561,Roshdibenrojo83,"2026-08-04 07:19:05",108.4,2,roshdibenrojo83
9229,16798974,huangbin,"2026-09-17 23:59:27",107.4,2,huangbin1
9230,16656685,"Shravani Hibare","2026-08-05 10:15:36",107.0,2,shrahib4725
9231,16746655,"Charan Reddy321","2026-08-25 06:27:38",106.7,1,charanreddy321
9232,16659582,"Srikanth Adivanna","2026-08-04 11:25:45",106.6,1,srikanthadivanna
9233,16626159,"Cảnh Đinh Tiến","2026-08-02 09:17:36",106.4,2,tourist110406
9234,16654509,"Shruti Kondabathula","2026-08-07 18:17:56",105.5,2,shrutikondabathula
9235,16670368,"Gary Gitton","2026-08-19 17:03:04",104.7,2,garygitton
9236,16658695,"Muskan Zahid","2026-08-04 14:14:02",104.7,2,artificial52
9237,16726311,"Prince Diwakar","2026-08-16 12:55:18",104.4,2,princediwaker
9238,16658299,"Bakar Prabowo!","2026-09-05 08:14:32",104.2,2,"galihrattn,kingki19,ranggacarkawan"
9239,16707468,"SBJ 2205","2026-08-12 09:59:33",104.1,1,sbj2205
9240,16641109,zzgtylors,"2026-08-06 06:21:50",103.8,2,zzgtylors
9241,16657303,"Tejas Tiwari","2026-08-04 07:32:17",103.7,1,tejaat
9242,16670552,"Harsh Chaudhary ml","2026-08-05 22:16:25",102.9,1,harshchaudharyml
9243,16677441,"ERREGUI YOUSSEF","2026-08-06 18:02:39",101.8,2,erreguiyoussef
9244,16798631,dzlabs,"2026-09-01 09:57:10",101.4,2,dzlabs
9245,16654559,"Kerem Ali AVCIOĞLU","2026-08-03 19:28:49",101.3,2,keremaliavciolu
9246,16658666,"VMax Agents","2026-08-04 10:57:49",99.0,1,"akhiildheep,mithun5353"
9247,16691542,Tushar_SVC,"2026-08-11 04:12:09",98.0,2,tusharsvc
9248,16848578,"Tuấn Anh","2026-09-09 04:28:16",97.7,2,tuananhdata
9249,16848280,"Oladipupo Olapoju","2026-09-08 00:24:32",97.3,2,pupoolapoju
9250,16663161,"Pial Mahmud","2026-08-17 10:38:21",96.8,2,pialgroup
9251,16660340,"pawan sondhiya","2026-08-07 06:22:38",96.8,2,pawansondhiya
9252,16743241,"Adhvaith KS","2026-09-02 14:30:35",96.4,1,adhvaithks
9253,16744618,"Roberth Douglas UFC","2026-08-27 16:33:10",95.3,2,roberthdouglasufc
9254,16669346,"Jalpesh Vasa","2026-09-17 19:32:59",95.2,2,"deep1812,jalpeshvasa"
9255,16662243,"Cepeda Braxton","2026-08-04 19:31:54",94.5,2,cepedabraxton
9256,16665079,"Maguluri Keerthi","2026-08-05 06:16:03",93.7,2,magulurikeerthi
9257,16913975,"Tom Dooley","2026-09-17 11:48:20",93.6,2,tomdooley123
9258,16656240,"SACHIN KUMAR","2026-08-10 03:13:24",92.3,2,sackm123
9259,16735323,"Souvik Routh","2026-08-18 04:30:21",91.5,1,souvikrouth
9260,16666273,"Wondu Zerihun","2026-09-08 07:55:57",91.1,2,zerihun369
9261,16857111,tfcygv,"2026-09-09 00:09:00",89.7,2,tfcygv
9262,16621519,Ᏸ𐍂Ꭷ,"2026-07-30 17:30:30",89.5,2,dheerajkannaujiya
9263,16667489,"Cornol Lieto","2026-08-05 12:31:14",88.6,1,lietocornol
9264,16803074,"fumihito mori","2026-09-01 14:00:16",88.1,1,fumihitomori
9265,16659451,anero98,"2026-08-22 20:47:29",88.0,2,anero98
9266,16915882,BandaruLakshmi1234,"2026-09-17 16:50:15",86.5,1,bandarulakshmi1234
9267,16700316,"Pranav Waghmare","2026-08-11 16:29:05",86.3,1,waghmarepranav6
9268,16623953,"Denuwan Wijesinghe","2026-08-01 07:57:04",85.2,2,denuwanwijesinghe
9269,16867360,kagg24293,"2026-09-11 08:19:36",84.3,2,kagg24293
9270,16656485,stunningvn,"2026-09-08 07:40:44",82.6,2,dedquoc
9271,16666836,"Emir Ayvaz","2026-08-07 05:57:00",82.0,2,emirayvaz
9272,16654711,"Rupam Bhattacharjee1","2026-08-14 16:43:07",81.8,1,rupambhattacharjee1
9273,16663277,"Mariana Mejía","2026-08-24 23:58:54",81.7,2,marianameja
9274,16769234,"Akshar #2","2026-09-03 09:38:13",80.3,2,aksharzala
9275,16707646,ppssbb09,"2026-09-17 13:40:43",80.3,1,ppssbb09
9276,16661419,"Shivansh Soni","2026-08-04 15:08:01",80.1,2,shivanshsonii
9277,16808545,"Qinyong Wang","2026-09-02 11:53:03",79.1,2,magicwqy
9278,16665345,saurabh10june,"2026-08-05 11:53:47",78.9,2,saurabh10june
9279,16693819,"Hossein Shad Manaman","2026-08-12 03:14:58",78.8,2,hosseinshadmanaman
9280,16904320,"Flying Duck","2026-09-17 04:24:31",77.4,2,dreame1
9281,16663897,jayaBhavagan,"2026-08-05 19:34:36",76.7,1,jayabhavagan
9282,16858278,"Sukma Ramadhan A","2026-09-12 13:22:49",76.1,2,sukmaramadhana
9283,16714335,"Jake Mordan","2026-09-06 22:35:04",76.0,1,jakemordan
9284,16678283,"Ajinkya Digurkar","2026-08-21 10:56:03",75.9,2,"ajinkyadigurkar,sakshiagrawal8818"
9285,16656777,"Salam Alqerem","2026-08-31 10:59:33",74.0,2,salamalqerem
9286,16667773,ShashankJha,"2026-08-11 15:41:47",73.6,2,shankinfy
9287,16867026,"Aashish Bagmar","2026-09-11 05:14:45",72.6,2,aashishbagmar
9288,16794173,"Kamran Arshad","2026-08-31 07:19:49",72.5,2,kamranarshad
9289,16736939,"Flandre 29","2026-08-26 08:23:01",72.1,2,flandre29
9290,16789546,"lsm jii","2026-08-29 08:48:51",71.8,2,lsmjii
9291,16657055,RedKiwi,"2026-08-05 05:57:34",71.3,2,tnmthai
9292,16659675,"M.Athallah Rafif Aldera","2026-08-06 12:40:14",69.6,2,mathallahrafifaldera
9293,16728931,Sathwik2006,"2026-08-16 14:25:36",68.9,2,sathwik2006
9294,16735237,"YASH CHIMAN","2026-08-18 04:20:24",68.2,1,yashchiman
9295,16655748,revathip,"2026-08-06 06:00:14",67.3,2,revathiprakash
9296,16680428,"Surabhi veda","2026-08-07 01:49:35",66.6,1,surabhiveda
9297,16663406,"Elshan Kazim","2026-08-16 08:38:43",66.4,1,elsnkazm
9298,16633018,purelilyth,"2026-08-20 19:43:09",66.0,2,purelilyth
9299,16660886,"Dr.Eldirdiri Fadol ","2026-08-05 05:30:48",65.5,2,dreldirdirifadol
9300,16658100,"Nanda Riansyah","2026-08-04 08:55:54",64.3,2,nandariansyah
9301,16710773,Openaiskrip,"2026-08-12 07:54:38",64.0,2,openaiskrip
9302,16785053,"Rinosh Bethala","2026-08-28 17:52:26",63.9,1,rinoshbethala
9303,16846758,"Harish More","2026-09-07 07:44:25",62.9,2,harishmore812
9304,16730708,ysakuragi,"2026-08-19 01:30:12",62.5,1,ysakuragi
9305,16666072,Abinash,"2026-08-05 15:07:52",61.6,2,abinashsinha1726
9306,16835282,nico23t,"2026-09-07 14:18:22",61.1,2,nico23t
9307,16770096,Program,"2026-09-14 11:35:12",59.3,2,panagiotapanora
9308,16785477,"ASHMIL P URK25CS7129","2026-08-28 18:26:11",59.1,1,ashmilpurk25cs7129
9309,16761521,"Artificial Silicon","2026-08-29 10:17:46",58.6,1,artificialsilicon
9310,16668599,"Hafsa Anwaar","2026-08-05 17:43:21",58.3,2,hafsaanwaar
9311,16661711,"Wild Star217","2026-08-30 18:00:18",57.8,2,wildstar217
9312,16654087,Gabriela_Fernandes4,"2026-08-04 19:12:33",57.7,1,gabrielafernandes4
9313,16721501,αίνιγμα,"2026-09-17 15:57:56",56.5,2,"muditnagori09,shahidnadaf001"
9314,16698958,"Shanjaya SK","2026-08-28 15:25:11",55.7,1,"payuu03,shanjayask"
9315,16761007,"Pankaj Nakhat","2026-08-23 11:48:21",54.6,2,pankajnakhat
9316,16698953,Locked_in_hell,"2026-08-13 18:31:55",52.0,2,stealthknight
9317,16716562,"Ananya Maurya","2026-08-13 10:01:25",50.1,2,ananyamaurya
9318,16881964,"Vipeen Kumar","2026-09-16 13:58:16",50.0,2,vipeen
9319,16667339,"Victor Chege","2026-09-01 13:56:51",50.0,2,victorchege0
9320,16780027,rotto,"2026-09-01 13:18:33",49.3,2,pirotototo4023
9321,16714192,"Nishanth Palugula","2026-08-14 06:51:09",47.9,2,nishanthpalugula
9322,16679410,"Leke Glean","2026-08-07 17:29:04",45.1,2,lekeglean
9323,16640594,Win2207,"2026-08-07 12:05:07",44.4,2,win2207
9324,16644474,"Vihaan Ahluwalia","2026-08-05 13:16:21",44.1,2,vihaanahluwalia
9325,16731524,"Tsyrenov Mergen","2026-08-17 09:42:39",43.3,1,tsyrenovmergen
9326,16684847,"M.Harshavardhan Raju","2026-08-09 16:15:49",41.0,2,mharshavardhanraju
9327,16675209,lavica,"2026-08-11 13:23:03",40.6,2,lavica
9328,16673372,"Hadyan Adira","2026-08-14 03:16:30",39.3,2,hadyanadira
9329,16660161,"Antimo Carlino","2026-09-08 19:09:46",37.4,2,antimocarlino
9330,16705637,"Vedant Ghodekar","2026-08-11 05:28:57",35.8,1,vedantghodekar
9331,16644519,"Shambhu Shekhar Sinha","2026-08-12 18:55:43",34.7,2,shambhushekharsinha
9332,16633932,omikbop,"2026-08-02 12:36:52",33.2,2,omikbop
9333,16716079,shaurya_pandey@19,"2026-08-13 09:27:49",32.3,2,shauryapandey19
9334,16675819,RohitS001,"2026-08-11 18:05:54",30.5,2,rohits001
9335,16719441,Gatranova,"2026-08-14 04:11:54",29.8,2,rafiabiyyuairlangga
9336,16792786,"Fusion Flux","2026-09-07 06:29:03",29.3,1,mithilleshkumar
9337,16839644,Mikhail,"2026-09-06 06:52:57",28.4,1,mih2501py
9338,16784650,LukasM1,"2026-08-28 14:15:24",28.1,1,lukasm1
9339,16667959,"Fourth Quadrant","2026-09-17 05:51:24",25.3,2,flynnfei
9340,16656753,"TAMAL SINGHA ROY","2026-08-05 07:57:48",24.5,2,tamalsingharoy
9341,16723050,"Ítalo Albuquerque","2026-09-11 18:32:23",23.9,2,taloalbuquerque
9342,16662721,"Manish Sharma","2026-08-12 17:44:16",23.9,2,themihirsharma
9343,16624064,"Hemant Ahlawat","2026-07-31 15:52:56",23.1,2,happyahlawat
9344,16665139,"Siddharaj Kulkarni","2026-08-16 05:23:21",22.9,2,siddharajkulkarni
9345,16771156,"Ronald Ayamba","2026-08-25 19:16:26",21.4,1,ronaldayamba
9346,16633250,Myst19,"2026-08-03 13:25:15",20.6,2,jakeschweikhart
9347,16852322,"Harshit Varma45","2026-09-08 03:54:30",19.8,1,harshitvarma45
9348,16708290,"Hrishikesh Thakare","2026-08-12 14:45:08",18.9,1,hrishikeshthakare
9349,16676428,wayzhengong27,"2026-08-08 06:34:59",18.2,2,"kkkuek,wayzhengong27"
9350,16654026,"joju shaji","2026-08-09 16:36:43",17.2,2,jojushaji
9351,16632413,"Varun Patil","2026-07-31 18:41:34",16.1,1,varunpatil262005
9352,16868098,"Arya Patil","2026-09-11 08:00:49",15.3,1,shutterstack
9353,16687628,ruchit,"2026-08-28 11:22:16",13.2,1,ruchitkhade
9354,16696104,"Harshit Meesari","2026-08-09 14:31:00",13.1,1,harshitmeesari
9355,16720136,"Roaring Cotton","2026-09-15 20:07:58",10.5,2,daviddavidelijah
9356,16721495,"404 Crop Not Found","2026-09-01 08:45:29",7.0,2,"aiprojector,boazx15"
9357,16661152,"Dr.Abdulbaset Musleh","2026-08-19 20:09:26",5.8,2,drabdulbasetaledresi
9358,16673732,"Async Null","2026-08-06 16:55:26",3.8,1,asyncnull
9359,16669011,"Siddiqui Rehan Ahmed Furqan","2026-08-07 05:24:38",2.9,2,siddiquirehanahmed
9360,16658745,"Shabby farms 2.0","2026-08-16 03:10:28",1.9,2,rahulk5418
9361,16755807,PokeTrader,"2026-09-16 16:52:46",1.0,2,poketrader
9362,16721567,"Neeraj Sharma","2026-09-04 07:21:50",0.0,1,neerajsharma897
9363,16778494,"Agda Niya","2026-08-28 06:43:07",-2.1,2,agdaniya
9364,16662922,BrandonDucar,"2026-09-12 23:12:40",-3.5,2,brandonducar
9365,16809774,farmci,"2026-09-02 16:59:50",-5.4,1,ermismel
9366,16659501,Duckey,"2026-08-04 13:02:16",-6.4,2,bokangletsapo
9367,16689555,"kelvin waruingi","2026-08-09 22:45:23",-6.8,2,kelvinwaruingi
9368,16732320,"Malik Muhammad Arbaz","2026-08-18 13:05:51",-7.3,1,malikmuhammadarbaz
9369,16657568,"Manpreet Singh","2026-08-08 13:45:41",-12.4,2,manpreet1994
9370,16780318,"Piyush Darinda","2026-08-27 17:28:07",-13.9,2,piyushdarinda
9371,16664822,"Prateek Singh","2026-08-05 05:30:22",-17.3,2,pra73ek
9372,16674526,"Imdadul hasan hamim","2026-08-13 07:32:37",-23.4,1,imdadulhasanhamim
9373,16811344,"Vineeth Nannuri","2026-09-10 05:19:07",-24.2,2,vineethnannuri
9374,16654404,"Madhan Sidmal","2026-08-11 21:28:45",-27.5,2,madhansidmal
9375,16790678,Pujolaras,"2026-09-03 14:45:14",-27.8,1,pujolaras
9376,16891699,Sriram102,"2026-09-15 04:49:02",-32.4,1,sriram102
9377,16679250,srskat,"2026-08-16 08:26:30",-33.5,2,srskat
9378,16644439," علي ساجد","2026-08-02 21:40:07",-34.1,2,jdvdjdv97171ushd
9379,16731488,"James Kimani","2026-08-27 13:18:20",-34.9,1,jaykim122
9380,16624666,"Avik Das","2026-08-21 08:57:10",-36.1,2,avikdas567
9381,16676890,luciferingstar256,"2026-08-20 15:40:55",-38.7,1,luciferingstar256
9382,16659057,"Jolvin James","2026-08-07 08:04:22",-38.7,2,jolvinjames
9383,16689681,"Prakash Rajan","2026-08-09 16:37:56",-40.1,2,prakashai
9384,16792531,"subash jayakumar","2026-08-30 20:14:56",-49.4,2,subashjayakumar
9385,16735078,"SUDHANSHU PATIL","2026-08-18 04:37:33",-53.2,2,sudhanshupatil10
9386,16755427,"Daksh Jain","2026-08-21 15:18:57",-56.1,1,dakshu081
9387,16622991,"Fedor Grigorev","2026-08-27 15:30:57",-57.0,1,fedorgrigorev
9388,16805234,Ryuzaki2325,"2026-09-01 19:44:54",-61.5,1,ryuzaki2325
9389,16629006,ymym_tymblack,"2026-08-22 09:44:39",-61.7,2,ymymtymblack
9390,16681125,"M & M & P & Q","2026-09-17 00:24:47",-62.4,2,"morimo,msd0110,piiiiiiiii,qistripute"
9391,16758417,AthulJenson,"2026-08-22 14:21:26",-62.4,1,athuljenson
9392,16709661,sapphirey,"2026-09-07 11:21:05",-66.2,2,sapphirey
9393,16663728,"Al'Humairah Ali","2026-08-10 17:28:01",-66.9,1,alhumairahali
9394,16683041,Abhishektyagi649,"2026-08-07 08:37:09",-75.1,2,abhishektyagi649
9395,16713011,"Tasmayu Swain","2026-08-14 15:49:35",-83.2,1,tasmayuswain
9396,16657035,"Christvin Mathew","2026-08-04 08:55:56",-94.2,2,christvinmathew
9397,16885473,Razazazazaza,"2026-09-15 13:23:00",-96.3,2,razazazazaza
9398,16731829,"Alexandra Tricia","2026-08-19 07:03:33",-102.0,2,alexandratricia
9399,16685888,LeulYT,"2026-08-10 05:35:44",-102.7,2,leulyt
9400,16675801,"Neeraj Jha","2026-08-06 13:43:18",-111.3,1,neerajjha1996
9401,16808566,"contemporary dance","2026-09-02 22:44:14",-113.3,2,shigeria
9402,16885774,"Adama Savadogo","2026-09-14 17:34:16",-131.5,2,adamasavadogo
9403,16719181,SaltyCode,"2026-08-16 04:56:22",-149.8,1,saltycode
9404,16695221,"Muhammad Daud Abbas","2026-08-12 20:04:32",-168.6,2,muhammaddaudabbas
9405,16889642,"calvin Grimm","2026-09-14 06:15:04",-168.9,1,calvingrimm
9406,16660261,"YO_ONE CHAUHAN","2026-08-08 23:49:54",-173.9,2,yoonechauhan
9407,16794008,HyperPlanz,"2026-08-31 13:08:38",-178.2,2,domiandr000
9408,16724138,"Tuna Xiao","2026-09-07 15:05:12",-178.5,1,tunaxiao
9409,16668701,"Nihal Jamadar","2026-08-09 04:28:26",-184.8,2,nihaljamadar313
9410,16692837,"Sai Uttam Gite","2026-08-09 11:36:32",-191.6,1,saiuttamgite
9411,16659864,"Twin Titans","2026-08-08 07:50:33",-191.9,2,"sivahokage,solaisararaju"
9412,16717416,"Timofey Kalyak","2026-08-20 07:04:06",-194.2,1,timofeytweaky
9413,16659881,SantosR,"2026-09-08 14:27:04",-194.3,2,santosr
9414,16665495,"sai chand Boppudi","2026-08-07 04:19:58",-198.1,2,saichandboppudi
9415,16728276,"ROHAAN ASIF","2026-08-16 11:20:59",-199.4,2,ordinarydev007
